4.882,21.74,16.237,17.694,4.063,23.275
12.394,23.396,18.955,17.725,9.256,5.627
12.06,22.828,18.536,16.32,7.736,7.259
7.369,22.233,16.006,18.609,5.812,23.937
4.489,23.866,17.983,20.358,3.947,21.784
21.893,9.368,7.792,8.227,11.292,15.461
19.83,9.077,7.51,8.298,12.792,15.283
12.897,10.96,15.428,6.387,8.663,11.986
23.005,7.617,9.115,7.633,10.582,14.911
4.444,22.422,15.335,16.545,4.287,25.062
19.384,8.935,8.206,7.978,9.505,11.627
15.397,10.457,13.614,5.171,10.91,12.525
5.354,22.253,15.263,19.277,4.482,22.488
13.661,9.925,17.546,5.633,9.593,8.983
11.883,22.456,17.861,17.131,8.451,8.16
10.047,22.729,20.126,16.908,8.61,8.062
4.926,21.351,15.266,17.087,6.54,24.03
4.037,21.788,15.074,18.318,3.888,22.68
13.462,10.569,14.076,7.255,9.297,12.955
11.47,10.9,16.694,5.768,8.73,11.556
12.632,7.784,18.508,7.234,11.886,8.965
12.58,24.444,18.36,14.905,7.758,6.448
3.227,23.464,15.158,17.335,4.333,23.584
20.06,7.133,10.213,7.595,9.479,14.466
12.117,10.595,18.511,6.574,9.727,12.755
11.822,24.371,16.992,19.317,6.728,7.291
6.302,23.365,14.953,17.086,4.764,21.223
21.981,7.636,6.174,7.082,9.761,13.512
11.972,26.832,18.735,14.933,7.764,4.946
23.932,8.859,8.678,7.211,10.693,14.796
13.409,22.4,18.121,16.098,9.578,7.237
5.419,22.051,15.203,21.074,4.078,23.44
4.788,23.175,18.077,18.342,4.187,26.426
11.797,9.144,16.404,7.025,8.911,11.856
10.126,9.816,16.297,7.157,6.225,9.573
20.643,7.514,7.464,6.539,10.866,14.442
18.899,11.129,8.077,8.193,9.462,15.888
22.768,8.113,7.048,8.905,11.606,13.851
11.368,26.196,19.172,15.962,6.434,8.753
13.548,21.99,19.27,16.584,7.371,5.88
21.725,8.416,8.457,5.461,11.981,10.688
11.944,23.511,18.52,16.221,7.806,5.384
19.441,5.589,7.127,8.805,10.989,14.678
10.074,23.353,18.929,16.701,9.687,7.561
12.193,23.47,19.411,15.915,7.507,5.962
13.509,9.511,16.092,5.326,12.313,11.966
20.865,9.666,8.897,7.992,14.645,18.324
6.44,20.745,16.204,18.513,4.495,26.67
22.228,6.919,7.15,6.406,10.408,16.569
12.067,22.099,20.277,17.563,8.075,7.87
6.18,21.475,16.686,19.597,3.532,24.032
11.065,10.77,17.258,6.473,11.395,10.985
13.036,10.246,14.444,7.26,10.365,10.263
11.049,24.05,19.419,15.317,9.139,7.788
19.782,8.282,7.489,7.989,10.283,16.428
11.678,25.661,16.859,16.403,5.486,4.428
18.059,8.083,6.488,10.057,8.218,14.306
10.489,22.587,17.148,15.084,6.018,8.631
3.863,23.579,14.183,19.114,5.394,22.227
11.926,9.479,18.181,6.821,8.834,10.397
10.744,22.931,19.8,19.287,7.163,5.747
14.244,10.003,15.731,6.731,6.945,12.851
6.534,21.12,13.674,18.44,3.417,23.872
11.232,23.762,21.775,15.43,6.936,7.36
6.942,22.002,15.983,18.329,5.769,23.67
15.43,10.088,16.919,5.978,9.397,11.245
12.163,10.029,17.337,7.883,10.768,11.073
6.43,20.592,15.565,19.387,5.764,24.431
12.073,22.756,20.463,15.216,7.212,6.908
4.127,23.568,15.283,16.175,4.74,25.752
21.105,8.331,6.854,10.126,10.106,15.155
9.47,23.223,20.29,15.627,5.628,7.611
7.257,22.765,17.526,17.806,6.019,23.889
5.357,20.919,15.386,18.858,2.629,24.662
5.396,22.977,15.63,17.997,6.865,23.358
23.607,10.106,8.205,6.336,8.773,16.206
4.319,22.996,16.808,17.692,4.473,22.862
5.371,20.97,16.641,17.979,4.397,24.265
21.45,8.412,11.43,8.514,8.166,16.222
13.247,22.774,18.462,17.674,5.193,6.97
13.147,11.238,20.094,10.076,9.94,11.995
21.773,11.354,9.009,8.339,8.928,15.009
15.626,11.954,15.18,6.984,10.218,12.466
21.586,8.796,5.583,6.998,10.777,15.623
11.824,24.007,18.246,18.155,6.099,5.349
22.222,7.864,6.05,7.455,10.626,15.522
5.77,21.044,15.003,18.414,3.149,22.812
23.707,9.715,6.585,7.772,10.877,14.864
6.419,21.639,16.413,18.208,4.128,24.787
12.755,23.534,18.326,17.203,5.629,6.935
13.373,23.355,19.774,15.917,7.825,7.28
3.182,19.668,17.599,20.781,4.379,23.658
3.223,21.852,19.159,20.002,6.068,24.009
22.506,8.65,7.064,8.355,11.62,16.433
3.601,21.835,14.929,19.533,2.83,22.113
19.526,10.129,6.142,7.996,9.821,14.043
21.26,9.902,8.37,8.533,10.602,15.63
22.321,7.859,6.926,7.946,9.06,12.535
19.448,8.694,8.892,7.862,11.911,15.85
4.242,19.962,19.455,17.122,4.105,24.335
14.088,9.799,17.869,7.74,10.178,12.726
6.872,21.942,15.68,16.608,4.831,22.095
11.668,8.442,16.02,7.732,10.013,12.813
21.141,6.503,7.929,10.06,10.665,14.359
21.392,8.862,6.438,6.911,10.335,14.755
5.194,21.826,17.519,16.882,5.213,22.721
21.819,6.381,7.701,7.133,9.968,12.976
11.807,22.662,19.28,17.595,6.593,5.596
4.56,20.889,17.692,19.007,3.58,21.373
11.892,10.247,17.102,7.735,10.692,12.92
23.977,6.677,9.637,7.422,10.001,15.135
12.76,8.63,18.016,6.929,11.02,9.164
20.916,9.974,9.777,8.765,11.927,15.836
13.985,8.381,16.723,7.621,9.076,11.783
5.562,20.876,15.96,17.522,5.958,23.125
15.138,13.376,15.415,7.375,10.401,12.058
4.384,22.627,15.365,18.147,4.634,22.181
20.306,8.159,8.501,8.987,8.668,12.475
11.921,23.014,19.771,15.927,7.041,8.314
6.806,22.488,17.119,19.658,3.533,23.948
18.912,9.194,9.381,7.979,11.482,15.04
11.952,22.43,20.342,16.522,7.44,7.649
4.25,21.626,16.381,18.415,4.355,23.323
10.032,23.55,18.937,16.984,7.58,6.268
21.705,8.948,9.722,9.98,9.292,14.122
4.84,22.14,16.072,17.889,6.432,25.53
20.908,8.262,9.195,8.263,11.043,14.181
13.648,10.293,16.954,7.192,11.218,13.195
4.891,21.751,14.841,18.11,5.244,24.448
12.645,24.671,18.845,14.046,7.35,6.246
12.483,10.384,16.983,5.629,11.627,11.486
19.688,8.12,8.636,9.725,10.141,13.929
5.03,23.95,15.637,20.214,4.571,22.297
4.882,21.203,15.992,17.689,6.407,24.792
20.307,7.025,8.474,8.018,7.538,16.743
20.303,8.544,6.207,8.68,12.394,16.526
6.303,20.93,15.939,16.41,3.772,23.16
10.763,9.734,17.602,8.939,8.28,10.511
4.136,21.264,20.129,18.164,4.582,24.456
5.515,23.423,13.626,18.242,3.431,21.36
11.97,9.941,17.165,9.706,10.069,12.651
14.207,10.162,17.322,7.614,10.356,10.601
12.443,25.06,15.99,15.333,8.129,7.192
12.448,21.208,20.15,17.414,8.433,7.883
12.871,8.467,14.923,6.319,11.222,14.452
12.402,24.104,18.142,15.923,6.719,7.568
19.983,9.481,7.377,9.188,11.573,14.703
13.495,22.749,20.102,16.243,6.706,8.147
6.343,21.947,17.975,18.84,4.121,23.81
10.893,23.583,20.792,15.355,8.843,9.234
12.818,22.684,18.839,14.269,5.5,7.445
9.44,23.676,17.223,16.823,7.93,6.306
11.187,23.094,18.709,15.393,7.224,5.578
20.257,10.013,11.784,7.117,9.318,13.409
11.676,23.812,19.784,15.808,7.705,7.451
10.902,12.34,16.856,4.937,11.343,11.195
13.289,10.603,18.582,7.289,10.433,9.966
12.002,25.124,17.38,16.762,6.474,6.83
5.103,20.896,15.506,17.432,6.408,24.53
14.533,8.782,16.068,7.657,10.997,10.987
4.002,21.029,16.662,19.0,3.205,22.589
6.607,20.933,15.744,19.634,3.468,24.037
12.586,24.435,20.831,19.823,7.737,6.64
10.547,9.041,17.979,5.583,6.877,13.841
13.937,9.149,15.231,6.549,11.779,11.093
12.326,11.686,14.703,7.389,12.083,12.302
15.142,11.564,18.03,8.349,10.988,11.26
13.306,9.49,18.476,7.54,8.747,9.615
11.383,23.367,18.136,17.62,9.144,7.276
22.273,9.434,8.512,9.166,9.291,14.263
13.256,12.868,16.8,7.432,12.008,10.992
15.031,8.402,16.582,7.872,9.419,12.785
22.476,8.347,5.235,6.195,10.924,14.799
13.43,11.68,18.722,9.993,11.994,11.696
6.991,19.418,17.151,20.27,5.707,24.192
4.616,20.92,16.16,17.122,4.674,23.248
6.623,23.146,15.458,17.409,4.396,22.408
13.715,10.335,15.833,6.637,10.0,10.57
12.025,22.087,19.479,15.375,7.266,8.489
14.646,8.06,15.048,7.779,11.135,12.429
12.439,23.339,20.087,16.507,7.013,10.014
3.719,22.425,17.416,19.372,4.914,24.635
6.734,21.572,17.734,17.734,5.576,22.853
3.662,20.69,15.207,20.13,4.138,22.319
2.444,20.357,15.324,18.658,4.951,24.478
14.033,23.784,19.531,16.937,8.171,7.336
12.525,22.16,19.877,15.657,7.522,7.305
22.571,5.528,8.691,7.524,9.807,13.994
4.477,21.499,15.36,18.186,3.865,24.98
4.919,21.343,19.76,18.745,2.441,21.131
11.783,11.241,17.006,6.67,10.197,11.19
11.798,6.518,14.092,8.003,10.601,11.466
11.421,23.291,21.251,14.699,9.817,8.344
14.54,8.042,16.985,5.702,9.603,11.644
13.183,24.279,19.899,14.91,8.066,6.382
13.67,8.033,16.145,8.255,11.445,10.825
13.003,10.408,17.797,7.9,10.473,11.103
3.418,21.847,16.152,18.281,2.852,22.409
13.11,11.934,15.009,5.312,10.017,11.604
10.022,23.435,20.453,16.452,9.286,9.037
21.432,8.952,6.978,8.045,10.014,14.403
9.385,24.917,19.068,16.76,6.398,8.966
6.379,18.598,16.338,19.235,5.733,22.755
12.334,10.606,16.653,7.26,11.519,14.62
5.072,18.387,20.768,18.648,4.835,21.864
21.792,8.512,9.168,6.548,9.098,13.442
19.81,10.421,6.326,7.27,9.381,15.707
4.112,22.133,16.181,17.569,3.998,22.241
3.158,21.34,17.733,23.208,3.282,24.222
5.265,20.953,16.196,19.079,2.116,24.187
5.51,21.397,15.743,18.649,5.651,23.164
20.601,9.288,5.552,4.405,10.718,16.017
13.061,23.089,19.413,16.24,7.321,7.747
15.698,26.1,18.738,16.162,8.631,9.48
20.733,9.806,5.528,6.714,12.498,11.894
11.342,24.234,21.148,16.79,8.839,7.141
10.892,11.603,16.595,6.481,8.333,12.268
12.686,9.562,16.504,4.65,9.823,9.267
11.121,25.445,20.737,15.726,6.833,6.22
5.45,21.289,19.126,19.0,6.623,25.072
11.636,23.737,20.191,17.336,6.065,8.42
5.437,22.573,17.269,19.879,5.389,24.43
6.283,20.825,17.072,17.345,5.305,23.683
13.292,23.786,17.794,15.917,6.699,6.584
23.318,7.474,7.374,8.019,8.645,15.329
10.694,23.259,15.066,15.06,7.133,5.939
10.444,23.817,18.332,13.195,7.97,7.39
10.746,23.489,18.498,14.705,7.841,7.12
11.227,23.296,18.097,16.236,4.633,7.951
11.883,22.884,17.183,16.598,9.707,6.375
13.22,9.86,17.644,6.026,9.96,11.699
11.692,23.093,18.432,17.547,6.154,7.85
4.531,23.199,15.461,18.409,2.681,25.098
22.414,10.056,9.923,8.321,9.916,14.455
13.152,9.526,16.166,6.977,9.648,12.709
13.065,23.233,21.049,17.321,8.118,8.74
4.267,24.302,17.213,17.46,4.484,24.086
7.057,21.881,15.877,21.409,4.588,24.02
11.407,10.389,15.713,6.42,9.408,11.781
5.873,19.779,16.474,18.597,4.036,23.343
19.364,7.653,6.142,9.615,11.697,15.698
6.709,23.125,17.223,17.772,3.458,23.061
19.123,8.13,9.106,9.899,9.42,16.465
14.1,8.809,16.874,6.039,11.465,10.373
3.754,21.381,17.45,18.473,5.954,24.119
13.48,10.416,16.413,6.862,11.002,12.491
6.28,19.902,16.094,19.337,1.207,25.317
9.684,23.77,18.495,16.532,7.415,6.264
12.029,23.841,19.223,17.824,6.294,6.623
20.171,5.975,9.115,6.101,10.936,13.5
5.321,21.146,17.202,18.752,5.005,23.907
6.937,20.743,17.059,16.912,5.965,24.765
12.124,11.162,15.831,8.835,8.535,10.561
5.839,20.814,16.164,19.593,5.547,23.051
6.409,19.09,15.128,16.852,4.485,26.621
13.291,24.905,17.895,16.105,7.264,7.397
19.069,7.693,8.563,7.224,11.779,14.376
7.63,21.35,17.112,17.712,3.488,23.48
11.518,22.88,19.809,16.822,7.003,8.827
13.261,12.518,16.664,7.631,10.575,14.366
13.497,10.519,16.417,7.226,9.756,13.603
12.718,22.98,18.884,16.881,7.785,5.041
12.98,11.931,18.198,6.992,9.403,12.672
11.455,22.851,17.14,14.724,8.978,6.867
5.611,20.429,13.911,18.857,3.775,25.028
4.06,19.434,15.788,18.016,5.673,23.734
5.576,20.436,17.347,17.327,2.851,23.711
12.402,25.11,19.802,17.261,7.789,5.632
4.927,21.305,16.433,17.014,4.545,23.638
21.326,7.139,5.075,7.303,11.703,14.297
22.438,7.22,9.335,10.007,9.711,13.738
19.688,7.28,8.602,7.39,8.617,12.306
19.958,8.898,6.761,6.696,8.677,13.882
13.862,10.222,16.346,6.44,8.975,11.343
10.394,25.205,20.023,18.366,8.084,6.92
12.115,22.917,18.057,16.694,6.782,9.616
21.609,8.294,5.481,6.336,9.56,15.064
13.888,10.869,18.067,7.776,9.406,11.407
10.389,22.583,16.809,17.498,8.962,7.043
12.459,10.239,16.51,7.958,11.172,12.171
13.158,23.212,21.358,16.342,8.805,7.787
11.361,8.027,14.087,9.487,8.52,11.264
20.798,7.134,9.131,7.061,10.878,16.681
14.405,24.759,19.211,17.522,8.763,6.759
22.688,8.698,7.05,7.346,10.157,15.145
14.236,8.854,16.637,7.678,9.787,10.072
14.048,12.766,16.111,7.027,7.953,10.092
4.459,23.398,14.184,17.002,1.968,25.875
13.566,23.059,19.037,14.579,6.783,7.569
21.644,8.417,6.234,9.614,11.333,15.415
13.368,10.043,16.658,7.205,11.006,11.568
13.689,11.02,17.307,8.951,11.593,12.793
12.479,10.979,15.43,8.578,9.995,12.193
13.343,9.67,16.206,7.833,10.531,14.044
11.804,22.049,17.445,15.083,6.569,7.876
14.695,9.792,17.47,8.653,8.652,11.153
14.745,8.343,16.43,6.444,11.877,12.007
4.323,21.738,16.158,17.747,3.317,23.664
10.681,10.049,15.231,9.846,9.679,11.334
22.243,7.655,7.785,7.282,10.371,14.891
10.724,22.931,18.516,15.527,7.6,7.047
22.49,8.528,6.016,8.24,10.551,14.249
22.443,9.177,7.865,8.663,11.226,14.311
13.043,9.862,16.699,5.967,9.362,13.54
21.363,8.776,7.44,6.309,9.166,13.765
5.058,22.629,18.965,20.62,6.093,25.062
4.244,20.863,14.747,18.003,3.872,24.165
18.714,6.676,6.735,7.867,8.454,13.539
13.026,10.283,17.298,7.045,9.615,11.907
10.413,22.99,18.595,14.838,7.903,7.738
21.076,8.167,7.719,7.85,9.609,15.713
5.602,21.756,15.774,17.873,5.81,22.558
18.533,9.991,7.795,8.483,9.36,16.326
6.015,24.61,16.205,18.358,4.003,23.817
10.822,23.859,20.043,16.542,6.475,7.983
10.205,9.856,15.757,8.631,8.957,11.307
13.262,23.5,21.739,16.761,7.667,7.065
21.885,9.405,5.71,9.331,10.905,15.776
21.09,8.01,6.315,9.129,10.3,13.008
5.879,23.204,15.905,18.616,3.092,22.795
6.426,22.767,16.776,20.481,3.667,23.129
11.933,23.511,17.152,17.484,6.379,7.544
12.599,24.227,18.482,16.66,9.145,9.132
12.387,23.279,20.044,14.547,6.639,7.291
11.375,23.692,19.176,19.521,7.856,6.231
7.875,23.451,15.421,18.644,5.122,23.959
13.174,9.09,15.48,7.5,8.767,10.893
5.624,21.999,16.579,18.462,4.887,25.798
13.396,10.497,18.367,6.951,10.045,10.759
4.06,22.619,15.576,19.031,6.703,22.394
11.472,11.104,16.117,6.179,9.639,12.639
14.429,22.506,20.905,16.749,8.035,5.405
13.356,26.436,17.516,17.128,6.945,8.376
11.745,23.934,18.573,15.053,7.288,7.807
4.149,21.588,16.701,17.84,4.081,23.245
21.543,8.819,7.227,7.661,11.067,15.473
22.238,8.438,10.553,8.251,11.649,14.561
14.366,20.988,18.774,16.995,7.774,6.689
22.283,9.486,6.497,7.757,9.738,16.194
13.173,20.659,18.011,15.725,7.153,6.848
4.593,21.112,15.681,20.797,4.091,23.249
20.367,7.937,7.461,7.232,11.839,13.894
4.919,22.356,17.389,18.246,4.234,22.128
15.566,10.472,19.276,6.424,9.856,11.619
12.688,21.485,19.634,17.111,6.381,6.451
13.479,24.183,19.471,16.745,6.769,7.28
13.866,23.213,19.349,17.432,6.463,7.876
5.637,20.979,17.997,19.903,6.146,23.12
18.44,8.598,6.608,9.138,10.874,14.959
11.643,9.952,17.436,7.519,8.841,13.026
22.363,7.85,8.746,10.077,11.17,14.544
12.465,9.808,16.516,9.196,10.613,11.052
4.365,20.043,16.613,16.721,5.096,23.305
5.392,23.131,17.745,19.161,5.086,24.324
13.26,22.724,18.343,17.335,8.719,7.33
21.96,5.062,8.482,8.176,8.137,15.299
12.945,9.786,17.228,8.824,13.74,11.465
12.401,22.331,18.476,18.558,6.95,6.477
12.972,25.004,20.824,16.514,8.187,9.08
20.698,8.439,8.124,7.527,9.879,15.993
21.007,9.892,6.406,9.662,11.861,15.287
1.523,23.028,16.25,17.628,3.519,22.575
19.883,11.784,7.601,8.381,10.929,14.172
11.51,21.019,21.101,15.768,9.231,8.97
11.829,9.905,17.116,6.7,8.191,12.208
11.405,8.149,17.454,7.396,10.427,11.52
11.477,20.568,17.138,17.929,9.41,7.137
4.685,18.986,17.065,17.652,3.409,22.16
5.496,22.843,17.983,18.442,5.189,22.63
21.159,7.701,9.387,8.146,10.141,14.711
11.565,23.322,19.674,17.091,6.555,7.534
11.956,8.91,14.787,7.54,9.87,10.281
21.479,7.423,5.882,7.61,11.687,16.291
12.918,10.363,15.759,6.973,9.362,12.309
5.502,19.801,16.015,18.781,6.869,24.197
4.575,21.898,17.264,18.467,4.37,24.586
14.062,9.587,16.418,7.404,11.23,10.398
11.314,8.085,16.259,6.806,10.246,10.226
6.26,22.195,15.528,19.914,4.832,24.606
22.132,10.22,8.543,6.945,8.433,15.26
13.651,9.141,16.498,7.604,8.637,10.716
21.554,7.626,7.363,7.661,9.943,15.637
6.504,22.176,15.624,18.526,3.438,23.711
12.495,23.4,19.724,16.832,8.341,5.007
14.045,9.69,16.964,6.014,10.411,9.535
21.886,10.009,5.358,10.19,10.386,15.159
12.969,10.943,17.882,6.951,12.303,10.75
4.749,21.326,17.443,19.759,3.352,21.877
20.843,11.488,9.433,9.21,11.037,13.981
19.181,7.331,8.846,7.169,8.149,13.944
21.703,7.993,7.449,10.219,10.515,16.927
12.029,26.212,17.92,18.737,9.842,7.319
5.782,21.628,15.266,18.218,4.113,24.401
10.132,22.481,18.641,14.374,6.549,8.219
21.08,7.825,7.886,6.755,9.459,15.428
21.24,8.633,9.127,4.849,8.232,16.466
13.952,10.175,16.756,7.363,10.467,12.419
12.672,11.348,16.098,6.707,9.808,11.586
15.858,12.486,16.499,7.525,10.881,10.428
6.131,21.776,15.527,18.765,5.782,23.818
6.249,19.63,15.792,19.782,4.194,21.175
11.514,12.491,16.205,7.919,10.395,11.048
18.71,9.362,5.331,8.535,10.88,12.742
11.52,22.241,18.264,17.196,8.037,6.263
20.473,9.267,8.399,7.228,10.943,16.67
11.509,22.754,18.337,16.789,8.227,7.714
10.943,21.979,18.906,14.52,8.573,7.502
21.451,8.985,7.342,7.558,11.121,16.986
20.48,9.56,9.277,7.17,12.521,12.67
20.071,6.725,8.866,8.408,10.854,14.092
13.528,9.008,16.866,7.143,8.181,12.432
10.208,24.736,17.198,15.487,6.239,5.331
20.717,9.462,7.136,11.128,9.276,15.545
14.917,9.639,16.361,7.859,11.822,10.251
12.816,23.58,17.405,15.651,6.708,7.343
20.241,8.879,8.79,9.608,10.453,14.555
20.968,6.972,8.069,8.662,8.642,14.186
18.989,5.679,8.026,9.072,11.002,13.943
21.453,7.147,8.449,9.542,10.629,13.95
11.51,22.512,17.754,15.952,9.594,8.205
9.557,23.468,18.764,17.095,7.692,6.533
20.59,7.815,5.626,8.071,10.856,14.451
20.686,7.389,7.634,6.123,11.507,14.19
12.918,25.622,17.278,16.965,6.656,6.851
19.632,9.785,8.726,7.051,11.577,12.485
5.765,22.529,17.592,17.656,3.049,23.698
12.196,9.785,16.069,8.788,11.74,13.21
15.319,22.137,17.85,15.611,7.728,6.872
5.908,21.27,14.94,17.282,6.081,22.843
5.053,22.007,15.215,19.258,4.36,24.511
12.264,10.351,16.68,6.666,7.961,12.58
13.506,24.258,18.766,16.659,6.716,7.603
23.077,8.147,7.779,7.57,11.692,15.788
20.5,8.322,7.145,8.219,10.62,14.037
12.862,22.037,20.608,16.665,8.261,9.196
12.639,24.19,16.88,17.89,10.433,7.491
20.137,8.303,6.635,8.526,9.568,15.517
6.898,22.883,17.032,19.065,5.813,22.369
4.576,23.781,16.634,20.894,4.952,23.419
11.33,23.28,17.637,18.445,6.412,6.633
20.81,9.813,6.53,8.88,8.359,14.835
4.508,22.855,15.936,17.842,4.071,23.549
10.864,25.669,19.839,17.4,8.849,9.637
12.981,21.684,20.886,17.283,8.745,6.88
6.052,20.159,17.429,16.946,1.918,25.199
12.259,8.54,15.463,7.088,10.517,10.822
21.721,9.462,7.578,8.13,10.057,17.341
21.925,7.997,10.594,8.246,11.819,13.594
20.366,9.03,9.838,7.423,12.247,17.336
4.849,19.615,14.67,21.336,5.115,23.419
12.797,8.383,17.026,6.407,10.682,14.869
5.794,21.636,15.068,15.86,4.863,24.668
11.117,24.376,19.567,16.064,9.106,7.181
21.864,7.266,6.87,7.973,11.567,14.453
5.271,21.128,17.739,18.045,5.623,23.55
8.88,23.169,20.663,17.401,8.595,8.919
21.473,10.256,8.957,8.474,10.435,14.263
13.042,23.897,19.263,17.468,9.435,8.653
11.729,23.418,19.044,16.109,8.866,7.335
21.129,10.435,7.058,9.052,9.765,16.115
20.064,7.0,9.226,8.603,9.095,14.977
10.801,11.132,16.964,7.26,10.498,12.817
12.466,9.115,15.312,3.016,9.308,14.57
12.929,8.416,17.948,8.431,10.208,11.564
5.93,20.036,15.371,19.497,2.377,24.065
14.015,8.948,14.126,7.785,9.252,11.242
15.992,9.952,15.717,5.698,11.245,13.601
15.611,8.879,16.279,5.701,10.679,15.005
6.667,22.528,16.749,17.454,4.974,24.665
20.652,7.38,8.074,7.933,10.596,15.414
4.725,22.753,17.348,16.966,3.525,23.352
12.959,23.885,17.541,16.496,8.242,9.269
3.84,23.976,16.372,17.204,3.249,22.181
6.357,21.895,15.453,17.122,5.521,21.793
22.344,8.428,8.473,6.501,10.336,14.648
19.843,9.607,9.796,6.97,10.363,15.912
21.259,10.551,7.235,9.974,10.864,16.42
12.809,10.613,16.051,6.172,9.373,12.871
12.446,11.03,17.253,6.533,8.799,13.624
7.494,19.623,15.92,19.42,5.744,23.311
14.413,10.815,15.82,6.685,11.627,11.829
11.293,12.534,17.39,6.356,10.61,10.431
20.582,10.014,8.415,6.21,10.605,15.274
5.829,21.55,16.295,17.242,3.699,23.48
6.306,21.274,18.51,16.606,4.632,23.127
13.649,8.385,16.606,8.42,11.901,10.138
13.254,22.206,17.309,17.705,8.315,8.941
21.151,9.425,9.014,6.647,10.478,12.401
21.231,8.196,8.548,4.867,10.676,13.556
5.619,20.392,15.604,19.192,7.666,23.305
6.013,21.513,15.434,19.803,4.896,24.237
13.186,21.441,19.445,16.986,4.965,8.394
6.657,21.029,15.818,19.158,5.85,23.074
20.997,7.753,7.837,7.353,9.335,14.506
14.308,22.121,18.548,16.567,8.38,6.764
20.845,11.951,7.469,8.361,10.336,16.2
9.504,23.298,19.028,19.245,7.206,7.798
4.477,21.25,15.96,18.053,5.595,23.334
21.291,8.4,7.341,7.443,11.092,13.854
12.706,22.613,17.161,16.274,7.229,6.913
13.054,10.311,17.82,8.67,8.358,11.916
14.164,8.116,15.926,7.582,8.768,13.204
19.635,8.95,9.334,6.795,8.701,13.292
12.595,11.456,16.9,5.927,11.73,10.714
21.215,8.364,8.806,7.727,9.165,15.246
21.405,7.977,7.989,8.365,11.891,15.755
20.646,9.633,6.247,7.384,9.049,13.882
13.494,23.571,16.433,15.481,6.406,6.78
20.412,8.966,7.472,7.931,7.827,15.908
20.302,7.572,8.502,6.153,10.443,13.842
14.153,9.52,16.48,7.31,9.539,11.001
11.511,24.212,18.963,14.071,4.983,6.741
14.742,23.485,19.087,17.16,8.014,7.705
19.068,7.45,8.671,8.019,10.499,14.601
6.307,20.931,17.238,18.148,2.662,22.535
5.784,22.668,13.919,18.856,5.512,22.093
5.944,22.434,15.399,18.939,6.347,22.566
12.212,22.836,18.371,15.77,7.91,6.931
4.229,21.375,16.766,17.408,5.078,23.878
15.409,11.213,17.068,9.165,9.551,12.304
5.64,20.8,15.204,14.687,6.209,23.538
22.557,7.894,9.135,7.394,8.967,16.222
20.156,9.317,7.707,7.21,11.617,16.177
23.01,11.443,8.733,8.423,8.94,17.102
9.654,23.978,18.564,14.884,7.679,5.568
5.76,22.015,17.714,17.159,5.412,24.62
12.763,11.424,17.283,7.519,10.138,12.719
11.055,24.365,20.1,16.905,8.306,8.055
3.362,20.545,16.968,16.948,3.019,26.572
19.817,8.295,7.0,8.73,12.236,15.487
4.889,21.5,15.091,19.708,3.785,22.346
4.712,23.194,16.353,16.954,4.267,23.868
6.49,21.218,16.36,17.699,6.71,23.57
14.221,9.354,14.488,6.928,9.677,13.983
13.291,23.025,18.406,16.86,6.16,8.662
20.181,8.16,6.681,8.799,9.625,14.769
13.013,9.966,19.282,6.202,9.697,10.494
21.307,7.285,6.795,10.232,11.701,15.821
12.863,23.73,18.578,16.567,9.014,6.752
21.451,8.339,8.003,7.428,10.439,14.979
19.606,8.652,8.184,5.795,10.388,13.339
13.206,23.967,16.342,15.654,6.762,8.011
14.829,10.274,15.689,5.378,11.551,11.854
7.184,21.177,16.217,18.284,2.603,24.925
12.622,10.954,14.996,8.53,11.075,12.063
4.29,21.678,16.193,17.592,3.676,24.817
22.321,7.675,7.722,6.707,10.351,12.967
5.481,20.387,17.716,20.499,4.456,23.845
13.705,10.367,16.935,7.815,9.436,10.095
13.094,25.045,20.677,16.631,5.08,7.989
13.795,10.27,17.125,7.842,10.358,13.541
11.508,24.496,19.73,17.931,6.278,8.259
12.712,23.14,21.197,16.284,8.277,6.53
12.662,9.922,18.091,5.475,9.574,9.784
12.991,12.025,15.213,6.553,10.161,13.38
5.439,23.358,15.978,17.063,4.227,25.359
14.778,10.409,16.723,6.066,11.563,11.588
20.085,7.636,7.291,8.182,11.518,11.633
5.305,21.525,18.273,19.546,5.676,21.821
10.895,22.478,19.112,15.013,7.942,8.452
19.684,7.154,9.008,9.095,11.068,15.622
6.473,21.825,16.685,19.848,3.841,23.45
23.783,5.017,10.137,9.104,9.506,17.058
11.734,22.117,18.789,13.617,7.391,8.421
12.191,21.752,20.15,15.649,7.257,5.831
23.298,6.368,10.274,8.096,9.765,13.468
6.123,19.769,15.752,19.461,5.028,24.706
13.237,9.844,18.376,4.822,12.472,13.894
12.221,7.886,17.461,8.556,9.327,11.449
13.459,10.76,15.737,8.096,10.117,9.544
6.139,20.439,17.638,20.065,3.673,23.491
5.624,20.006,14.781,16.918,6.9,25.505
12.338,22.429,17.573,16.42,7.899,6.024
5.266,22.591,17.148,17.265,6.464,22.318
12.41,12.05,14.871,7.781,9.829,11.999
21.573,8.866,8.287,6.326,9.633,13.685
11.534,23.81,21.702,14.173,8.375,6.342
13.01,11.307,16.189,8.937,8.019,11.249
20.145,9.905,8.163,8.76,12.631,12.606
12.537,10.709,16.798,8.658,8.865,11.292
6.286,22.789,16.395,16.798,2.232,21.879
12.989,8.406,19.186,6.422,10.073,10.822
14.749,10.032,15.866,5.576,8.755,12.822
14.526,8.883,14.982,5.728,11.462,10.809
3.816,21.119,18.957,18.721,7.488,21.981
3.138,21.635,18.12,21.946,5.572,23.273
5.726,21.863,18.638,19.574,6.458,24.06
20.774,6.754,7.888,8.066,11.307,14.267
21.123,8.609,6.945,6.068,8.427,14.506
5.837,22.021,16.288,19.364,4.505,23.169
6.973,22.012,15.685,19.735,6.204,22.108
13.931,8.538,16.736,7.777,10.591,11.952
12.387,8.606,16.027,5.947,10.572,12.726
5.308,23.764,14.978,18.574,7.372,24.473
11.845,22.258,18.737,15.624,8.846,9.975
12.384,25.126,18.362,15.692,8.816,7.792
20.793,7.63,9.98,8.133,8.996,15.297
11.192,22.368,18.539,17.214,6.172,7.949
5.069,21.73,19.343,18.514,3.702,22.329
21.122,6.998,8.344,8.025,12.402,16.011
10.82,21.785,17.875,17.992,6.338,7.588
12.218,23.878,19.64,16.826,8.208,9.031
7.215,21.305,16.432,17.965,5.574,23.901
21.803,7.923,9.952,10.009,9.373,13.34
10.769,24.162,18.71,15.825,6.46,6.512
11.913,23.567,18.215,15.91,8.175,8.881
11.283,21.402,21.055,17.947,5.886,8.264
11.771,10.425,15.859,7.89,10.504,11.705
21.859,8.797,7.649,8.066,12.21,13.734
6.886,20.418,16.72,18.974,3.589,23.802
12.496,22.733,19.813,16.66,7.597,6.702
5.738,22.329,15.861,16.997,5.059,25.141
5.891,23.107,15.967,18.492,3.956,24.432
20.679,10.792,8.54,7.618,10.165,14.561
13.706,8.654,18.302,8.807,11.222,10.28
4.757,22.087,15.25,17.607,6.342,22.978
20.896,8.26,8.898,7.49,9.956,16.554
6.787,21.94,17.447,17.817,2.606,24.416
9.948,25.135,20.388,15.952,7.804,7.418
10.62,22.741,18.318,19.448,6.92,9.449
12.519,19.802,19.743,16.523,7.414,6.97
5.435,22.054,15.776,19.463,3.437,23.22
6.576,21.458,15.981,18.202,3.625,25.45
12.034,24.532,15.712,17.103,6.651,5.239
5.112,21.705,18.647,19.573,4.171,22.58
13.11,6.666,16.381,9.329,10.255,12.629
10.098,25.624,18.186,15.971,6.353,10.674
18.556,9.302,7.504,8.176,12.271,14.654
4.749,24.681,16.291,18.283,3.871,24.008
21.566,7.75,6.57,10.818,9.315,16.632
13.677,21.494,20.911,15.842,7.145,5.168
20.848,7.894,9.742,5.157,11.014,14.787
22.551,8.454,7.529,7.1,10.908,14.197
5.801,20.785,17.088,15.694,4.187,23.899
12.768,25.802,19.626,16.101,7.848,8.928
12.43,9.253,16.556,6.335,9.029,13.883
11.183,22.921,19.47,16.382,6.724,7.237
11.633,11.572,15.573,7.476,10.49,12.303
11.764,8.684,20.719,6.112,8.403,13.0
20.487,7.864,7.238,7.234,9.497,13.59
12.237,9.741,17.425,5.581,10.003,12.926
11.192,24.15,20.624,18.434,7.141,4.674
9.965,21.074,19.811,14.029,6.99,7.961
4.861,22.719,15.474,17.811,3.876,25.025
24.724,10.79,6.754,8.063,10.024,14.982
13.714,12.165,16.41,7.22,9.425,11.173
23.043,9.203,8.521,7.123,9.784,14.76
11.159,24.404,16.997,15.203,5.268,7.106
21.204,9.998,8.968,7.517,12.123,16.632
5.788,21.248,19.112,18.388,5.469,21.384
11.905,8.909,16.21,8.195,8.938,11.825
6.867,21.179,16.084,17.112,4.736,24.626
13.58,8.604,17.839,6.589,11.773,13.495
20.023,6.039,8.378,7.107,10.522,15.206
18.859,9.083,8.262,9.146,10.709,14.356
14.281,24.78,20.185,17.0,8.37,6.774
10.57,10.265,16.031,8.807,9.154,12.602
13.321,12.274,17.232,7.888,8.868,10.975
9.432,25.762,19.991,15.293,7.098,6.672
11.337,10.217,14.553,7.553,9.609,12.248
18.974,9.652,7.705,7.767,11.018,13.885
12.101,24.202,18.202,17.833,7.128,7.769
12.659,10.245,14.736,7.488,10.618,11.039
21.919,10.194,8.52,8.403,11.66,13.166
11.364,23.587,17.854,18.367,6.674,7.386
11.81,24.032,19.241,16.865,6.918,7.714
22.958,8.815,6.226,5.93,10.536,14.972
13.004,19.855,21.462,16.122,8.766,6.188
12.251,9.498,15.863,6.896,11.223,13.086
12.774,10.486,14.547,7.956,9.776,10.928
13.443,22.966,18.369,18.196,5.946,6.085
5.95,21.693,17.141,19.314,4.974,23.666
11.589,24.468,17.296,13.777,9.246,8.05
21.903,6.854,8.044,9.592,10.999,14.514
12.646,10.3,17.624,7.168,8.636,11.131
4.258,23.41,14.543,14.283,5.651,24.807
10.187,22.832,18.997,16.423,7.221,7.911
19.571,9.346,8.346,7.7,10.763,13.659
3.345,22.211,14.77,20.587,5.256,22.726
13.157,9.828,18.058,7.418,10.575,11.565
20.79,9.512,9.131,6.57,9.641,13.143
13.81,8.846,16.221,10.687,8.086,12.015
22.822,8.417,9.003,9.224,10.591,17.161
12.454,10.826,15.346,7.673,11.196,11.513
18.129,8.619,7.495,6.776,10.154,14.31
6.817,22.796,14.565,18.85,4.904,24.11
7.122,21.095,15.259,19.21,6.657,24.214
18.258,8.173,6.499,7.007,11.709,12.705
5.809,24.144,16.493,16.995,3.986,23.962
11.329,9.849,17.04,7.265,9.277,12.525
6.309,21.676,16.673,18.372,4.997,24.914
13.618,8.44,16.628,6.29,9.813,10.816
12.961,23.046,19.856,16.624,6.295,7.818
7.273,21.287,15.072,17.98,3.772,22.882
10.673,23.528,17.353,15.497,8.903,7.51
10.687,22.134,19.782,15.757,6.412,6.664
13.563,9.154,16.956,5.918,9.131,12.139
14.15,8.666,17.199,9.054,8.337,11.625
21.489,8.605,7.998,7.255,9.545,14.441
3.201,22.232,14.6,18.62,5.813,23.151
13.229,24.408,18.123,16.7,5.903,8.529
12.291,10.716,14.895,5.802,9.046,10.318
22.058,5.59,9.286,6.436,9.113,13.966
7.822,21.978,18.89,18.333,4.417,23.625
20.647,11.04,9.454,10.422,9.489,16.133
5.091,20.064,16.246,19.995,5.931,23.992
6.626,23.331,16.68,17.41,5.841,23.856
6.589,22.783,17.782,19.118,3.495,23.547
13.534,11.037,16.645,7.154,8.929,12.52
21.155,7.846,6.78,9.328,10.719,15.551
13.522,9.035,15.927,6.65,9.158,11.97
14.13,9.514,15.827,8.253,9.963,12.36
5.928,21.264,15.906,17.38,5.598,23.282
4.94,21.051,16.865,16.635,4.475,24.89
12.237,10.059,17.467,6.279,10.745,12.577
9.809,20.928,18.775,15.493,7.686,7.595
21.188,7.736,8.134,9.07,9.733,16.247
3.67,20.332,15.826,17.607,4.694,22.402
11.478,23.313,19.135,16.407,7.96,8.448
12.048,8.991,17.733,8.282,10.285,10.991
11.665,21.942,18.137,17.672,6.855,7.608
11.136,22.778,20.192,15.833,6.951,8.795
21.528,8.204,8.516,8.121,9.161,12.788
20.828,7.531,6.991,6.284,10.7,14.359
4.38,21.828,15.58,17.626,4.021,23.627
5.564,22.278,17.125,18.59,4.876,23.985
6.326,21.939,16.283,18.502,5.32,23.679
3.572,21.631,16.102,16.639,4.747,23.414
10.469,24.767,18.24,14.28,7.306,7.477
18.83,7.121,8.61,8.743,8.644,15.86
12.833,10.49,16.236,5.611,9.099,9.424
13.785,12.166,15.682,7.611,8.323,10.356
6.28,21.892,16.585,19.123,3.922,22.858
13.727,10.437,13.429,8.513,11.166,14.126
11.6,24.097,18.88,14.548,7.527,8.694
6.791,22.999,17.665,18.531,3.868,23.944
13.661,9.265,16.375,5.634,11.125,12.899
12.646,11.852,15.248,6.379,8.43,13.03
12.373,10.793,15.776,9.661,10.688,11.787
13.19,9.773,17.956,6.635,8.479,9.368
14.18,11.112,15.773,7.453,12.688,11.064
7.378,19.532,17.424,19.199,3.665,24.016
4.808,20.316,17.34,19.969,5.574,23.872
12.254,7.653,17.009,6.287,11.924,9.989
13.329,23.92,17.488,17.999,9.298,8.495
10.415,22.994,17.919,16.304,7.469,6.69
20.61,11.043,6.425,8.967,9.496,13.88
10.459,25.785,19.592,16.655,6.167,8.184
12.222,8.759,14.892,6.017,10.984,12.249
14.439,9.2,16.322,6.463,9.97,9.238
4.144,21.226,15.676,18.541,6.324,23.535
23.746,9.977,7.562,8.454,9.581,15.194
22.053,9.124,7.862,9.112,14.125,15.384
10.076,24.465,20.1,17.236,6.681,6.588
12.582,25.1,17.844,15.975,6.717,8.918
22.957,7.019,6.503,10.138,10.788,13.306
11.054,23.281,18.78,17.497,6.167,7.749
11.822,25.074,18.638,19.553,8.187,6.407
13.261,10.295,15.174,6.348,10.658,11.229
11.708,23.184,20.772,17.046,6.207,9.661
11.804,22.623,17.645,17.291,8.533,5.581
12.653,23.637,16.88,15.357,6.036,5.018
2.801,21.323,14.925,17.416,6.379,23.955
21.953,7.658,8.246,8.378,9.822,14.524
6.3,22.305,16.186,19.407,5.071,25.879
13.409,9.641,15.923,6.669,10.129,10.085
5.557,22.581,15.63,18.501,4.516,24.67
20.626,8.785,8.519,6.508,12.664,13.921
12.317,9.158,14.435,8.004,9.475,13.162
6.942,21.133,17.32,17.0,4.386,22.95
20.8,10.474,5.934,6.278,8.396,16.253
8.795,23.917,15.96,17.935,8.486,22.42
20.442,5.988,9.696,9.276,11.254,14.924
10.802,20.802,17.247,16.503,5.079,5.658
23.463,9.564,6.438,8.945,9.268,14.392
12.264,23.704,17.133,13.132,7.902,7.322
13.431,10.035,18.307,6.541,8.124,10.708
21.498,8.476,7.856,9.263,8.699,13.309
12.01,12.431,18.342,7.107,9.605,10.96
23.399,8.715,7.011,7.516,10.887,15.216
19.204,7.515,8.828,6.543,9.152,13.556
19.645,7.583,6.024,8.025,11.435,16.409
5.829,21.205,16.06,17.325,5.743,21.624
22.214,8.597,7.963,7.266,10.327,14.044
6.93,21.381,15.162,18.465,4.855,23.616
12.173,24.708,19.366,14.731,4.411,7.614
11.078,24.932,17.326,16.179,8.597,6.568
13.856,22.405,17.422,15.215,5.832,9.04
11.705,21.732,17.984,18.571,6.81,9.739
13.272,24.029,18.684,15.138,6.99,8.742
19.726,7.395,8.415,8.231,11.051,15.435
4.395,22.85,16.936,20.745,4.96,23.584
19.081,8.597,7.802,5.472,9.156,13.471
11.077,22.113,17.348,16.808,6.619,8.597
10.553,20.971,21.423,14.965,7.171,7.104
21.753,7.387,7.003,7.051,6.804,15.491
19.854,8.062,7.618,9.95,10.007,17.971
21.097,10.895,6.564,7.11,9.965,14.003
14.726,10.311,16.588,6.25,9.307,11.442
4.948,22.712,17.223,18.119,6.394,23.288
11.783,23.993,19.225,17.926,7.587,6.921
11.707,13.029,18.544,10.038,9.747,10.641
6.101,21.531,17.65,16.833,3.886,23.318
10.213,22.984,20.774,17.665,6.102,6.035
14.319,11.164,13.172,7.507,12.258,11.678
14.238,9.812,15.411,6.555,9.015,10.354
5.772,22.906,16.312,18.459,6.009,24.868
11.834,25.363,19.138,15.938,6.695,8.514
10.836,22.099,16.478,17.755,6.957,7.624
13.365,24.067,21.151,18.968,7.226,6.465
13.175,22.326,18.885,16.825,7.676,8.749
5.544,21.197,18.686,18.693,5.634,24.056
4.866,19.361,17.235,18.223,5.245,21.943
19.483,9.411,9.568,8.47,8.245,16.774
21.561,9.763,9.35,7.233,9.953,14.609
20.222,8.802,7.837,8.747,11.309,14.523
14.151,10.477,16.558,6.631,10.011,10.035
13.507,10.388,17.4,9.113,10.97,13.734
5.908,23.776,15.693,19.407,5.095,25.269
11.442,11.548,17.439,5.713,9.361,12.112
19.979,7.628,6.965,8.066,11.029,15.229
13.975,10.933,14.848,8.785,9.126,12.073
6.555,20.914,15.693,18.506,5.776,22.072
13.216,8.587,16.02,6.29,8.047,11.929
12.702,11.13,16.852,6.962,10.234,11.733
11.548,21.917,20.72,15.542,5.228,9.03
25.022,9.134,9.112,6.834,8.772,16.569
22.302,7.983,6.424,6.811,10.121,15.389
21.728,9.142,7.52,10.259,9.809,12.88
11.385,25.206,17.974,18.128,8.036,5.757
5.247,21.461,15.4,18.649,6.018,24.091
19.773,11.357,5.683,6.163,9.055,13.504
11.101,24.42,19.731,14.959,8.255,7.784
22.042,9.034,7.882,8.033,10.503,14.742
5.579,22.659,14.099,18.512,5.902,22.942
11.536,25.33,18.142,15.552,9.266,6.902
9.785,9.437,15.236,7.458,10.827,12.331
14.874,11.293,17.235,7.385,10.417,11.735
17.29,7.702,6.342,8.155,7.774,15.469
8.491,22.979,16.306,19.989,6.783,22.043
21.797,6.235,8.505,8.074,10.847,14.176
14.956,10.608,16.703,6.42,10.142,9.639
21.522,8.65,8.444,8.255,11.37,13.641
21.582,6.918,7.805,7.951,7.75,15.037
4.775,20.454,15.865,17.451,5.892,22.633
7.227,21.479,16.34,19.089,5.334,22.611
13.019,9.811,16.52,6.753,8.539,9.853
11.972,9.864,16.421,8.292,9.669,10.927
13.409,9.195,19.46,7.336,11.388,10.066
20.512,9.213,7.146,9.867,11.419,12.996
7.188,23.877,15.224,17.675,6.099,24.354
11.47,21.647,18.826,17.624,8.259,9.118
14.084,23.194,20.258,16.335,6.856,7.14
10.617,22.571,19.183,16.646,6.009,8.701
23.615,9.917,7.41,8.089,9.815,15.424
4.574,20.958,17.992,20.887,6.638,22.126
11.227,25.219,17.485,14.532,7.706,8.692
3.229,24.275,17.779,16.935,4.313,23.431
5.008,20.573,15.718,18.214,5.592,23.225
13.483,12.329,14.202,6.233,11.163,15.176
13.581,22.074,19.337,16.475,7.858,9.087
11.759,21.613,19.11,15.472,8.445,6.653
19.665,6.997,8.651,8.766,9.822,16.53
4.642,21.371,17.251,20.94,2.268,26.086
11.001,23.437,18.618,16.437,7.97,7.956
21.908,7.512,8.797,6.053,12.091,16.173
5.182,21.836,17.705,18.47,4.772,22.672
10.848,9.995,15.561,5.705,10.129,13.901
4.545,20.811,18.653,19.087,5.284,24.154
6.543,21.447,14.677,18.228,4.61,22.235
18.351,8.118,8.837,9.774,10.629,16.459
10.156,22.762,22.487,17.159,10.279,9.11
12.318,12.664,17.748,6.804,7.405,11.093
5.72,21.162,15.637,20.083,2.275,24.766
11.178,7.511,16.203,6.538,10.775,10.821
4.883,21.809,16.659,20.625,3.681,23.047
11.834,21.644,17.774,16.528,7.341,6.741
4.746,23.219,16.302,16.74,7.5,22.346
10.776,22.032,17.541,16.712,7.807,6.615
12.715,9.261,17.805,6.433,11.701,12.338
21.938,8.156,6.506,8.383,9.957,16.325
15.928,11.231,17.963,5.983,9.286,13.161
4.739,19.347,17.056,20.036,3.628,21.86
10.828,22.051,21.506,17.887,9.741,5.968
22.165,10.655,7.877,8.153,12.176,13.459
13.204,11.459,16.855,4.877,9.565,12.728
10.64,8.073,16.09,5.768,11.184,11.087
20.335,6.527,7.885,9.166,13.568,17.082
13.179,23.552,19.258,13.925,4.793,7.171
21.584,7.405,8.426,7.895,9.968,13.315
5.521,19.285,14.481,18.897,6.609,24.132
10.542,22.049,20.096,18.342,7.311,7.233
20.837,7.073,6.885,9.18,9.684,14.687
11.307,21.974,18.416,17.798,6.794,7.866
12.899,9.557,15.591,6.857,11.582,11.076
20.167,8.081,8.16,6.808,10.734,15.546
12.145,8.541,16.188,6.773,9.592,12.422
5.861,21.523,16.692,20.745,5.823,23.747
19.815,7.837,8.784,6.618,13.357,15.478
13.048,11.442,16.112,7.575,10.72,10.762
11.443,24.946,18.724,18.055,7.41,8.285
13.221,8.564,15.444,7.864,9.262,13.215
7.393,20.986,15.14,16.987,6.639,22.468
11.66,9.727,17.843,6.496,10.472,12.993
13.233,25.549,19.968,17.685,6.74,6.048
9.669,20.654,19.228,15.615,6.773,8.271
7.742,20.227,17.704,18.081,5.85,23.665
18.947,7.021,8.866,9.813,9.24,15.122
21.045,7.732,9.233,10.07,10.204,14.185
21.091,9.573,9.784,7.219,13.207,14.753
12.078,23.351,17.785,17.853,8.234,6.772
20.953,7.113,8.312,9.187,11.113,14.882
11.859,10.645,15.386,5.925,10.899,11.587
12.445,9.365,16.12,5.34,9.582,10.807
5.125,19.203,17.059,18.853,3.539,23.695
12.49,25.284,18.501,16.045,6.738,6.218
10.775,22.262,16.424,17.896,6.612,8.832
21.812,10.769,7.12,6.915,10.437,15.627
6.035,21.208,15.989,19.042,6.156,23.375
6.442,19.664,17.802,17.392,3.404,24.012
23.337,10.859,6.062,7.629,9.372,14.975
19.122,10.459,6.601,8.88,10.711,15.574
13.122,23.841,17.102,15.642,7.9,8.441
19.366,8.191,7.877,5.151,12.067,13.325
13.905,8.579,17.035,5.616,12.268,11.194
12.209,23.71,19.519,14.446,8.344,8.171
13.067,23.72,19.127,14.218,7.112,7.403
13.61,10.605,15.841,8.353,9.466,12.804
12.873,23.754,19.675,17.815,7.256,6.097
5.653,22.606,16.51,17.16,5.388,22.927
11.124,24.04,17.927,15.827,8.103,9.901
12.33,9.144,17.753,7.475,9.736,12.033
21.676,8.343,8.221,5.96,11.194,14.336
20.527,8.404,4.137,9.434,11.482,13.206
13.414,10.875,16.248,5.762,11.388,10.916
13.011,24.849,18.725,15.569,6.499,6.85
5.791,21.142,17.69,17.309,4.503,22.028
13.262,11.212,16.658,7.911,8.459,11.646
5.518,19.932,16.458,19.938,4.303,23.071
22.711,8.303,7.63,9.295,11.585,15.933
10.635,24.501,19.495,18.387,9.456,7.025
11.842,9.968,16.645,8.41,9.977,12.798
13.749,11.544,17.211,6.132,12.152,12.263
14.033,23.599,18.54,14.355,7.121,7.032
5.591,22.528,16.081,19.139,3.576,21.718
12.165,22.428,18.444,17.667,7.572,5.71
13.234,21.857,19.673,17.131,7.079,9.087
4.959,21.785,14.515,17.479,5.515,22.238
10.893,22.963,19.13,15.445,9.467,7.609
21.646,7.255,7.573,9.29,12.555,15.339
22.74,9.698,9.441,5.545,12.296,15.131
13.445,23.274,19.496,15.582,8.021,9.449
22.682,7.914,8.835,8.035,9.049,13.112
12.453,11.215,17.159,5.604,11.436,11.75
13.403,21.32,17.988,18.302,6.914,5.858
13.991,8.141,16.852,6.448,10.556,11.28
4.503,23.782,15.597,18.539,4.485,23.98
12.692,10.188,17.549,7.115,9.759,12.75
21.175,8.927,7.126,7.555,10.578,14.992
12.894,11.46,17.943,6.196,12.039,10.99
14.338,10.008,19.111,7.058,9.468,12.757
6.322,19.528,16.241,18.089,5.447,22.004
13.038,8.025,17.009,7.243,9.113,11.836
6.58,21.486,15.972,15.816,3.794,22.347
13.992,11.066,17.122,8.341,10.65,13.38
10.458,10.313,16.91,6.297,8.868,10.115
11.285,10.077,16.188,8.102,9.076,13.029
13.442,25.299,22.738,14.941,7.728,4.937
5.276,21.967,17.642,19.548,4.2,23.558
9.573,22.413,19.247,16.678,5.648,8.826
21.56,7.656,7.702,6.623,9.091,12.902
13.829,10.967,13.704,6.694,11.181,14.077
12.509,10.584,19.07,7.35,11.683,13.073
12.227,10.783,15.835,4.833,10.708,14.132
19.721,7.816,8.397,7.252,9.416,15.879
12.513,10.922,15.501,7.085,9.542,13.804
11.83,21.51,19.757,16.506,8.639,7.436
10.161,22.479,18.61,15.349,9.518,6.408
4.914,22.024,14.153,18.203,7.508,22.411
12.622,10.681,18.102,6.275,10.63,13.73
4.976,19.743,18.669,15.616,4.187,23.842
14.411,8.685,17.388,7.049,9.863,10.229
13.272,9.929,14.553,8.437,9.634,12.321
3.962,21.816,16.513,18.46,3.426,22.614
3.212,22.482,18.684,16.984,4.618,24.771
5.8,20.962,16.938,19.501,4.795,26.704
20.231,7.256,8.093,6.6,10.129,14.413
22.598,7.929,8.572,9.09,8.61,14.644
19.697,8.079,7.225,9.906,9.144,16.056
8.552,23.151,17.239,15.717,7.078,7.006
7.178,22.004,16.522,16.521,3.184,23.236
4.901,22.747,17.413,19.982,4.199,22.247
10.99,13.01,15.836,10.311,9.595,13.458
12.565,7.202,17.497,7.88,8.88,10.283
3.885,20.227,16.091,18.623,5.051,24.083
21.281,9.029,6.627,8.472,8.629,17.441
12.936,7.905,19.334,8.018,9.57,12.163
6.147,20.439,16.17,17.547,4.949,22.776
6.621,22.105,17.991,18.931,6.784,21.77
11.025,22.75,18.571,16.798,8.064,6.747
21.586,9.008,7.752,7.499,11.748,13.256
5.432,19.675,12.923,17.196,3.988,24.487
10.83,21.932,17.203,16.515,8.123,8.217
12.21,22.446,20.224,17.449,8.299,9.62
6.506,23.356,17.715,19.188,3.357,25.926
5.49,22.781,17.907,18.217,6.001,23.801
14.211,10.136,14.126,6.556,10.697,11.091
9.706,23.117,19.055,15.846,5.541,6.454
12.545,23.942,19.93,16.687,10.959,6.202
6.032,21.779,17.726,17.577,2.921,23.917
21.214,7.759,8.003,7.081,9.362,15.778
21.376,10.089,8.893,9.548,8.403,14.014
6.114,20.348,15.876,17.598,3.449,24.511
5.482,21.933,16.383,17.965,5.139,24.274
7.568,22.256,15.463,19.177,4.683,20.897
13.446,10.028,13.765,8.782,9.602,10.175
9.613,25.271,18.544,15.362,8.324,9.218
11.719,24.336,18.835,15.154,8.846,5.181
15.494,10.834,16.79,6.22,9.748,13.455
13.394,11.372,16.028,6.083,11.196,12.697
11.446,22.573,20.448,17.763,7.035,5.283
22.75,8.232,6.376,7.329,9.352,14.12
11.737,24.322,17.677,16.227,9.731,8.833
6.806,21.566,15.829,18.161,4.411,24.384
7.647,20.361,15.21,19.006,6.496,23.712
11.731,23.236,20.394,16.306,6.93,8.69
12.054,23.328,18.058,16.2,7.1,7.571
3.893,23.965,16.913,19.345,2.609,24.65
13.394,9.791,16.032,8.639,10.909,12.839
21.566,8.339,10.323,8.574,9.864,14.381
7.705,20.201,16.216,18.884,3.551,24.298
20.016,9.154,7.876,7.694,9.391,12.886
19.13,7.289,8.762,7.897,11.591,15.241
21.648,7.498,8.249,8.428,9.123,13.181
4.946,20.883,15.166,18.355,5.417,24.302
6.21,22.05,15.478,19.27,3.664,23.687
4.041,23.647,15.593,17.346,6.5,24.927
14.001,11.679,17.286,6.718,9.263,11.752
11.476,22.896,18.88,15.752,8.226,6.962
3.974,21.415,14.893,17.204,4.866,22.555
22.941,8.869,9.093,9.519,10.667,15.788
5.598,22.17,16.583,19.028,4.121,24.346
15.027,9.141,18.541,7.7,10.402,12.295
21.358,6.818,6.666,9.86,10.322,11.575
21.815,8.573,7.405,7.106,8.861,15.922
21.298,9.453,6.835,8.536,7.726,13.552
11.969,23.063,19.399,16.303,7.581,6.669
12.755,9.323,16.921,6.152,9.982,10.829
11.929,13.886,14.886,7.581,9.204,10.549
20.592,9.039,9.109,7.153,11.051,16.173
12.239,23.056,19.295,15.42,6.734,8.844
9.133,23.781,18.311,14.509,9.45,7.565
11.808,10.747,18.722,7.803,11.348,10.79
3.241,23.214,15.789,18.884,6.868,23.039
12.315,9.895,18.03,4.373,11.857,11.962
22.153,7.218,6.857,8.819,11.515,14.079
13.818,23.097,19.446,15.256,7.009,5.606
9.533,23.138,19.346,17.609,4.738,6.086
7.439,21.403,14.817,17.674,3.602,24.143
10.516,23.734,18.407,17.545,8.365,6.841
18.778,6.869,7.505,9.096,10.141,15.364
12.695,24.134,19.31,16.054,8.082,6.292
10.851,10.832,15.355,9.28,10.357,9.841
22.27,6.04,8.869,9.959,12.252,13.121
22.528,6.685,10.683,8.227,9.418,15.233
12.409,8.106,17.749,8.539,8.694,11.187
11.926,10.215,15.383,9.465,10.277,10.028
12.562,22.971,19.771,15.437,4.899,6.927
5.022,21.779,16.548,18.055,4.803,23.264
12.505,7.938,15.84,9.395,10.628,11.062
4.843,22.344,16.53,19.385,4.119,25.361
11.174,9.754,18.244,6.346,10.18,11.836
13.034,9.128,15.856,7.024,8.981,11.701
3.259,22.7,17.728,19.492,2.801,24.443
12.017,9.266,16.726,7.181,13.181,11.349
23.106,9.316,10.809,8.177,10.673,16.545
18.968,9.939,9.252,8.747,9.416,14.424
19.747,8.534,9.539,8.122,11.82,14.78
12.085,23.417,17.428,14.708,4.779,8.417
11.109,21.922,18.718,18.771,5.238,6.174
13.243,23.14,18.923,15.169,6.904,6.374
10.421,22.274,19.873,18.656,9.095,5.823
7.19,23.225,15.935,18.776,5.42,23.749
4.997,19.297,15.57,17.551,3.774,24.114
20.325,8.543,5.824,8.973,10.204,16.629
11.441,9.493,16.017,6.766,8.713,9.468
12.792,9.534,15.033,8.172,9.596,8.122
12.289,24.915,19.085,15.201,8.586,8.232
22.439,7.129,7.785,7.582,10.678,15.923
19.929,6.307,5.289,7.526,10.703,15.598
13.212,10.253,13.434,6.92,9.985,12.389
23.012,8.622,8.315,6.658,11.285,15.368
19.629,7.227,8.492,7.426,9.866,14.132
11.837,21.479,19.153,18.925,8.028,7.367
21.866,7.614,7.133,8.506,12.351,14.828
20.454,10.303,8.461,8.459,9.942,13.141
7.699,22.269,17.675,18.96,5.101,25.112
20.763,10.089,10.272,5.232,11.379,13.738
12.863,8.239,15.868,4.798,9.859,12.209
22.788,9.496,6.937,7.115,9.933,16.202
20.836,9.314,6.857,7.376,10.828,13.519
12.511,9.446,15.2,6.141,9.849,11.709
15.016,9.055,17.041,6.249,11.191,13.737
6.638,23.447,14.481,18.056,5.969,23.483
6.052,22.286,15.305,20.102,4.382,23.254
20.591,7.535,8.014,7.664,10.817,12.853
13.975,9.437,16.149,6.894,9.902,13.247
10.15,23.825,19.586,13.423,6.435,6.607
7.34,20.768,16.049,19.007,4.544,23.95
12.392,24.617,17.901,16.707,7.286,8.452
13.39,8.764,18.695,6.958,6.962,12.1
4.635,23.443,14.567,18.706,4.57,23.302
15.086,10.123,16.089,7.911,9.743,12.761
10.9,23.208,20.692,15.496,5.549,6.173
20.165,8.767,6.994,9.034,9.452,15.244
11.375,6.889,16.795,5.834,9.474,11.259
21.193,11.237,7.591,6.017,10.829,14.607
11.112,22.781,19.906,16.592,6.349,9.004
13.392,11.488,18.653,7.468,9.411,12.753
6.279,20.902,16.078,19.452,6.833,24.36
6.39,21.68,14.609,15.915,5.085,22.719
10.339,22.231,17.972,16.693,7.784,7.909
20.764,8.355,8.567,8.54,8.276,15.433
4.729,19.762,15.737,18.817,4.194,24.064
12.548,9.746,16.345,6.763,10.483,14.182
12.779,10.697,17.143,7.846,11.668,13.69
21.835,8.763,5.784,8.087,8.833,14.169
4.291,21.818,17.427,20.445,2.595,23.745
20.092,10.002,7.258,8.097,10.083,13.126
13.611,9.592,18.979,6.65,12.83,11.45
20.174,6.988,8.117,7.784,11.166,13.914
13.093,21.522,16.597,15.585,5.476,6.926
4.954,20.875,16.97,16.626,5.816,23.232
5.017,22.155,16.721,17.405,5.634,24.359
5.523,21.812,15.923,19.404,5.726,23.486
13.925,11.108,16.834,6.114,10.994,9.125
12.68,8.735,16.415,8.35,11.605,9.89
13.991,11.446,14.333,6.101,10.009,10.415
21.205,8.285,9.654,6.291,14.724,14.602
12.778,9.671,17.951,6.397,11.074,11.672
4.458,22.317,15.331,18.163,5.467,22.87
22.272,9.397,8.925,8.698,9.489,13.923
7.023,22.645,16.625,17.957,4.262,22.661
5.426,21.017,14.449,17.135,5.59,23.347
15.097,10.333,16.312,9.608,8.837,13.487
19.953,7.351,8.447,7.769,10.687,16.274
5.934,21.752,16.363,17.195,4.561,23.296
23.25,9.661,8.447,7.724,9.111,16.244
19.156,8.017,7.551,7.638,9.759,13.94
20.067,8.706,8.36,10.204,10.483,14.823
6.124,19.922,14.313,18.766,5.784,23.619
12.354,11.841,17.501,7.077,11.519,14.668
20.361,8.575,6.141,6.311,9.862,14.544
10.858,23.371,17.318,17.131,8.059,8.031
19.844,8.301,7.868,9.307,10.437,15.157
10.906,24.036,19.822,15.507,7.275,6.389
5.543,20.133,16.891,16.441,4.324,23.943
7.824,23.466,16.996,16.999,5.209,24.053
12.529,10.305,14.264,10.244,10.198,10.183
22.325,8.642,7.93,9.433,11.151,13.845
20.751,8.374,8.204,8.554,9.307,14.739
11.466,10.682,19.45,6.663,7.827,11.1
5.449,20.75,18.365,17.775,3.41,24.324
5.002,21.53,17.527,17.997,3.832,21.01
15.593,11.002,16.226,7.587,11.119,11.779
15.011,8.391,18.367,4.7,12.565,12.344
11.247,21.551,17.975,14.929,6.941,6.549
19.713,10.991,8.231,7.988,9.889,13.574
5.709,19.818,18.474,19.145,3.998,24.202
11.253,21.765,20.308,18.212,8.61,8.96
4.792,24.097,14.714,19.227,3.039,23.332
14.591,10.483,15.911,5.285,10.613,11.892
21.993,9.402,8.854,8.542,11.809,12.085
10.375,21.13,20.177,14.734,7.222,8.339
13.204,9.419,17.23,5.13,9.353,12.969
4.415,21.001,16.063,19.722,4.832,24.296
21.858,9.015,7.507,8.376,11.29,15.511
10.284,25.174,18.822,16.648,8.436,6.68
3.034,21.702,18.317,18.311,4.294,23.685
6.905,23.24,16.488,18.787,3.295,24.909
12.579,9.918,13.627,6.202,9.494,13.912
20.442,8.7,6.299,10.265,11.522,13.969
22.071,9.51,10.714,9.276,9.382,15.106
12.956,12.017,16.51,7.602,9.949,11.204
13.418,23.053,19.523,15.909,9.902,8.815
21.624,7.693,6.712,7.109,12.234,15.211
13.077,23.895,18.97,15.112,8.324,9.452
22.346,7.582,8.05,5.403,11.449,15.766
21.288,8.181,7.448,6.295,10.043,16.186
2.447,22.23,15.786,19.03,3.652,25.15
13.812,23.632,19.742,16.684,8.657,6.88
12.026,11.601,14.853,5.934,9.226,11.945
12.077,24.162,17.433,18.332,7.679,9.394
11.515,23.478,20.5,16.14,6.041,7.242
20.974,9.022,7.839,8.043,10.378,14.29
12.254,11.829,15.975,7.977,10.176,11.615
21.036,8.291,9.907,6.739,9.657,13.951
13.201,11.086,16.858,7.559,10.187,11.483
21.375,7.05,7.682,6.9,10.715,15.919
13.034,23.102,18.267,15.952,8.132,9.13
11.544,24.25,17.708,18.623,5.251,6.719
12.948,9.479,17.719,7.761,10.516,11.718
11.356,24.17,16.706,17.705,8.699,7.553
13.069,9.194,14.293,6.123,10.843,11.402
4.902,20.406,16.941,16.429,4.406,20.65
20.601,9.504,9.442,6.343,8.93,16.429
12.84,7.854,17.379,7.799,8.605,10.244
12.767,8.975,16.655,6.153,11.136,11.712
11.629,23.937,18.515,15.821,9.799,8.564
13.075,25.054,20.034,16.093,8.69,11.551
11.848,22.56,18.914,15.676,7.074,8.446
20.832,7.656,9.684,6.654,10.656,13.38
5.91,19.324,14.9,19.04,3.887,22.706
11.804,10.377,16.183,6.673,11.309,11.326
4.529,23.127,16.322,16.079,5.604,24.686
11.291,21.769,18.441,17.447,8.996,8.588
5.268,20.769,16.767,18.878,5.305,24.059
12.63,23.016,18.433,16.25,7.485,8.51
12.106,23.809,21.946,15.959,7.055,7.576
20.463,8.798,7.866,8.578,11.601,15.225
12.784,23.485,18.685,17.956,8.201,9.375
11.219,20.036,19.442,15.274,5.504,8.34
3.87,21.493,14.266,20.397,5.209,23.879
22.295,10.038,8.733,8.449,10.825,13.033
20.709,7.506,8.609,8.505,10.417,16.589
20.461,8.851,7.513,9.051,11.484,13.039
11.094,22.591,17.708,17.128,9.175,7.058
21.206,9.624,7.618,7.189,9.998,17.579
7.119,19.857,15.469,18.694,5.103,25.038
22.358,9.011,7.598,8.655,9.6,14.452
20.375,7.732,9.1,8.639,10.78,12.236
6.748,21.995,17.165,18.303,4.629,23.85
19.934,8.153,9.745,8.483,9.243,13.871
4.933,19.976,16.742,17.899,6.137,22.77
5.266,20.562,18.145,20.746,4.525,23.452
5.174,20.195,18.247,17.685,5.319,23.149
22.453,10.117,7.959,7.711,11.021,16.087
21.312,10.079,7.689,6.796,11.245,14.357
22.389,8.352,6.871,9.351,11.362,13.549
21.368,8.284,8.109,7.852,9.662,15.987
13.417,12.378,15.929,8.147,10.376,10.935
14.723,11.807,17.394,7.213,9.944,12.241
6.824,19.794,16.272,18.913,3.813,20.943
12.031,22.424,18.222,14.601,6.328,5.814
11.311,11.072,17.837,7.83,9.878,11.59
21.473,7.42,7.578,6.741,9.668,14.92
13.319,12.461,17.169,6.326,11.627,11.088
14.353,9.319,15.984,8.323,11.008,12.365
13.312,11.441,16.299,8.386,10.942,14.594
23.067,8.92,7.084,7.943,9.728,14.7
3.55,22.318,14.687,18.055,3.45,25.997
12.278,23.875,17.057,16.349,8.012,8.311
11.916,24.276,16.819,18.092,8.368,6.855
11.147,9.367,15.369,6.951,9.634,11.403
11.547,22.979,19.558,16.255,7.814,7.694
13.715,22.466,19.245,17.014,9.251,7.251
14.113,9.111,16.218,6.543,11.43,13.489
4.371,18.695,17.187,18.676,3.996,21.949
4.491,19.699,18.023,17.887,4.574,23.553
14.069,10.865,16.466,7.486,10.056,9.092
10.927,25.512,19.886,16.953,7.717,7.138
12.934,23.254,17.451,15.09,7.763,7.847
12.412,24.082,17.468,14.486,6.541,6.642
6.65,21.843,17.735,17.045,3.808,25.109
13.266,11.286,18.277,7.26,9.394,12.683
12.34,9.256,16.159,7.116,10.56,12.177
21.743,10.535,7.339,7.429,11.077,15.061
12.577,10.201,14.578,8.194,10.577,13.033
11.341,7.551,16.635,7.1,9.738,10.891
10.701,22.125,19.205,16.372,6.57,7.648
12.076,10.156,16.096,9.193,10.262,12.023
20.815,9.739,6.717,8.504,11.408,13.815
11.948,8.973,17.242,6.552,10.668,13.012
12.254,8.806,14.237,8.981,9.654,9.481
18.817,9.117,6.453,10.458,10.717,16.433
12.625,10.014,13.939,5.489,10.74,11.085
6.398,20.44,16.787,20.24,3.959,21.858
12.19,24.755,20.424,17.891,7.486,8.102
11.817,23.045,19.048,15.675,4.911,9.886
3.35,20.374,18.115,19.246,4.337,25.21
4.397,20.775,17.036,19.439,6.442,24.277
11.765,21.928,20.327,17.191,8.386,6.345
12.44,11.812,15.381,6.672,11.583,12.054
5.702,22.343,16.873,18.418,4.218,24.209
21.192,9.303,8.906,8.651,9.428,14.468
13.428,22.546,17.988,16.38,8.259,7.266
20.765,8.486,7.522,7.434,9.079,15.391
21.169,8.355,8.217,8.648,10.048,13.926
18.024,10.328,8.002,10.245,10.171,15.15
10.727,22.834,19.3,16.063,8.563,5.6
12.953,10.126,17.549,7.907,11.392,11.591
23.781,10.487,8.052,10.601,11.16,14.294
7.016,20.983,17.218,19.241,6.19,23.294
12.263,24.063,19.628,17.586,8.437,7.987
5.548,21.742,16.652,20.597,4.569,24.92
5.498,20.744,18.021,22.009,4.297,21.647
10.836,24.478,19.576,16.023,7.41,6.609
9.426,22.706,19.072,18.504,8.671,6.33
6.83,19.855,16.121,17.2,5.244,23.284
12.396,22.901,18.789,17.177,5.145,9.018
12.999,24.979,17.933,16.86,8.195,6.867
11.134,9.147,16.77,7.485,12.056,11.196
12.298,22.297,20.64,17.127,6.905,6.86
12.601,21.532,20.389,17.85,5.038,6.589
10.597,23.432,17.65,15.468,6.589,7.123
21.031,9.678,8.784,6.206,10.193,12.647
14.389,8.843,16.241,6.844,10.41,12.393
20.397,9.438,10.243,6.373,11.134,14.839
3.964,21.949,17.353,18.474,2.795,24.178
3.098,22.784,16.06,18.561,5.397,21.044
21.119,9.104,9.542,7.509,10.819,14.347
13.363,23.303,17.757,15.683,8.445,8.092
6.455,25.236,16.464,17.718,4.935,24.01
20.487,7.065,8.374,9.104,11.594,13.171
11.982,24.033,19.574,17.273,7.826,6.797
12.789,7.955,15.722,6.849,9.672,12.461
6.137,21.229,17.975,18.96,3.603,23.572
12.199,23.067,19.951,13.636,7.719,8.361
13.903,9.932,16.431,5.431,8.64,11.988
19.775,7.923,9.803,9.375,8.619,14.71
13.23,9.172,14.409,7.645,7.529,10.531
13.69,10.543,18.764,6.074,11.086,10.666
11.407,9.601,15.253,5.677,9.591,10.614
5.498,22.7,18.269,16.455,4.346,23.395
11.486,24.373,18.806,17.33,7.628,7.545
20.766,9.991,9.556,6.59,9.559,15.573
12.923,9.473,15.712,7.011,9.105,10.663
21.886,7.991,7.099,10.386,8.774,11.868
14.658,10.981,15.955,8.791,10.711,11.476
21.399,7.86,9.033,6.839,9.778,15.655
20.563,8.454,10.055,7.634,9.98,12.567
5.757,21.642,17.542,15.323,3.625,24.388
20.956,9.554,7.708,8.701,10.683,15.192
10.834,21.993,19.266,16.544,8.376,6.919
20.749,8.421,8.554,10.919,9.214,14.861
6.907,22.925,17.363,20.028,5.064,23.015
8.005,22.099,18.908,18.682,5.269,24.108
9.879,23.804,20.243,15.265,8.595,8.281
11.052,26.827,17.423,14.989,7.717,9.976
13.659,10.208,17.886,9.404,9.708,12.922
5.237,21.084,17.487,18.158,3.657,24.586
20.204,8.683,9.08,8.797,10.342,15.152
14.716,9.293,17.377,6.18,10.267,14.136
22.561,8.853,7.409,8.685,12.99,14.038
11.159,22.396,19.191,15.115,7.926,5.393
10.923,10.458,17.071,6.909,11.488,10.854
7.594,21.605,15.691,20.43,5.682,23.813
4.527,21.145,18.691,21.684,6.603,24.288
12.616,10.755,15.503,7.713,11.041,10.304
4.941,21.497,16.839,20.277,3.08,24.506
4.241,20.962,15.597,19.492,3.664,21.607
21.645,6.685,8.36,7.614,9.346,15.685
5.77,22.966,15.594,18.25,3.589,23.985
5.656,25.256,15.581,19.462,5.356,22.9
12.109,8.597,15.356,7.372,13.11,12.814
11.373,23.477,19.061,15.412,7.731,5.945
11.081,20.684,20.032,17.819,8.218,6.071
12.015,23.793,17.895,16.474,7.506,6.064
6.697,22.849,13.964,17.636,5.251,24.343
12.991,9.567,16.436,7.049,8.155,12.682
10.968,8.866,18.496,5.785,8.75,12.447
11.821,23.219,17.43,14.905,8.598,7.915
6.724,22.922,16.686,17.509,4.672,24.448
4.7,19.638,17.37,18.34,4.364,23.059
12.569,21.843,19.028,16.622,9.069,5.865
12.266,10.931,17.261,5.342,11.607,12.917
20.895,9.788,9.687,8.87,10.052,15.465
22.093,9.663,10.215,9.792,10.0,16.142
6.821,21.066,16.687,17.697,5.852,22.927
11.968,11.106,15.376,6.955,10.076,10.739
20.283,7.418,7.223,7.862,10.37,14.067
22.385,9.032,6.823,8.652,10.877,12.659
14.37,10.577,15.89,6.203,11.54,11.423
10.779,23.447,17.438,14.137,6.977,7.287
20.319,8.418,8.839,7.471,11.077,16.21
14.404,10.179,16.791,8.949,9.257,9.204
14.051,22.731,18.094,17.229,8.286,8.367
10.903,23.194,18.304,17.806,7.751,6.495
21.599,8.427,7.033,7.679,10.968,13.875
14.041,10.036,16.554,8.186,12.788,11.11
12.856,23.316,17.415,15.613,9.344,9.098
6.181,22.541,16.388,18.295,2.874,21.003
11.783,23.033,18.442,16.277,6.075,8.671
12.946,9.183,16.054,5.758,9.113,10.772
22.169,6.786,6.808,5.973,9.353,13.278
11.004,24.578,18.229,18.48,8.25,6.85
12.034,11.425,16.958,6.934,11.815,11.196
11.039,23.94,18.1,16.561,7.316,7.694
12.397,24.246,18.408,16.892,7.042,8.299
11.056,23.606,19.889,15.41,8.374,7.499
11.713,24.463,20.764,15.418,10.017,6.23
14.893,9.983,16.442,7.28,8.619,9.449
20.511,8.998,8.534,8.225,10.149,14.648
20.402,9.175,6.546,7.487,10.444,13.733
10.597,21.495,20.801,17.986,4.451,6.886
19.595,10.577,7.773,9.08,8.707,14.471
13.671,23.378,18.155,16.721,7.937,7.533
12.575,8.876,16.09,5.363,10.868,12.043
5.552,21.566,18.069,20.353,4.558,23.999
12.471,10.343,15.475,7.68,11.421,10.583
12.229,9.696,16.663,6.029,11.168,13.338
21.261,8.215,8.771,7.472,8.451,14.718
12.032,8.21,17.009,8.595,9.933,9.651
21.141,8.963,6.964,7.382,10.238,16.224
20.783,7.667,7.364,9.06,8.097,11.215
3.015,23.152,16.278,16.78,5.306,22.687
13.63,12.129,13.946,4.902,12.232,10.866
11.947,10.294,16.718,7.619,10.319,13.021
13.078,10.385,15.731,5.938,10.29,13.435
12.744,11.115,15.815,7.699,12.451,8.508
20.745,7.985,8.055,9.209,8.431,14.279
20.183,8.791,9.688,8.822,9.724,13.961
13.748,25.722,19.858,17.229,6.74,9.773
3.669,20.202,15.726,19.25,3.071,23.504
5.745,21.722,16.036,19.051,4.78,23.555
5.298,21.872,15.465,19.969,2.511,23.442
12.402,9.735,16.136,4.765,8.399,10.501
14.261,9.807,18.009,7.772,11.606,9.492
11.45,23.035,20.139,15.435,5.585,7.243
19.361,7.946,9.769,7.946,9.481,17.11
13.274,9.909,18.386,4.1,10.208,12.163
7.95,21.102,18.736,17.308,5.349,22.943
8.557,21.464,15.781,19.51,4.424,23.728
5.651,21.543,14.779,18.582,4.25,23.454
18.228,10.543,6.197,7.547,8.251,13.808
21.478,7.593,7.225,9.005,9.67,15.8
13.919,10.399,18.523,5.079,9.909,12.315
6.289,22.715,16.049,18.873,5.03,22.684
11.524,8.97,15.381,3.739,12.042,9.024
22.026,9.07,6.847,9.825,10.803,15.081
20.173,9.075,7.384,8.133,8.747,12.696
13.25,11.496,15.567,7.548,9.613,13.746
23.028,9.347,7.855,6.376,10.597,16.022
14.144,9.236,14.792,6.793,9.471,10.643
23.243,10.274,8.923,7.907,9.807,15.72
13.728,24.4,18.77,14.113,7.413,7.558
12.187,10.555,14.209,6.004,8.41,11.853
21.291,7.826,9.152,9.859,10.044,15.915
11.958,25.657,17.755,15.476,8.053,7.651
9.361,22.121,16.711,15.867,7.458,9.448
12.196,22.087,17.929,15.961,6.174,6.865
5.861,22.221,18.146,16.913,5.133,22.938
20.529,10.47,7.819,6.905,11.573,13.944
12.441,8.688,17.329,8.239,10.927,11.469
21.391,8.665,6.0,9.168,10.068,15.101
13.594,9.66,17.478,6.719,8.974,11.0
13.416,9.43,16.495,8.715,10.172,11.383
12.995,23.07,19.588,15.716,6.657,7.537
22.874,9.827,8.905,7.753,12.955,16.047
21.923,8.052,8.319,8.117,9.277,13.699
12.555,10.112,15.795,8.605,9.242,10.951
11.909,11.167,18.146,7.55,8.011,12.378
12.227,13.263,17.156,9.325,10.811,12.126
5.191,22.331,17.149,16.246,5.575,23.418
5.491,20.125,14.751,17.504,4.73,24.275
21.72,8.667,9.544,9.358,11.347,13.398
6.981,20.608,17.135,17.662,3.208,24.44
4.473,21.98,17.356,18.385,4.501,22.0
13.84,9.779,16.359,8.792,11.476,11.63
12.229,24.614,18.924,15.231,7.241,6.542
15.224,11.301,17.402,8.374,11.008,9.146
3.537,21.007,16.671,19.722,6.794,25.42
11.885,10.441,14.66,7.539,9.365,10.71
13.555,11.804,14.81,7.365,11.377,10.273
12.527,8.68,17.086,6.24,10.076,10.093
19.419,7.258,6.59,6.015,11.923,15.437
22.141,7.517,10.093,9.629,11.044,12.966
13.755,10.18,16.902,6.509,9.041,9.89
13.39,10.105,16.5,6.293,11.356,10.509
19.698,9.163,8.494,8.781,9.168,15.069
19.697,9.848,8.94,7.007,9.577,15.359
4.213,19.169,18.525,17.448,3.861,25.076
12.158,21.074,17.073,15.525,7.685,7.149
12.609,9.536,14.723,7.407,8.86,13.232
5.122,22.28,14.526,17.171,3.54,21.559
5.831,19.118,14.583,18.581,3.858,24.91
20.392,8.587,9.559,7.416,8.322,15.34
11.791,22.061,19.943,14.824,7.687,5.084
11.831,24.235,19.896,16.82,8.939,7.288
10.923,22.957,19.688,16.241,8.39,9.055
10.189,24.222,19.161,16.068,7.458,7.853
21.817,10.116,8.683,7.256,11.045,15.308
21.516,7.533,7.088,7.518,9.94,14.193
19.786,7.489,6.536,7.679,10.463,14.837
14.783,6.991,16.984,7.285,10.382,12.772
21.533,6.591,7.332,8.989,10.631,14.063
10.791,24.441,18.559,15.677,7.616,8.361
10.039,23.753,17.544,17.044,6.689,6.174
19.026,10.482,7.623,6.653,9.575,14.407
12.51,22.446,17.258,16.551,8.648,6.422
13.381,11.894,16.35,6.07,12.461,11.806
6.093,21.56,16.948,18.648,5.882,24.857
14.383,7.855,18.663,9.047,6.475,9.035
14.03,9.922,17.274,9.41,10.365,11.165
12.814,21.701,17.875,15.132,8.732,8.567
14.768,9.754,16.149,4.734,10.975,9.833
6.342,22.576,15.685,19.214,3.723,25.303
5.885,21.118,16.945,19.644,4.841,24.186
6.242,21.128,16.997,19.187,4.452,25.555
21.409,9.377,10.557,7.767,8.663,14.206
5.028,21.082,14.738,17.339,5.905,24.319
18.814,8.378,8.611,8.882,11.377,15.113
11.716,10.05,18.361,6.667,9.728,8.539
21.064,9.279,5.527,6.991,11.023,12.874
4.404,23.381,16.844,18.512,6.184,22.296
11.412,24.054,18.303,16.094,7.485,6.233
11.537,22.216,22.479,15.001,6.922,7.935
4.435,21.363,16.412,18.376,6.338,23.318
13.008,9.09,14.925,7.801,8.463,12.459
4.2,20.789,18.069,19.625,6.184,25.253
19.697,8.399,8.116,9.752,10.549,15.548
4.281,22.386,16.691,18.697,2.846,23.286
2.479,20.585,16.363,18.716,3.27,22.84
21.197,10.391,6.396,9.071,9.648,13.8
13.196,24.28,19.705,17.043,7.422,6.359
10.481,23.595,20.417,15.673,6.575,7.159
10.026,9.201,17.955,6.864,8.117,10.795
11.984,12.894,17.566,7.549,10.776,12.01
13.362,9.302,13.032,8.413,8.611,12.782
5.635,22.289,17.521,16.799,6.307,25.749
13.327,10.798,17.006,8.183,9.957,9.896
20.868,9.697,8.403,8.98,9.74,13.594
12.859,9.822,15.034,6.632,9.359,11.746
21.025,8.223,8.419,7.392,8.26,13.698
6.373,21.958,15.93,17.623,4.506,22.734
21.41,7.881,9.529,6.718,9.445,15.552
13.942,10.523,17.706,6.794,9.689,11.295
11.652,22.308,18.045,15.115,7.109,8.916
4.961,23.011,16.312,17.079,4.776,22.777
13.539,8.69,14.678,7.607,10.093,11.24
21.559,8.613,7.918,8.684,11.728,15.449
21.294,7.865,6.713,6.555,10.874,15.409
14.539,21.849,17.717,15.761,8.982,7.453
7.065,19.48,17.33,20.127,4.055,25.747
14.42,21.14,18.069,15.537,10.446,9.604
12.298,23.759,19.053,16.244,10.302,8.857
5.958,20.916,17.105,18.055,3.249,23.391
3.988,22.877,17.004,19.365,4.273,23.929
19.572,9.423,6.818,7.513,10.55,14.639
14.322,10.259,16.746,5.032,10.472,10.094
22.728,8.617,8.19,7.241,10.365,13.64
10.238,23.554,19.63,16.051,7.881,6.246
20.915,8.371,7.815,10.242,11.42,16.237
11.751,23.467,19.03,15.176,7.208,5.639
20.521,8.86,8.476,9.462,10.425,13.127
11.645,22.469,17.631,16.601,8.365,8.445
12.898,24.457,19.864,16.129,6.81,6.539
13.889,10.644,16.364,6.031,9.642,12.335
10.49,10.452,16.57,9.426,8.504,12.09
3.806,20.925,16.282,16.616,5.335,22.558
11.24,24.637,19.033,14.996,6.578,8.251
21.12,8.711,7.854,8.141,7.722,13.84
20.875,9.924,8.265,9.198,9.536,13.338
19.899,6.227,7.311,7.183,7.724,15.106
5.546,21.839,17.089,17.57,7.832,25.312
9.58,23.914,17.628,16.411,6.783,6.143
13.108,8.219,15.771,7.476,10.294,13.095
5.567,21.189,17.482,17.016,5.244,22.93
10.969,23.479,18.499,14.766,7.234,8.155
13.394,23.127,19.051,17.2,8.272,7.77
12.034,10.408,16.512,5.186,8.433,10.362
20.692,9.666,8.929,7.933,12.072,15.091
6.347,22.249,17.403,20.119,5.373,23.216
19.644,7.555,7.997,8.025,9.737,14.451
20.772,9.511,8.513,6.93,9.346,14.271
12.929,8.431,14.851,8.284,8.244,11.501
9.866,23.746,18.2,15.408,5.701,6.878
13.209,9.671,16.698,9.208,10.327,9.579
5.595,22.874,15.82,16.879,3.267,22.164
4.999,22.12,18.057,17.927,3.07,21.78
7.0,22.764,17.802,19.342,5.127,22.239
2.766,20.92,15.115,18.657,2.308,21.259
21.715,9.456,8.388,7.634,11.372,14.437
6.074,20.839,16.259,16.955,3.484,24.599
11.022,11.149,18.393,6.354,10.611,11.497
21.643,8.295,9.205,9.601,8.845,16.15
4.181,23.337,15.487,18.881,3.202,23.568
8.941,22.901,16.959,17.08,5.865,23.113
5.2,21.612,15.534,19.572,7.104,23.938
13.106,9.623,17.085,7.909,11.042,11.292
13.316,22.69,17.724,15.739,7.322,6.97
12.46,22.017,18.788,15.887,7.744,6.093
10.786,22.456,18.378,16.58,8.475,8.733
21.602,9.777,9.061,9.694,11.107,15.057
11.21,23.683,19.152,18.043,8.602,5.882
6.386,21.394,17.881,17.032,4.615,24.194
13.532,9.445,16.355,7.529,9.692,11.754
14.545,9.211,16.659,5.871,9.732,12.151
6.496,21.562,14.706,18.961,5.234,23.454
21.76,7.592,9.045,8.723,12.033,16.892
11.284,23.887,19.622,17.589,6.709,6.305
21.382,9.737,6.004,10.199,11.79,15.428
14.232,9.776,16.772,7.503,11.916,9.5
12.695,9.885,15.825,8.179,7.95,14.07
12.577,11.206,17.284,7.463,10.613,10.274
21.006,6.916,6.003,9.422,9.432,16.661
10.282,24.716,21.797,15.836,5.887,6.947
20.716,9.389,9.412,9.452,9.943,15.177
5.918,21.975,16.872,18.812,5.603,23.499
12.509,21.325,19.401,15.407,6.421,9.529
11.97,22.248,18.642,15.875,6.923,9.839
13.44,23.408,19.874,18.062,7.731,7.13
5.705,20.933,14.018,16.684,6.713,25.516
14.109,22.906,18.685,16.644,6.766,7.061
20.644,8.315,8.434,6.282,9.441,13.322
13.659,8.606,15.385,6.087,9.497,11.016
10.38,23.27,17.7,16.857,7.785,8.585
11.265,9.769,15.879,6.368,9.35,13.36
9.496,25.123,19.689,15.369,6.317,8.244
13.846,9.191,16.141,7.273,10.764,11.983
12.255,23.015,20.493,14.021,6.931,7.973
3.664,24.288,16.07,18.999,3.802,24.099
11.831,22.85,23.009,17.101,6.945,6.169
21.101,7.908,8.559,9.633,9.747,15.72
14.719,10.677,14.343,5.563,11.805,12.172
7.376,23.094,16.436,18.869,6.542,22.579
15.409,9.483,18.6,4.361,11.256,13.28
4.009,22.705,18.113,16.684,4.522,23.278
11.799,24.336,19.054,16.17,8.539,7.088
11.098,24.824,18.894,16.74,7.298,6.016
7.279,20.666,17.501,18.017,4.563,22.401
13.868,11.066,16.221,6.649,9.867,12.486
5.025,22.913,16.909,19.686,2.807,23.784
5.059,21.242,17.811,18.721,5.6,23.122
22.054,7.145,7.291,8.648,10.454,15.347
20.715,7.947,8.598,7.272,10.383,16.988
5.607,20.909,16.282,18.806,4.86,21.941
13.348,8.382,13.893,8.753,8.943,11.41
12.436,8.633,16.922,6.893,10.534,9.601
22.157,7.454,9.416,10.157,11.83,15.605
4.423,20.652,16.908,20.375,2.289,23.51
7.365,23.494,16.858,18.853,4.807,20.528
3.382,21.709,16.076,17.817,3.89,23.706
11.031,25.461,17.523,17.392,8.637,6.631
13.391,10.73,15.352,5.976,9.509,12.26
6.66,23.069,16.157,19.088,5.32,22.694
11.554,11.397,17.339,7.034,13.017,11.925
12.423,22.536,19.045,15.537,6.561,6.946
14.709,23.293,20.451,14.903,4.559,5.746
5.256,18.802,18.131,18.69,2.89,24.164
11.923,24.044,17.974,18.8,6.229,5.979
20.321,11.444,5.665,7.627,10.972,12.559
13.2,9.258,17.485,7.05,11.166,12.515
13.903,11.105,17.422,8.689,11.072,10.258
6.011,23.971,14.757,19.515,5.77,22.948
23.524,7.605,9.089,8.804,12.776,15.658
13.735,10.552,16.295,6.723,11.092,11.522
12.591,21.498,21.497,14.82,8.666,6.242
21.762,8.77,9.019,9.128,11.216,14.408
3.997,21.967,16.101,18.6,4.253,23.211
4.777,20.219,17.073,19.921,6.144,22.217
11.805,11.64,16.918,8.449,8.209,10.473
11.231,23.366,19.09,15.741,7.109,9.049
6.294,20.611,16.849,17.373,6.332,24.353
5.11,22.344,14.022,18.996,6.098,23.081
20.995,9.303,7.139,5.968,9.051,16.786
11.69,11.099,17.02,6.177,11.583,11.324
22.923,8.216,11.205,8.911,12.596,16.003
4.331,21.356,17.055,20.23,3.432,23.178
20.834,7.477,8.206,8.032,10.366,14.991
15.557,10.521,17.773,5.453,10.365,11.428
21.754,6.158,8.359,6.387,9.359,13.118
4.031,20.256,17.769,17.042,1.948,24.462
13.905,8.502,16.166,6.797,10.038,13.17
4.633,22.702,14.502,16.395,3.197,23.674
11.723,21.337,19.471,16.538,7.762,5.904
13.0,23.636,18.801,15.678,8.019,6.417
5.049,20.778,16.355,17.807,4.848,21.93
11.711,9.455,15.723,7.888,9.757,12.847
14.607,9.155,17.078,7.655,10.223,13.163
21.987,9.081,7.57,6.644,11.995,13.203
5.749,23.552,16.299,19.608,2.338,25.063
12.379,11.087,15.413,6.605,10.631,12.752
14.505,9.99,16.735,5.525,9.614,10.169
6.14,21.298,16.869,17.942,3.735,23.719
10.165,25.715,20.049,16.416,8.953,6.42
12.574,8.401,17.012,8.542,12.285,12.432
11.091,23.965,19.612,17.678,8.596,8.025
7.847,21.845,15.706,17.55,6.293,25.246
14.454,12.49,16.544,8.499,11.916,11.072
20.528,9.308,7.308,9.974,11.149,15.049
13.15,23.67,18.549,16.24,7.46,6.473
5.829,23.176,16.143,18.259,4.827,25.056
15.04,11.306,17.005,8.646,9.357,12.264
22.197,8.231,10.319,8.683,9.818,13.922
18.176,8.904,7.604,7.081,9.495,11.647
20.926,6.419,9.341,5.645,11.013,12.605
7.15,20.657,16.542,17.546,5.233,23.695
13.786,24.363,18.347,14.68,5.418,9.015
5.268,21.74,16.867,20.278,4.156,24.389
14.426,11.229,16.992,7.053,10.814,11.366
18.065,10.03,8.305,7.446,9.332,16.73
10.553,23.876,18.943,16.817,9.448,8.307
14.266,9.949,15.337,5.277,9.314,12.394
13.887,12.028,16.107,7.825,11.891,12.035
5.228,20.996,15.673,18.691,6.409,24.261
11.919,9.919,16.995,4.547,13.596,11.169
13.834,25.334,20.425,16.052,6.998,5.43
23.077,8.741,8.081,9.182,10.83,13.867
21.906,7.425,6.755,8.608,11.268,14.541
14.354,9.527,15.13,6.352,8.883,10.965
13.276,22.87,19.97,16.932,6.402,6.732
20.184,9.122,8.821,6.765,9.484,14.171
6.815,20.93,14.513,19.117,4.071,25.862
11.421,25.822,19.414,16.805,8.673,7.722
21.72,6.646,9.054,9.197,8.106,15.35
13.395,23.291,19.221,16.238,3.9,9.362
12.704,9.46,15.652,7.029,11.979,14.09
7.917,23.687,18.954,16.457,7.501,5.844
12.704,24.063,18.931,16.43,8.97,6.726
20.681,8.786,8.637,6.798,11.789,12.376
4.95,21.879,17.487,17.008,4.39,23.572
4.956,20.722,16.222,16.936,4.015,25.042
12.826,9.308,18.517,8.693,11.027,11.681
11.458,23.863,19.935,17.012,8.684,6.213
21.566,7.601,9.208,8.203,11.827,12.969
20.608,9.291,9.281,7.154,11.825,14.447
13.121,22.363,18.324,14.702,7.927,8.236
11.687,9.9,18.225,8.284,11.439,11.119
12.71,22.625,20.263,16.748,4.625,7.795
12.882,8.812,16.547,6.517,8.809,12.549
11.908,24.288,20.064,15.028,8.479,6.012
12.8,24.343,19.324,13.729,6.204,7.64
12.828,24.799,19.361,15.578,8.607,7.437
6.587,21.238,16.066,16.884,7.214,26.627
12.988,9.59,19.153,5.57,9.912,12.103
12.69,22.646,19.48,16.426,7.236,7.32
21.62,9.864,7.491,6.647,9.46,15.969
5.598,21.396,14.898,17.864,5.259,23.764
21.327,8.696,7.825,8.713,9.776,14.634
12.269,24.675,18.796,16.536,7.574,7.438
20.962,8.455,8.105,9.491,7.988,17.116
12.111,21.179,18.61,16.583,7.112,5.584
5.784,21.915,16.52,17.707,4.531,23.752
16.135,7.886,16.615,5.494,12.032,11.939
21.479,10.285,10.953,6.71,8.844,14.934
19.87,8.651,8.624,8.164,9.326,15.65
13.625,22.68,20.965,15.208,6.221,5.324
11.98,23.727,19.058,17.112,7.812,7.515
11.665,8.733,16.803,7.05,10.345,12.288
23.702,8.596,8.32,7.663,10.049,12.113
10.982,21.71,18.865,14.268,7.665,7.392
19.443,9.467,7.909,6.876,11.374,15.361
12.864,24.196,17.856,17.916,8.841,7.597
7.459,25.285,14.378,19.658,4.54,24.972
13.001,24.021,18.602,15.734,7.812,8.124
12.651,23.719,17.612,15.409,6.405,6.566
12.093,25.931,17.878,16.266,6.989,6.134
20.152,7.119,8.123,7.385,11.031,14.897
5.803,21.674,15.726,19.979,7.004,25.114
10.698,9.506,16.491,5.798,8.678,11.692
13.461,23.469,19.423,13.625,5.999,8.5
6.311,19.901,14.772,17.202,4.229,22.111
4.396,22.097,16.541,20.027,4.663,24.12
12.484,11.497,14.651,9.116,7.832,9.991
10.389,23.594,16.867,15.81,7.943,6.446
13.861,9.813,17.529,6.321,10.441,12.124
13.291,9.121,16.474,7.877,9.812,7.952
14.439,24.477,18.888,15.221,6.759,6.725
5.803,22.777,16.449,20.101,6.654,24.668
21.489,9.808,6.726,7.44,10.491,14.065
22.008,9.519,10.231,8.864,12.449,14.885
5.71,21.632,15.737,18.72,5.976,24.187
6.741,21.817,15.495,18.499,6.382,24.067
10.843,22.452,22.222,17.302,8.758,8.026
11.292,22.499,17.268,16.189,5.631,8.348
22.517,6.563,10.118,9.66,9.644,13.47
9.654,24.63,16.75,17.367,6.995,8.279
6.945,23.585,17.258,21.501,4.038,22.713
6.211,20.28,14.451,18.553,2.692,22.156
20.102,9.087,6.359,7.77,11.899,13.675
13.829,11.658,15.207,8.007,8.375,10.902
4.309,23.009,17.034,20.907,3.342,24.749
4.59,21.946,16.655,21.319,5.104,22.741
20.517,8.104,9.107,8.815,8.381,13.979
5.483,22.288,15.322,17.735,5.152,25.985
14.763,10.233,17.232,6.245,10.189,11.446
13.402,22.623,17.922,16.406,7.164,8.215
19.602,9.203,5.391,9.146,11.279,14.929
5.667,20.582,16.531,20.085,5.041,24.1
14.107,8.984,16.382,8.781,9.934,12.266
21.622,8.365,7.381,9.613,11.292,14.74
20.338,9.729,8.871,9.296,10.373,15.871
11.97,9.298,16.083,6.375,11.519,9.844
11.894,22.836,18.849,16.244,5.359,9.23
3.864,22.939,15.97,19.179,3.417,21.946
23.053,7.14,8.365,7.123,14.337,15.548
19.667,8.591,9.076,8.103,9.971,16.319
11.973,10.806,18.348,9.168,10.376,10.074
11.052,22.997,17.712,16.045,7.392,8.227
12.307,22.149,19.641,15.421,8.956,6.271
20.043,10.051,10.823,6.881,10.638,14.333
6.514,20.051,17.113,17.297,4.737,23.623
11.255,22.923,19.071,16.532,7.431,9.482
11.278,21.991,20.141,16.84,8.538,7.063
11.913,10.537,17.343,6.27,11.738,13.206
18.753,8.617,6.309,10.296,9.115,13.816
3.572,24.21,15.517,18.163,4.212,22.426
4.457,21.83,15.208,20.724,6.548,24.504
13.666,11.981,15.976,6.716,7.384,10.512
12.564,9.867,16.909,5.488,11.389,12.708
13.47,9.175,16.372,6.295,9.992,13.102
23.153,7.583,5.558,7.347,11.486,17.298
13.408,7.994,14.759,6.178,11.179,12.434
5.697,22.312,15.043,16.571,4.829,22.239
4.092,22.551,15.142,17.751,5.506,25.159
13.289,24.095,20.826,15.474,7.555,7.483
6.574,22.322,17.29,17.583,3.984,24.617
20.821,7.972,8.455,8.043,10.938,15.342
23.082,8.44,7.956,7.681,11.987,17.384
13.357,8.739,17.227,8.12,10.478,12.726
11.396,10.368,14.693,8.319,9.578,12.247
11.848,21.313,19.328,16.86,8.144,4.254
11.263,25.392,17.408,17.794,6.519,5.281
21.557,7.638,7.04,7.584,8.523,14.535
21.571,10.497,8.296,6.652,9.092,14.973
21.298,9.277,6.804,7.891,10.812,12.912
20.149,8.54,6.798,7.716,11.299,13.447
12.877,21.994,18.167,17.483,6.522,7.076
12.028,24.062,18.678,15.879,6.052,6.992
13.342,20.67,19.559,13.297,6.278,9.391
5.359,20.816,16.906,18.217,4.085,23.458
19.53,8.538,7.144,7.84,10.587,14.224
11.111,23.618,19.555,16.856,7.527,8.327
20.367,9.035,9.888,9.008,11.081,18.112
4.448,19.63,15.726,20.103,4.799,25.363
19.24,9.631,8.795,6.878,11.298,16.73
4.64,23.398,16.29,20.028,4.272,24.441
4.553,22.292,17.156,21.334,6.078,24.006
20.636,9.237,8.037,7.902,11.137,14.252
11.678,23.868,17.071,14.937,6.004,7.607
12.471,22.672,21.264,15.36,5.409,6.87
21.133,7.327,6.874,6.804,10.0,13.752
11.741,22.223,18.965,14.515,6.851,5.712
10.466,22.073,19.781,15.873,8.538,8.888
14.006,11.849,15.741,8.03,9.41,11.906
11.928,25.943,18.43,15.209,7.938,6.626
14.483,9.837,16.595,6.899,10.807,12.713
5.852,22.473,15.728,18.682,5.049,25.258
11.996,9.319,15.957,6.749,10.358,10.763
12.056,24.513,20.745,15.928,7.757,9.45
20.07,6.933,5.968,6.475,9.287,13.898
5.737,21.779,17.234,19.558,5.56,21.187
13.942,9.825,17.237,8.096,10.459,10.659
18.658,9.167,8.585,8.831,9.791,15.269
7.456,21.894,15.406,17.173,5.949,23.868
10.101,25.132,18.569,15.988,9.03,8.103
22.085,9.153,7.38,8.785,11.708,12.747
13.095,22.098,19.115,15.449,8.87,5.608
13.345,9.305,17.848,4.735,11.123,12.472
12.597,8.781,16.179,5.618,10.642,11.773
23.321,9.777,8.448,9.227,10.816,14.001
13.269,11.373,16.618,7.317,11.172,11.11
11.104,23.941,19.741,17.644,7.196,9.823
6.429,22.002,16.391,17.586,4.591,22.419
12.097,23.692,18.912,14.204,7.458,8.889
6.441,21.779,16.571,17.376,5.223,24.72
14.754,10.272,17.365,6.613,9.033,10.579
13.481,10.11,16.954,5.518,8.261,10.223
21.992,5.775,7.573,6.9,11.195,16.464
12.367,22.677,18.351,14.465,8.548,6.973
19.065,8.139,8.135,7.945,11.982,13.659
12.226,23.741,19.565,17.61,5.726,6.267
9.764,22.657,18.56,18.299,7.107,4.794
13.975,9.243,18.035,5.794,10.926,12.306
4.39,21.648,16.568,18.299,4.681,22.453
13.297,7.196,17.885,8.132,9.492,11.981
6.491,23.262,16.396,19.639,6.945,24.036
22.857,6.801,8.499,7.27,10.974,12.703
13.202,23.154,18.993,14.483,8.657,8.189
13.052,24.247,21.029,15.726,5.893,6.829
5.162,21.917,16.896,18.751,3.186,24.089
11.794,9.643,18.186,8.349,10.106,12.203
5.294,20.648,17.555,17.818,5.122,22.874
11.167,24.098,19.814,15.817,5.532,7.187
21.761,7.671,11.576,7.363,10.528,14.328
6.602,21.13,15.641,18.986,3.753,22.924
22.576,9.231,7.944,8.0,10.608,14.981
10.887,21.977,19.328,14.761,6.939,6.242
5.241,22.549,18.448,17.793,3.387,25.571
6.674,21.496,18.228,17.3,3.828,22.697
21.964,6.465,9.531,10.264,11.641,16.1
14.009,8.956,16.426,6.044,7.801,10.558
12.444,24.36,18.808,17.012,6.902,9.9
11.932,23.157,20.962,16.886,5.229,5.918
3.572,19.397,17.693,18.36,4.409,23.488
15.022,10.727,15.422,5.878,12.59,11.188
3.59,21.822,15.802,19.94,4.256,25.043
21.343,8.786,7.572,9.283,11.878,14.293
11.787,24.756,21.988,15.652,6.849,8.689
4.445,20.335,15.193,18.976,5.97,24.128
13.098,10.784,15.453,6.106,9.711,10.807
13.515,8.688,18.24,7.185,10.49,11.784
5.724,22.93,16.375,19.811,6.416,24.413
11.646,23.348,18.014,17.067,7.291,7.939
14.735,9.819,14.123,6.645,12.251,10.727
14.538,22.308,19.578,15.654,6.393,7.423
12.406,9.551,16.729,8.355,8.347,11.162
22.024,9.799,6.965,7.795,11.879,13.337
12.91,8.499,17.126,6.144,9.707,13.002
5.306,23.523,17.141,17.638,3.582,23.08
11.733,7.881,14.46,8.149,9.249,12.625
11.323,23.127,19.743,18.456,9.026,6.269
7.442,21.282,16.578,19.58,3.723,25.365
4.173,21.104,13.49,17.907,4.486,22.161
3.476,19.977,16.584,19.05,6.356,24.481
6.333,21.902,18.91,17.51,3.054,25.861
12.28,22.819,19.496,15.975,8.103,5.15
10.713,23.084,20.737,15.478,7.255,7.744
13.001,23.232,19.766,16.982,8.044,8.77
6.333,21.613,14.796,19.635,4.369,22.248
19.611,9.743,8.555,5.74,11.285,16.005
5.207,21.169,14.78,16.536,4.381,23.232
13.086,10.125,14.46,5.448,10.011,9.39
11.701,11.472,14.393,8.391,9.293,9.659
7.487,23.013,17.638,19.43,5.351,22.221
4.529,22.064,17.217,17.864,4.833,24.807
13.779,23.763,17.92,16.252,7.458,8.003
14.418,8.389,19.085,7.703,10.314,12.265
3.966,22.068,13.552,18.446,4.007,24.934
11.566,22.845,20.191,18.668,8.581,10.042
13.715,24.019,20.635,14.679,5.797,7.257
13.588,10.721,17.861,6.919,8.669,11.395
6.077,22.645,17.5,17.88,3.157,23.653
12.689,11.502,16.811,9.138,10.456,14.273
5.01,23.437,17.173,18.629,6.049,26.82
11.768,23.37,16.295,14.887,6.12,8.422
21.421,8.665,8.019,10.018,12.26,14.109
5.935,22.477,15.907,18.66,4.74,23.699
12.516,23.143,19.872,16.77,6.924,7.286
13.169,10.463,15.782,6.632,9.885,12.692
14.331,11.427,15.473,5.617,10.434,12.489
12.035,11.33,17.204,6.109,11.184,9.696
21.386,8.446,8.016,6.895,13.377,14.999
11.711,10.476,15.299,7.843,10.321,9.046
21.674,5.927,7.968,7.76,11.59,15.098
13.413,12.509,16.634,6.917,9.701,14.034
19.589,8.866,9.225,8.5,9.72,13.61
13.641,23.233,17.746,13.786,5.67,5.787
13.963,9.999,15.69,7.278,9.432,10.798
13.37,22.532,17.239,16.205,7.019,6.425
21.836,8.333,6.887,8.16,9.631,15.756
4.399,21.315,17.95,18.153,6.853,25.432
11.93,12.261,17.824,5.329,8.051,9.933
11.033,24.282,18.049,18.969,6.605,8.667
11.382,24.336,18.767,16.218,8.019,9.964
4.764,20.265,14.147,18.914,5.513,23.238
7.906,25.865,19.213,15.18,7.979,7.663
20.961,7.156,6.983,9.213,9.04,15.481
13.075,22.495,20.391,17.347,8.104,8.171
12.235,26.015,17.361,15.948,4.408,7.075
13.309,24.429,18.52,16.029,7.273,6.502
11.371,23.686,19.596,18.081,6.967,9.211
9.854,25.757,20.459,15.354,7.763,7.937
17.111,8.047,6.351,6.942,10.693,14.565
11.142,21.893,21.314,16.331,6.597,7.693
13.311,10.011,15.981,5.167,9.146,12.762
11.252,23.795,17.423,17.677,8.96,5.942
5.917,21.031,16.111,18.67,4.72,24.597
6.561,20.405,15.733,18.563,5.024,23.115
13.229,9.138,16.496,5.879,8.114,11.325
13.581,21.551,18.054,18.113,7.594,8.498
11.272,25.074,20.851,15.662,6.932,7.098
3.042,22.732,16.025,18.053,3.81,24.794
12.435,10.368,15.715,7.744,10.491,13.239
20.957,8.932,8.108,7.969,10.242,16.139
10.481,23.973,17.523,15.906,5.718,10.825
6.68,20.999,16.598,16.834,5.411,24.301
11.169,10.291,16.135,7.82,9.14,10.603
10.508,22.924,20.716,14.598,5.597,7.759
13.156,24.467,18.028,16.778,6.27,5.78
12.298,12.079,16.948,6.161,11.901,11.669
11.73,23.974,16.32,16.095,7.608,8.455
12.74,23.42,18.983,17.206,6.966,5.177
10.72,10.847,17.737,5.575,8.629,12.056
12.426,9.719,15.631,7.621,10.073,12.362
13.415,9.167,17.946,8.408,10.96,12.88
20.893,6.365,7.99,9.454,10.485,15.677
20.907,9.479,9.894,5.014,11.702,16.668
22.8,7.568,8.451,6.978,10.626,14.368
14.743,9.533,16.832,5.842,10.039,12.107
11.761,10.334,18.8,8.879,11.125,12.784
12.459,21.161,18.128,16.225,7.741,5.858
13.706,10.927,16.749,7.301,11.52,12.621
13.311,9.875,15.762,7.844,11.015,10.069
14.765,12.656,14.745,8.193,8.829,10.731
11.848,22.897,19.876,18.009,8.395,8.542
13.072,9.19,19.181,7.176,11.142,12.427
21.047,8.363,7.634,8.255,11.038,13.438
18.733,10.354,9.241,8.121,10.843,15.402
6.396,21.066,15.705,17.144,5.632,23.484
10.518,23.88,18.098,18.443,9.29,8.161
14.029,10.079,16.46,7.875,8.927,11.689
5.493,22.051,14.053,17.188,4.618,24.331
4.829,20.733,17.842,18.486,3.793,23.125
3.79,23.49,15.524,15.8,4.295,22.364
4.072,21.944,13.388,18.974,3.036,23.599
13.637,8.363,18.893,7.649,9.967,12.639
5.157,23.651,16.302,18.875,4.778,23.229
13.287,9.57,17.199,7.853,8.535,12.227
16.775,10.651,15.607,6.531,9.97,13.451
12.414,9.737,16.959,6.615,11.998,10.545
12.174,22.453,17.879,15.524,6.986,7.377
6.521,22.341,14.737,18.365,4.048,21.792
11.16,10.691,16.562,7.401,10.996,11.358
12.766,11.736,18.345,5.463,11.738,13.131
5.893,21.808,13.926,20.002,4.996,23.571
11.202,22.601,16.837,18.378,5.889,7.506
5.778,20.514,14.312,19.419,5.818,24.263
5.618,21.393,18.704,20.477,5.766,23.01
22.537,10.105,6.933,6.998,8.812,14.013
12.467,10.204,13.456,7.887,10.32,11.343
5.247,22.293,15.987,19.283,5.823,24.793
11.985,22.968,20.076,16.365,8.28,5.307
14.236,21.694,19.183,15.495,7.947,7.459
21.689,8.92,8.009,7.461,12.274,15.739
7.17,20.999,18.479,18.472,7.835,23.888
10.618,22.918,19.867,16.827,9.275,7.94
15.803,12.495,16.308,6.867,10.551,10.228
11.573,10.13,15.351,7.238,9.942,11.969
19.283,8.275,9.714,10.339,9.335,14.875
5.212,21.856,17.539,17.626,5.444,23.754
13.887,13.34,15.861,6.893,10.634,13.433
21.091,9.52,7.678,7.61,10.425,16.231
20.388,6.969,7.252,8.841,12.148,17.302
14.154,11.381,17.118,7.011,10.911,12.601
18.469,8.816,8.223,10.295,10.262,15.26
20.53,9.033,8.04,9.24,10.861,13.664
20.375,10.634,6.232,9.212,11.485,15.443
11.164,21.281,17.616,17.772,7.249,6.778
5.306,20.026,17.129,16.604,5.943,23.223
19.493,7.579,8.531,8.82,10.665,15.948
21.593,9.463,9.033,5.889,8.704,16.216
3.573,21.184,16.014,17.257,4.084,23.585
14.114,9.212,16.741,5.848,10.956,12.622
2.453,21.66,14.146,17.012,3.125,22.463
21.906,7.629,7.64,9.466,10.912,14.889
5.046,22.134,18.014,15.985,5.684,21.867
11.696,23.349,19.909,17.457,6.832,7.255
12.315,10.842,17.321,6.349,12.375,13.997
11.352,25.829,19.473,14.758,7.282,6.654
20.887,7.327,8.775,8.349,8.567,13.654
11.362,24.065,19.617,16.047,5.936,7.803
14.159,23.871,19.055,16.333,4.575,8.33
13.115,8.416,15.957,5.717,10.834,12.945
20.077,7.588,5.037,8.088,10.482,13.854
10.575,23.788,20.153,17.707,7.357,7.006
4.639,20.44,16.791,19.095,4.177,26.036
10.666,24.165,18.336,15.061,7.772,4.226
5.083,20.07,17.455,18.851,6.362,23.482
11.27,10.257,15.942,5.803,7.635,11.224
4.799,22.498,17.359,17.912,6.287,23.68
20.38,9.185,5.459,10.211,11.655,12.965
10.603,8.371,17.902,6.934,12.258,12.719
4.164,20.855,15.669,17.115,3.848,24.506
22.615,8.067,9.856,6.683,8.289,15.523
12.313,9.269,17.11,7.114,8.788,12.789
13.482,12.824,16.669,8.942,10.189,12.186
22.714,10.488,8.619,7.771,9.918,14.79
12.874,21.984,18.036,16.371,8.671,8.038
6.389,21.638,15.648,17.016,3.352,22.828
12.374,22.556,16.963,16.893,4.96,7.055
10.6,22.89,15.257,16.771,6.664,8.769
18.674,8.278,9.687,6.177,9.98,12.262
12.487,11.207,17.135,4.124,10.025,10.125
13.841,7.906,17.085,7.769,11.177,11.193
11.293,8.592,17.937,6.05,10.602,10.414
5.574,24.448,16.761,18.221,3.648,21.983
10.91,12.834,16.713,9.429,11.243,11.778
21.176,8.564,9.525,9.171,10.043,12.468
4.941,22.662,18.215,17.481,5.282,24.97
11.778,10.518,16.41,7.862,11.033,11.262
4.725,21.072,18.022,20.472,6.882,25.022
12.538,21.464,19.197,16.41,7.486,8.68
20.815,8.442,6.403,7.683,11.056,12.957
6.189,20.737,17.57,21.259,3.778,22.296
6.421,23.797,15.782,18.963,3.565,24.727
21.395,8.841,8.435,7.057,11.772,15.489
12.33,10.62,15.995,7.068,12.254,10.906
5.332,22.753,15.186,18.208,4.486,22.23
14.157,10.319,16.207,9.397,9.726,10.314
6.458,19.955,18.401,17.211,5.783,24.61
12.128,24.354,18.829,15.967,9.432,8.084
20.061,8.703,7.806,8.3,12.275,14.156
2.751,19.733,15.612,17.803,3.289,24.614
11.763,11.389,16.017,8.869,10.453,13.33
4.385,19.779,15.2,16.451,4.798,24.79
20.291,8.485,8.887,7.935,9.674,15.36
11.335,22.415,18.043,15.817,7.895,5.861
13.359,8.86,17.637,7.564,9.022,12.089
12.204,25.345,17.384,16.867,9.214,8.346
23.285,7.07,9.724,9.871,11.933,15.093
11.189,23.622,18.883,17.642,7.54,6.54
4.586,20.501,15.888,17.679,3.633,24.682
22.699,10.923,9.206,9.961,11.358,13.795
13.384,24.186,17.725,17.018,9.198,7.4
22.911,10.084,7.512,8.802,11.098,16.575
6.503,21.975,17.464,20.835,4.555,27.083
12.949,22.89,16.911,15.18,9.312,7.107
18.822,8.601,7.293,7.671,9.421,13.681
11.261,22.082,18.227,16.124,8.586,7.685
3.638,19.55,17.143,16.16,3.556,21.554
8.671,20.752,14.153,19.148,6.66,24.691
20.075,8.251,8.212,7.726,10.22,16.03
19.124,9.558,8.156,8.011,9.842,15.705
21.071,10.827,7.393,7.45,11.607,16.025
21.522,7.861,8.312,5.603,10.401,14.069
4.01,19.602,16.415,18.068,4.393,23.273
4.785,22.106,16.996,17.659,5.573,24.499
11.29,25.74,17.189,17.17,6.747,7.033
6.242,22.329,16.58,20.022,4.348,23.366
12.083,23.928,19.755,16.795,8.443,6.695
19.617,7.115,7.881,10.657,11.31,16.024
12.354,19.677,20.182,18.013,6.176,6.269
13.22,6.737,17.184,6.072,10.304,10.894
21.502,8.738,7.587,6.534,8.677,17.435
4.819,21.056,17.135,18.744,2.446,23.814
12.002,9.484,17.221,7.523,11.006,14.682
4.514,22.567,16.255,18.092,3.19,23.633
5.877,22.031,15.999,18.803,5.293,24.596
11.985,22.926,18.22,15.926,6.971,7.64
15.753,11.013,15.769,6.172,9.623,9.166
12.719,9.55,18.276,8.554,8.955,13.248
13.504,8.933,16.338,6.203,11.406,12.029
11.162,9.216,18.556,5.721,10.17,9.968
10.925,24.477,20.376,14.892,5.992,7.706
11.625,8.865,13.537,5.811,9.361,12.027
12.614,21.53,17.181,18.296,6.551,6.435
13.124,21.451,15.347,16.975,7.729,6.128
14.734,11.498,18.298,8.498,12.204,12.297
21.217,8.731,7.89,6.33,8.74,16.214
5.737,20.718,15.665,18.23,5.397,22.217
9.998,24.52,18.746,14.794,6.445,6.395
22.998,8.791,6.025,8.876,9.484,15.03
5.07,21.858,17.97,18.424,3.664,21.771
13.374,10.231,16.743,8.457,9.89,12.364
11.956,25.248,19.216,14.589,7.875,7.73
11.064,9.536,18.127,7.457,10.216,11.177
11.889,12.007,16.825,7.074,9.961,12.561
11.549,25.181,20.149,17.372,6.836,8.087
10.958,25.982,19.348,15.287,9.42,9.929
11.717,23.743,17.232,16.949,6.476,7.414
12.803,22.243,16.821,15.65,6.517,7.341
14.761,8.16,15.877,10.647,9.639,12.15
1.334,22.101,15.155,18.358,3.757,22.657
20.786,8.859,5.047,10.069,10.87,14.682
11.628,23.907,20.781,16.411,7.609,7.458
20.133,8.828,7.222,8.323,11.199,13.342
10.223,23.044,20.499,16.221,7.606,8.006
20.869,7.961,6.138,7.522,9.696,16.451
5.374,22.949,18.334,20.039,3.448,23.634
12.405,22.92,19.19,16.934,6.742,7.343
10.639,23.285,19.64,15.9,4.799,8.958
6.804,21.003,17.406,19.805,5.408,22.215
5.612,23.453,16.768,18.358,4.906,22.248
13.3,11.101,17.044,8.408,13.587,12.25
10.522,23.909,18.688,17.146,8.004,7.348
20.525,7.586,9.552,8.352,9.794,14.924
7.203,21.722,16.686,18.811,6.059,22.982
12.856,10.936,15.808,8.18,10.199,11.688
5.815,21.531,16.656,17.925,4.322,23.023
21.425,8.692,7.219,5.122,11.869,14.747
18.984,7.692,9.146,8.173,9.863,14.17
20.935,8.778,7.532,6.56,12.168,13.779
20.26,8.936,8.229,7.492,12.421,14.054
8.429,23.087,19.118,13.149,9.037,6.579
5.665,21.5,17.052,17.003,4.338,25.148
16.725,8.24,8.287,9.58,10.445,16.015
6.561,19.225,14.261,17.879,5.072,25.304
11.005,23.562,17.338,16.308,9.717,8.664
14.312,10.573,16.923,5.665,10.398,10.297
3.207,23.65,16.331,19.067,5.516,23.312
12.145,23.112,21.544,16.333,9.613,6.031
5.832,20.544,16.789,19.005,2.375,23.761
20.963,10.062,9.533,7.465,11.612,13.464
5.109,23.132,16.732,18.885,3.311,22.461
9.598,21.795,18.206,16.32,8.058,6.565
9.157,23.054,19.119,16.226,7.262,7.487
11.548,23.731,18.75,16.21,5.385,7.906
11.096,22.293,19.014,15.292,7.761,7.376
11.67,23.263,18.503,17.903,6.557,6.548
7.351,22.637,15.683,17.855,4.848,24.331
13.436,10.569,17.26,7.108,11.861,14.176
18.837,10.004,7.131,9.598,11.136,13.097
6.604,22.522,15.368,19.837,5.646,24.543
11.537,24.62,18.951,17.32,9.183,6.73
12.082,21.101,19.68,16.647,8.203,8.706
12.379,9.899,15.754,7.048,8.451,12.26
20.79,10.157,6.39,9.663,9.367,15.836
6.139,22.113,16.25,19.209,3.393,20.895
11.275,23.006,20.891,17.425,8.558,7.88
11.8,10.937,18.217,6.157,9.625,12.828
8.128,19.346,16.169,19.049,4.768,24.172
21.891,7.191,7.622,10.076,10.784,13.002
12.394,23.896,18.496,15.896,6.562,8.358
20.552,7.038,7.777,9.398,8.878,16.081
11.828,23.375,17.513,15.101,6.446,7.492
6.099,23.953,17.514,20.147,3.865,24.629
5.605,22.401,16.304,18.439,4.83,23.487
11.883,22.999,17.566,14.11,6.819,8.513
12.263,10.709,15.804,6.463,11.111,10.568
11.358,12.264,15.824,4.822,11.521,10.713
20.284,8.145,7.234,8.038,9.038,15.726
4.891,21.302,15.844,19.364,5.83,24.383
23.939,8.011,9.138,7.193,13.081,15.218
13.142,9.296,18.232,6.995,9.795,11.172
13.406,7.983,16.64,8.499,11.197,11.584
5.515,21.838,15.869,17.964,4.624,23.764
5.731,20.816,16.604,17.475,1.522,27.262
21.902,6.849,8.493,7.115,8.17,13.635
22.193,8.827,9.555,7.562,12.43,13.878
21.837,7.936,9.511,6.867,12.959,17.246
11.569,10.833,15.173,7.043,8.849,10.38
21.319,7.931,7.72,6.567,9.827,12.979
11.996,23.37,18.858,17.479,8.333,7.793
13.26,12.162,16.179,6.878,10.499,10.223
20.848,8.052,7.046,7.663,10.796,16.708
10.962,24.221,19.63,16.757,7.775,7.888
13.182,19.925,18.936,16.162,6.892,9.507
10.199,22.747,17.17,14.939,7.903,6.027
13.107,22.464,17.911,15.395,7.373,8.132
4.337,21.252,17.16,16.965,3.999,23.003
10.992,19.833,19.584,14.825,5.016,4.037
21.779,9.438,6.251,8.465,9.194,14.265
13.016,8.495,16.126,8.182,9.844,13.067
13.855,9.217,16.675,7.328,10.924,11.69
1.866,20.581,15.705,17.091,5.418,22.781
14.574,21.651,19.912,18.286,7.047,8.467
11.382,23.433,20.647,16.312,5.402,7.877
6.35,23.361,16.034,17.822,6.781,23.48
3.623,21.795,16.985,18.659,4.597,23.317
11.474,8.083,15.305,6.278,11.407,13.023
5.999,22.835,18.406,19.172,3.705,23.537
18.723,8.501,7.834,7.435,9.305,16.134
12.766,22.626,18.577,13.625,8.572,8.421
22.074,9.728,8.304,9.698,9.858,15.365
6.625,20.426,17.644,18.879,5.349,23.406
15.351,9.035,17.083,5.978,8.486,10.665
14.087,11.441,15.962,6.578,9.641,10.621
5.769,20.927,14.904,19.227,4.399,23.92
13.055,9.38,18.662,7.738,10.158,10.316
13.019,22.795,17.897,14.558,8.012,9.096
12.631,24.434,18.862,16.566,4.843,6.931
13.68,8.87,17.295,7.976,10.745,14.617
10.556,10.588,15.798,4.694,9.967,11.417
4.77,19.864,16.672,21.131,4.263,25.597
13.309,11.916,18.09,7.648,11.13,11.958
21.206,7.934,6.186,7.265,10.204,15.045
11.816,22.94,18.759,16.544,6.244,6.217
13.541,9.855,16.879,10.207,11.607,12.081
10.742,22.805,19.823,15.842,9.509,6.956
3.598,22.254,16.782,18.989,5.058,22.799
8.313,21.597,19.886,18.712,8.52,7.824
6.13,20.56,15.601,16.494,5.975,23.304
5.839,20.684,15.283,18.315,5.69,24.487
3.493,21.626,17.184,19.622,4.158,23.388
6.332,20.255,18.12,18.47,4.799,21.337
10.659,23.897,20.737,16.716,7.061,7.435
5.138,23.189,14.86,19.777,4.134,22.173
13.83,13.299,17.202,6.009,11.204,13.736
3.821,20.659,15.661,17.8,5.079,22.543
21.417,7.49,7.744,7.434,9.566,15.0
21.948,10.878,6.164,6.396,11.723,16.55
13.239,9.487,14.911,7.594,10.814,11.761
11.535,10.226,17.279,8.434,9.666,10.536
12.619,10.463,17.07,8.627,10.818,10.801
14.098,9.633,16.203,6.437,10.621,11.344
5.093,23.314,15.065,20.247,5.203,24.461
12.811,11.168,17.017,7.933,9.922,12.13
5.692,21.556,17.97,18.987,5.277,25.112
12.759,21.232,20.521,14.294,8.675,8.788
7.255,21.679,16.337,19.282,6.191,22.095
14.378,8.626,17.117,6.121,8.939,12.761
11.114,21.518,22.901,16.12,7.045,7.572
7.511,20.637,16.511,16.978,4.852,22.434
13.386,23.092,16.482,16.806,8.966,8.546
15.343,10.308,15.817,7.356,11.534,13.179
21.07,10.004,8.747,6.436,9.421,15.154
21.146,8.91,9.515,10.477,12.173,12.691
21.056,9.204,9.411,8.712,12.759,16.444
6.549,21.817,17.799,16.651,4.309,23.628
20.335,9.402,8.891,6.619,10.088,13.908
10.884,22.202,19.951,16.057,7.119,5.031
4.872,21.999,16.037,18.318,4.341,24.279
14.3,12.596,16.267,6.364,8.951,12.553
13.19,21.869,19.517,14.885,6.099,6.679
20.831,8.475,8.43,6.744,12.116,14.512
12.095,23.914,17.758,18.237,9.826,7.907
11.609,11.327,17.922,6.953,10.232,10.586
21.158,9.038,7.222,7.608,12.214,14.947
21.464,9.725,8.194,6.554,10.135,14.323
11.413,23.28,18.975,16.506,8.169,7.393
24.091,9.288,7.974,7.342,9.615,14.872
21.279,9.263,8.191,8.098,9.924,15.139
5.43,22.169,16.588,18.098,3.293,23.162
12.06,23.214,18.302,16.768,7.391,8.76
10.81,23.957,19.458,17.971,8.217,5.632
21.294,8.448,7.451,5.979,10.267,15.705
19.097,9.884,9.024,8.019,8.806,13.354
12.815,9.397,16.947,6.438,10.868,11.138
19.671,8.411,4.471,7.583,9.877,16.494
13.055,9.003,17.16,7.405,8.949,11.445
11.347,23.851,18.904,16.378,6.342,8.624
22.173,8.746,8.282,6.997,9.151,14.616
4.208,22.109,15.331,17.864,0.365,26.225
5.476,22.392,16.522,20.4,4.483,23.109
6.988,20.575,17.526,20.308,6.567,24.9
12.223,9.746,16.6,8.714,12.13,11.83
11.401,22.577,20.43,16.842,7.737,8.406
12.567,11.198,17.426,6.748,11.143,12.759
21.711,8.526,7.694,6.899,10.077,15.901
21.384,9.578,7.712,8.182,10.435,14.286
5.157,20.8,17.283,17.545,4.18,23.801
13.502,10.28,12.559,7.04,9.539,11.68
11.373,23.83,18.891,15.11,8.783,10.22
22.376,8.057,5.159,9.208,10.829,15.031
16.235,9.638,16.754,6.435,10.369,13.353
12.349,11.379,16.867,6.026,11.284,12.364
19.711,8.606,10.366,6.835,11.464,16.414
12.418,10.503,15.465,8.364,8.393,10.787
19.465,8.994,8.458,4.082,8.463,14.258
11.408,8.407,16.899,9.435,11.22,11.388
13.37,11.772,17.198,6.47,10.667,12.163
13.564,6.999,15.734,6.369,10.225,11.271
12.868,11.473,17.354,8.708,11.831,11.219
11.408,7.731,17.987,8.649,9.576,11.704
11.654,22.658,15.441,18.753,8.743,6.984
12.415,7.353,16.0,7.561,9.672,11.083
13.224,22.577,19.01,16.351,6.834,5.789
4.501,20.908,14.604,18.526,3.8,24.658
11.858,24.154,16.477,18.835,7.097,5.006
6.007,21.814,16.762,18.992,5.785,24.034
5.487,20.21,17.442,19.483,4.38,23.476
20.033,10.055,8.711,9.559,9.257,13.961
6.75,19.661,15.506,17.613,1.69,24.394
21.325,9.573,8.756,9.472,11.046,13.67
4.818,20.752,15.522,19.081,4.612,23.2
21.553,9.492,7.513,8.397,10.81,15.697
21.836,8.39,7.431,7.39,8.017,15.727
11.617,23.11,17.941,16.272,7.361,7.725
5.82,20.356,16.015,17.272,6.764,26.099
9.813,25.19,19.572,17.189,6.526,8.183
11.836,25.025,18.86,16.832,6.161,7.95
20.57,10.15,7.491,6.5,9.838,14.381
11.264,9.465,14.415,6.091,8.896,11.746
13.05,10.67,15.482,5.967,10.325,11.777
6.479,21.444,15.958,18.227,3.815,24.017
6.401,21.839,16.954,17.384,4.924,23.143
13.085,9.749,18.374,9.789,11.896,11.669
11.624,10.43,18.856,5.471,8.7,11.004
12.043,24.181,18.848,18.017,6.625,9.597
6.962,23.5,15.243,17.381,5.22,22.289
20.064,9.479,7.432,9.085,10.217,13.168
20.815,7.019,8.624,7.663,12.295,15.657
11.718,23.239,21.323,14.626,8.043,9.223
11.897,23.917,20.967,16.962,7.917,7.727
15.113,22.964,19.833,15.508,4.928,7.232
20.483,8.203,6.664,8.169,6.779,14.514
4.184,23.451,17.847,19.188,3.962,25.316
14.108,24.325,18.066,15.831,8.142,7.961
3.053,20.653,18.803,17.758,6.245,22.981
13.765,10.792,16.99,7.449,10.506,11.467
11.768,11.793,15.098,5.683,10.325,11.707
19.501,8.356,7.167,7.983,9.789,14.768
22.511,9.019,7.607,6.516,10.675,16.833
13.083,9.601,18.453,7.23,9.005,12.547
6.334,22.585,15.307,17.161,4.261,23.693
11.612,22.285,19.042,17.175,6.064,7.541
15.874,11.083,15.759,8.561,10.07,12.23
4.395,22.783,16.798,19.387,3.668,21.461
1.883,21.606,17.289,19.671,3.891,23.353
19.982,8.032,9.405,6.273,9.562,15.405
20.293,6.973,6.197,8.452,9.355,15.502
6.592,21.114,17.203,15.735,3.143,25.265
12.535,23.11,19.597,17.354,7.052,9.59
5.144,22.258,16.459,18.935,3.746,22.351
6.373,20.487,17.41,18.191,2.144,24.059
21.234,8.921,8.272,8.039,11.824,14.558
20.483,8.361,6.578,8.519,11.771,16.639
20.857,8.666,8.019,7.165,9.209,13.624
11.755,10.751,16.56,6.56,12.611,11.266
12.872,24.243,19.028,16.755,8.936,5.837
7.922,21.144,17.818,17.915,5.794,24.797
10.799,22.611,16.407,15.658,6.525,7.616
12.41,22.261,17.244,16.372,8.471,5.402
7.387,22.291,16.507,17.69,5.817,22.725
4.728,19.418,16.151,21.419,2.811,23.491
5.179,22.641,17.358,20.443,4.674,23.515
13.026,22.846,17.174,13.83,8.949,8.176
12.626,10.907,15.652,5.344,10.929,10.734
11.605,24.055,20.605,16.721,8.861,6.278
20.936,9.309,7.609,6.534,9.453,14.619
3.438,18.181,15.288,20.129,6.237,22.852
21.061,7.567,7.38,7.637,10.619,15.83
21.882,9.31,6.24,10.178,9.495,15.098
13.617,22.13,18.461,14.543,8.603,7.608
13.233,11.437,17.984,7.677,11.47,13.012
22.101,9.142,8.695,9.826,11.252,16.7
14.441,10.712,16.877,6.981,13.397,10.821
11.723,22.373,19.412,17.118,7.608,9.36
11.748,21.644,18.893,18.334,8.933,7.361
20.959,8.325,9.166,8.563,8.976,13.64
10.731,23.593,19.906,15.604,8.459,5.961
14.319,21.516,20.347,17.457,6.501,7.68
5.518,22.768,15.149,18.752,5.236,23.059
12.625,23.347,19.682,16.366,8.121,6.459
12.916,23.108,18.329,17.548,6.591,5.746
21.143,8.201,8.548,8.467,9.954,16.084
10.461,24.446,18.797,15.661,5.806,6.14
4.669,22.567,15.288,18.589,3.158,23.541
12.069,10.545,15.391,8.517,8.611,11.828
20.96,10.839,6.327,7.037,10.902,12.868
4.25,20.589,15.855,19.012,5.39,24.409
13.137,8.42,14.547,6.433,10.921,11.636
11.468,11.422,15.759,8.356,8.91,11.367
7.049,22.856,15.925,15.927,5.426,23.564
7.15,21.805,17.276,20.224,6.356,23.252
4.514,23.625,16.035,15.547,6.18,23.346
5.214,22.429,17.216,17.842,3.705,22.2
19.319,8.908,6.8,7.047,10.882,17.419
20.246,9.533,7.632,7.188,9.892,12.657
5.431,20.818,14.217,17.211,6.693,24.01
11.311,22.307,19.688,16.116,7.477,8.743
12.331,11.361,14.96,5.625,8.995,13.054
13.183,9.09,18.353,7.467,10.057,11.885
13.247,23.499,16.595,14.949,7.213,7.808
14.569,22.415,20.162,15.818,6.132,7.559
20.044,7.971,7.533,6.899,10.325,15.208
15.112,9.555,16.923,6.305,10.744,12.255
12.372,24.516,19.491,15.521,6.074,8.029
4.49,23.192,15.169,17.713,4.053,24.607
5.228,22.559,12.78,20.07,4.539,23.884
11.591,24.265,17.063,15.269,5.47,7.124
6.238,21.777,17.854,19.446,5.388,21.693
14.21,22.961,19.388,16.939,6.236,6.41
19.632,8.799,10.658,8.48,10.725,14.011
21.75,7.639,9.353,6.875,8.664,13.771
21.042,9.162,8.631,8.765,11.232,15.141
13.104,10.148,17.195,7.226,11.292,12.309
22.212,7.825,6.038,9.111,11.989,13.825
11.449,24.072,19.456,15.826,7.665,7.564
13.399,10.577,16.392,6.391,10.077,12.677
6.508,22.291,15.549,18.184,3.83,23.21
12.99,10.537,17.892,5.602,8.659,13.211
18.182,8.602,6.258,8.404,10.579,14.96
9.929,22.609,19.943,16.692,7.653,6.288
21.688,8.524,9.387,8.083,10.207,14.729
11.804,22.678,21.346,18.49,6.395,8.104
11.955,23.07,18.645,16.438,6.442,7.58
20.272,6.609,7.892,7.891,9.625,16.347
20.164,8.839,8.406,6.727,12.636,12.558
12.156,23.369,20.003,17.168,7.065,7.922
4.681,20.571,14.83,18.147,6.62,23.108
11.599,25.384,17.31,14.353,9.202,7.185
11.434,21.473,19.273,16.241,8.331,7.548
5.197,21.068,17.546,20.401,3.293,24.461
21.073,6.217,8.96,7.844,8.277,14.508
21.59,10.722,9.339,8.265,10.412,14.083
14.815,11.876,15.413,7.191,9.292,11.469
11.833,20.877,17.374,17.021,7.89,9.54
5.953,23.301,15.716,19.356,6.021,25.173
12.764,10.602,14.694,5.309,9.275,11.03
13.658,21.626,19.093,16.159,8.429,7.311
19.019,8.501,9.109,6.902,10.586,16.618
4.605,22.894,17.796,17.368,5.096,25.915
19.821,7.208,7.233,8.389,11.869,14.707
6.02,20.3,16.691,19.502,3.859,24.074
5.559,21.752,15.121,17.841,3.612,22.244
11.07,11.139,16.839,5.682,10.077,10.105
20.268,7.66,9.184,8.296,12.935,13.776
6.439,23.11,15.619,18.04,4.343,21.857
13.753,22.706,17.357,17.047,8.395,7.443
21.151,8.375,9.343,9.688,11.346,16.067
11.859,23.154,20.112,18.942,6.767,5.792
10.817,21.889,20.485,13.226,6.954,3.843
14.049,10.327,15.683,7.183,9.705,14.647
13.112,9.226,17.336,6.28,11.055,12.806
12.488,24.524,18.803,17.461,4.99,6.168
11.068,25.56,19.008,16.651,6.657,6.318
11.373,23.253,17.743,15.671,9.273,8.234
7.451,19.219,16.913,19.219,4.335,23.126
20.387,7.849,7.847,6.676,10.172,15.218
12.737,10.173,15.457,7.409,10.43,11.059
6.432,22.981,16.29,18.578,4.816,22.773
4.973,23.063,14.764,19.037,5.602,23.544
20.621,8.945,6.599,8.616,10.452,15.591
19.343,9.434,7.438,5.128,11.235,14.048
13.037,10.639,16.0,9.471,9.975,13.0
20.706,10.226,5.852,8.206,9.458,16.415
5.241,21.509,15.711,18.223,3.703,25.543
13.956,9.575,17.556,7.793,9.952,13.859
21.099,6.644,9.256,8.053,10.03,15.349
20.87,8.037,6.773,6.748,10.771,14.779
14.803,11.492,16.169,8.179,11.912,12.777
21.7,10.233,8.363,7.959,11.271,15.384
20.748,7.306,7.694,8.404,13.732,12.279
6.762,21.343,17.981,18.916,1.84,24.774
8.037,21.188,14.573,19.29,6.82,24.349
13.835,10.202,16.103,6.847,10.527,11.931
21.116,6.271,7.114,5.816,11.279,16.477
17.864,6.957,8.1,7.878,10.764,15.35
12.261,10.362,15.042,6.04,9.403,11.045
10.811,9.078,14.174,6.971,10.062,11.157
10.092,24.874,19.101,16.046,7.953,7.72
13.509,20.345,20.488,16.695,5.988,6.145
5.657,22.356,18.087,19.301,6.216,22.476
12.863,21.61,19.352,15.312,6.998,8.041
13.438,21.691,20.767,16.748,7.629,9.374
13.918,8.608,15.981,6.399,8.518,10.954
13.155,24.143,19.187,18.111,7.941,9.002
12.6,10.655,15.39,9.554,10.542,12.051
5.762,22.585,17.472,18.992,5.33,22.502
11.042,23.88,16.451,15.588,7.399,6.344
12.126,9.637,14.917,7.915,9.081,10.847
13.191,24.725,19.478,16.489,4.561,6.621
9.55,22.1,19.094,18.002,8.782,7.711
12.556,12.588,18.285,7.998,11.412,10.808
5.506,23.036,17.548,18.903,4.346,21.889
14.554,9.631,16.121,6.71,10.03,11.433
13.926,10.188,18.393,6.926,12.418,14.118
4.993,22.465,17.136,19.798,3.216,24.195
11.079,23.879,15.659,15.689,6.805,9.102
13.09,23.325,19.178,15.992,8.12,6.625
11.462,10.945,16.864,8.55,9.974,11.773
6.689,21.197,16.007,20.171,5.338,25.709
5.059,21.781,17.617,17.035,4.231,23.087
13.382,10.598,17.673,7.602,10.325,11.059
15.638,11.116,16.735,6.782,8.997,11.296
10.779,23.464,19.765,18.109,8.299,7.785
11.616,8.506,18.015,7.102,9.791,13.524
21.717,6.398,10.263,7.578,9.363,14.472
21.511,10.814,6.811,7.613,9.82,12.99
2.79,23.493,13.693,17.182,4.456,24.521
12.542,22.066,18.207,18.586,7.208,7.697
10.835,23.839,18.387,16.272,8.092,7.444
19.455,11.587,6.374,7.43,10.49,15.01
21.299,7.74,8.102,9.014,11.529,17.609
6.805,21.302,15.356,17.159,5.537,23.697
13.63,10.056,15.222,7.116,11.214,9.907
11.92,25.498,22.156,16.406,8.776,7.714
4.274,20.477,13.94,17.48,5.68,25.303
19.981,10.053,7.11,7.752,9.396,15.03
12.328,9.771,16.816,6.421,10.688,10.423
4.402,21.965,15.455,15.929,5.096,23.892
7.211,21.038,14.067,18.203,2.351,22.448
10.739,22.351,18.863,16.699,7.768,8.428
11.602,9.088,16.921,8.273,10.464,10.975
15.345,8.822,16.313,6.367,11.003,10.143
5.947,21.388,17.144,18.363,5.362,23.563
13.327,9.282,16.201,7.04,9.528,13.514
12.482,22.274,21.34,15.652,7.034,7.847
22.158,8.773,5.571,9.823,10.882,14.665
19.449,8.823,8.237,9.298,10.22,14.411
13.6,23.572,18.724,13.915,7.468,7.521
5.634,21.855,17.082,17.501,6.749,23.73
10.729,10.925,16.39,6.115,10.576,11.684
7.66,21.87,15.954,17.829,3.608,22.961
21.922,8.068,7.633,9.157,8.174,14.281
21.886,10.522,10.164,9.984,11.204,14.4
11.692,21.199,18.859,15.289,8.535,6.776
20.058,7.02,7.975,9.151,9.712,15.407
21.69,7.526,6.582,7.73,10.518,15.127
12.557,12.201,17.804,7.812,9.575,12.454
12.374,23.452,19.792,13.387,7.57,6.182
14.391,22.409,20.003,16.509,10.064,6.466
14.153,9.669,18.11,6.607,11.758,14.768
10.749,11.917,16.027,8.288,9.371,12.827
20.243,7.478,7.469,6.769,9.922,16.408
7.162,21.442,15.262,17.966,4.373,24.174
12.152,9.631,16.119,7.405,10.719,10.504
4.034,24.223,17.118,19.41,6.27,21.746
5.041,20.715,15.92,19.716,3.871,24.368
19.568,9.291,7.46,6.691,9.139,12.732
4.045,21.895,17.059,16.228,4.675,23.311
9.258,23.827,21.519,16.628,9.417,6.681
20.541,9.625,7.576,7.288,10.354,13.201
5.556,20.018,15.594,21.339,3.373,23.254
12.419,24.282,20.504,15.299,7.006,5.162
10.001,22.121,21.421,16.841,6.54,7.938
11.739,24.793,16.615,16.461,5.255,8.348
7.584,21.242,18.007,18.098,3.568,25.809
14.712,8.885,18.646,8.758,11.952,10.893
10.517,9.63,16.929,6.832,7.615,13.863
12.663,10.242,17.141,9.69,7.799,10.734
13.168,10.529,16.784,7.713,10.145,11.852
20.565,8.946,7.011,7.993,10.864,15.173
12.311,8.33,15.209,4.324,11.09,12.12
12.512,25.027,19.493,15.688,6.898,7.722
11.817,11.351,17.095,6.441,9.74,12.982
4.692,22.395,16.268,16.268,6.082,20.405
11.216,9.776,15.226,5.952,10.215,12.701
5.945,21.204,17.355,18.211,3.942,21.953
22.003,8.862,8.387,7.649,10.007,15.441
19.136,7.622,8.23,8.072,12.665,13.889
5.904,21.509,17.311,18.994,4.276,21.486
21.193,8.355,8.717,8.376,9.916,13.169
21.257,9.714,8.991,7.91,9.384,15.271
11.46,9.386,17.259,5.327,10.286,11.677
20.394,8.017,7.12,7.369,12.124,15.432
4.316,23.846,14.246,19.329,2.436,22.766
11.18,21.589,18.468,15.153,7.978,6.018
19.468,9.037,7.571,9.66,10.563,14.802
6.388,19.52,17.584,17.494,4.09,24.32
20.545,6.252,7.879,7.739,9.884,15.634
15.31,11.454,16.855,8.153,9.601,11.819
4.5,22.611,15.426,18.896,3.456,24.65
5.89,22.546,14.941,17.892,5.202,25.169
4.782,20.306,16.275,19.861,4.139,24.804
4.13,19.833,16.673,18.134,8.211,24.264
9.801,21.689,18.043,19.693,5.923,25.843
12.638,24.029,17.996,14.0,6.965,8.638
22.288,8.214,6.27,5.461,9.226,15.098
5.73,21.702,16.594,18.372,5.246,23.025
19.987,6.67,7.36,7.371,11.985,15.85
21.628,8.045,7.218,6.651,10.633,15.559
4.951,20.226,14.732,17.724,5.168,24.64
9.715,10.224,18.716,7.434,10.212,9.449
10.355,24.05,20.793,17.752,7.18,9.225
10.159,23.752,16.582,16.345,9.714,6.298
4.768,20.378,14.424,20.053,3.363,24.611
5.529,21.636,15.716,17.782,3.434,24.293
4.044,21.66,15.468,19.553,4.471,23.324
11.139,23.951,19.489,17.755,7.292,5.771
13.039,10.869,13.643,8.138,10.532,11.687
21.511,7.642,10.698,7.834,9.135,17.6
12.807,8.725,15.358,6.72,10.937,11.761
11.348,11.629,15.939,8.049,9.142,10.586
4.581,19.695,16.748,19.551,5.683,23.399
6.382,22.073,15.281,19.112,5.024,24.448
22.081,8.508,9.531,7.364,11.291,14.28
20.691,7.934,8.56,9.234,11.889,14.316
11.772,23.497,20.289,14.488,7.049,9.039
5.417,23.488,14.93,19.417,2.99,25.735
6.265,21.638,15.838,18.01,4.858,22.432
8.293,22.427,18.13,19.342,4.087,23.954
5.648,22.483,15.897,18.952,4.745,24.837
20.906,7.067,8.061,7.829,7.35,13.124
20.512,5.622,9.674,9.588,10.53,15.194
22.019,6.678,8.736,7.842,10.405,15.517
12.797,8.484,17.358,8.264,10.3,12.772
4.26,21.39,15.061,19.24,2.395,23.823
20.948,9.459,6.93,6.316,10.03,14.494
22.413,8.784,7.758,7.001,9.641,13.742
14.042,23.48,20.275,15.867,8.858,8.71
21.708,9.286,7.038,6.823,9.994,12.841
13.684,10.9,15.644,7.931,9.431,12.158
5.551,20.718,15.687,17.987,6.459,23.628
9.822,23.342,20.328,17.533,8.458,7.055
12.36,22.712,21.063,18.145,7.476,9.279
21.392,7.763,8.131,6.786,10.301,13.157
11.213,22.111,16.862,15.023,7.048,7.69
6.189,22.396,16.268,18.189,5.27,24.034
21.101,9.399,7.879,8.044,9.456,18.331
11.32,23.975,20.089,16.523,9.435,7.221
12.252,23.352,18.932,15.433,6.784,7.949
5.338,20.994,16.937,17.851,3.361,23.48
20.773,6.589,10.049,8.177,10.408,15.622
11.801,22.798,17.125,16.952,6.5,7.577
22.943,8.569,8.661,8.368,10.193,14.611
12.028,12.712,16.396,7.211,11.333,13.506
11.399,10.725,15.629,6.816,11.453,11.378
21.21,9.416,7.611,8.483,8.595,16.401
11.279,11.188,17.165,8.495,9.987,11.997
6.598,22.415,15.432,15.853,4.517,21.198
22.537,9.804,6.79,6.946,12.388,13.36
12.942,24.619,18.199,15.932,8.359,6.803
12.234,23.56,19.563,18.026,8.118,6.176
13.198,7.128,15.748,7.233,12.265,9.09
12.671,9.446,17.81,8.52,11.699,12.361
19.901,7.154,7.768,6.825,12.073,13.159
14.267,23.331,19.894,15.34,6.501,8.734
10.893,10.819,14.112,6.626,9.473,12.075
4.574,21.731,16.488,17.374,3.402,22.897
12.71,10.601,15.012,6.822,10.065,11.529
3.592,21.482,14.531,19.24,5.649,22.981
5.536,20.519,18.221,19.206,5.558,23.129
12.259,23.295,20.307,16.227,5.309,8.95
2.271,20.336,15.362,19.615,3.879,22.732
4.595,22.836,16.088,18.08,5.799,23.608
11.7,10.034,18.009,7.75,10.267,11.191
15.196,22.905,18.245,16.682,6.738,7.915
4.229,22.178,15.111,20.405,5.704,23.629
10.306,24.056,20.015,15.747,6.872,7.755
21.034,8.778,7.668,6.333,12.353,14.785
13.966,11.884,17.18,5.529,9.415,13.53
21.699,6.921,7.921,9.364,12.094,15.019
20.285,8.413,7.038,7.244,9.543,14.716
12.302,8.682,16.19,7.569,9.361,10.664
16.413,10.764,17.553,7.408,10.705,12.296
19.95,7.826,6.833,8.693,9.568,14.338
12.573,21.336,18.877,14.836,6.654,7.493
20.154,8.426,6.61,7.841,9.898,14.975
6.217,22.883,17.356,18.068,7.367,23.878
14.537,10.541,14.562,6.349,9.553,11.207
7.077,22.07,19.156,19.209,5.979,23.767
22.751,10.395,6.901,8.695,10.909,15.923
21.505,4.865,7.209,8.182,10.308,14.268
11.993,11.539,18.445,7.962,9.459,13.356
13.957,8.484,17.69,7.174,11.283,13.659
13.251,21.543,18.661,16.825,8.141,7.444
11.95,10.609,16.146,6.063,9.826,10.85
20.239,9.345,8.695,7.685,13.232,16.685
10.141,21.41,17.495,16.48,6.365,8.052
3.117,19.875,17.972,18.497,5.329,24.358
21.245,8.728,8.264,8.934,10.302,15.468
19.326,9.628,7.638,8.539,11.011,15.0
10.147,23.184,19.274,15.766,7.814,8.403
11.809,23.828,20.881,15.947,7.603,6.132
12.46,10.243,16.949,8.599,10.797,10.463
11.658,23.236,20.523,15.433,7.122,4.633
4.509,21.239,13.408,17.768,3.882,24.383
13.215,23.003,18.547,16.889,5.808,7.704
22.481,6.941,6.004,8.127,9.806,15.243
5.521,22.189,14.694,18.469,6.157,25.828
11.004,10.828,14.59,6.519,11.843,12.68
10.825,23.478,18.295,15.549,7.956,5.511
11.271,21.063,18.413,13.38,5.536,8.348
4.665,23.792,17.685,19.006,5.702,21.444
20.652,8.238,6.388,7.014,12.874,13.366
14.702,24.272,18.933,15.974,7.463,8.092
11.372,8.084,16.709,5.78,11.234,9.583
13.131,25.061,19.219,15.279,4.514,8.257
12.978,9.218,18.395,8.503,10.572,11.139
6.258,22.67,16.639,18.917,2.811,23.625
3.551,21.548,15.426,19.521,5.632,24.324
6.061,20.433,15.354,19.124,3.917,23.095
4.45,20.494,16.018,17.887,3.764,25.911
11.441,24.587,18.554,14.68,8.329,7.19
12.823,20.778,18.837,15.566,7.955,8.0
21.715,8.633,7.821,7.704,11.242,13.933
10.924,24.196,17.696,17.198,9.081,8.27
3.094,22.639,14.428,19.02,2.671,23.154
14.112,8.505,16.305,6.126,12.311,12.122
13.403,25.596,19.353,16.897,4.877,9.956
13.084,6.313,15.486,5.668,11.549,10.538
11.582,10.901,17.103,8.852,10.874,12.139
12.466,25.492,17.394,14.066,7.286,7.455
13.807,11.473,18.68,6.403,11.012,12.545
6.218,19.947,16.499,19.598,4.322,25.742
12.56,11.325,17.937,5.314,9.819,12.538
12.896,23.478,18.807,16.035,8.332,7.827
14.959,10.035,14.663,7.154,10.389,12.641
11.783,11.162,16.535,5.773,9.451,10.846
12.453,22.225,19.159,14.593,7.303,6.351
11.298,22.786,16.801,15.893,8.316,5.907
12.275,23.42,17.46,14.332,6.547,8.405
13.097,9.29,16.923,8.266,11.045,12.219
12.932,8.857,15.917,8.885,10.075,12.972
11.983,21.695,19.301,13.914,8.269,8.305
13.236,13.261,17.269,6.523,12.437,9.687
10.382,24.025,18.879,15.743,8.655,7.661
4.718,21.958,15.624,17.775,4.511,23.423
21.115,8.48,8.496,9.927,10.877,17.252
5.133,21.293,17.329,18.159,4.266,22.095
10.89,9.758,16.318,7.416,8.149,10.784
18.81,8.717,8.755,8.964,9.505,13.488
13.82,8.305,14.945,6.389,10.253,12.695
5.011,21.542,17.551,18.886,2.841,23.833
20.898,7.314,7.021,6.255,11.205,13.22
16.852,9.445,5.987,6.928,10.752,14.425
8.482,18.991,17.239,16.115,6.835,24.3
22.071,7.595,9.108,8.538,11.182,16.324
11.161,23.89,19.051,15.943,7.656,6.246
12.374,10.952,16.365,5.381,9.746,11.578
22.118,7.192,7.563,8.015,11.695,16.646
12.791,24.311,20.101,17.751,10.079,7.009
5.914,22.055,17.003,19.448,4.333,24.956
13.128,25.68,17.48,16.885,6.878,7.309
11.543,11.512,18.416,7.36,9.575,12.766
11.968,10.402,15.988,8.308,8.372,11.489
18.777,7.952,7.799,7.475,8.269,15.741
20.906,11.491,8.342,5.314,11.325,15.482
12.041,11.565,17.587,9.475,9.608,11.831
22.405,7.516,9.026,8.545,9.962,13.208
11.313,10.477,14.401,7.026,7.452,10.575
4.021,22.676,16.968,18.272,4.33,23.459
12.459,23.57,19.273,17.816,8.315,7.782
4.887,22.963,17.223,20.854,4.933,22.981
22.414,8.988,5.153,10.321,8.113,15.961
12.969,9.369,15.914,6.085,10.806,8.702
10.546,24.346,18.832,15.702,7.487,10.6
9.7,23.875,17.893,15.539,6.115,8.314
14.661,7.979,17.091,8.412,7.953,11.557
13.446,22.445,19.78,17.178,6.384,8.228
11.761,24.868,19.013,14.313,7.952,6.471
11.988,9.691,17.575,8.891,11.722,12.836
10.453,24.846,20.674,15.422,7.669,8.207
21.598,8.378,7.972,7.601,11.287,15.843
13.319,11.753,17.253,4.998,9.363,10.816
6.244,21.429,15.464,17.167,5.753,24.797
11.663,10.666,19.018,5.093,10.23,12.308
10.647,22.375,19.079,13.512,9.444,7.966
7.688,21.171,13.533,19.055,4.928,22.835
12.318,9.472,16.316,4.519,11.504,11.854
11.695,10.566,17.133,8.453,12.128,11.926
12.207,22.874,19.622,17.321,7.892,6.432
4.972,19.782,17.408,16.365,3.442,21.767
13.37,23.495,18.295,16.901,6.459,9.237
13.05,10.533,16.916,8.74,8.63,10.441
14.474,10.378,17.207,6.542,10.476,13.16
20.742,9.203,9.523,7.033,7.39,16.105
10.572,21.707,17.129,17.624,6.681,9.276
5.626,23.177,16.472,17.604,5.431,21.178
4.105,21.359,18.428,17.748,6.061,24.933
5.353,22.614,16.265,19.346,4.18,23.249
12.236,24.003,20.256,17.554,5.783,6.31
15.489,7.885,16.172,4.942,10.536,11.735
13.749,8.298,14.135,8.611,8.971,14.19
11.743,24.799,20.272,15.538,5.853,7.192
12.419,22.551,19.31,16.003,6.944,9.619
20.777,7.975,9.581,9.569,9.657,13.893
5.284,21.555,17.81,18.727,6.823,22.097
11.709,24.333,19.359,16.889,8.036,8.497
5.617,20.708,16.482,17.749,3.787,25.111
22.077,7.897,7.457,10.042,10.657,15.348
4.573,20.299,15.767,18.36,6.15,25.895
22.79,10.075,8.948,8.365,11.783,12.398
12.07,23.373,18.088,13.678,6.245,6.777
6.169,20.429,14.271,18.851,4.094,22.538
11.233,10.034,19.223,8.416,9.198,10.661
14.4,11.086,18.788,4.978,9.575,10.556
6.872,22.881,18.785,19.998,3.773,23.884
20.335,7.481,9.718,8.059,10.312,15.108
6.838,19.616,14.558,18.349,3.211,25.181
12.07,10.423,15.916,6.724,9.206,11.999
22.193,7.503,8.405,7.397,7.572,15.384
5.131,21.658,13.844,18.106,6.066,25.405
4.148,21.669,16.634,18.953,4.995,24.333
12.972,7.372,15.233,6.117,11.701,10.951
4.355,21.414,16.93,18.087,6.298,21.901
4.519,22.063,16.113,17.257,5.809,22.977
21.373,9.615,8.324,8.101,9.769,16.474
5.59,20.78,17.529,18.84,4.041,24.734
5.317,21.893,15.304,17.61,6.067,23.055
12.939,9.049,16.159,10.101,8.35,13.353
21.029,8.298,7.039,9.862,9.716,13.694
20.647,7.48,9.445,7.466,9.535,14.749
6.657,21.654,16.591,19.732,4.155,22.065
11.344,20.845,20.357,15.359,6.411,6.952
10.014,23.547,18.366,15.537,5.315,7.459
5.747,21.097,19.064,16.5,5.898,23.58
11.641,21.861,18.705,15.269,6.74,8.142
13.618,8.819,16.972,6.592,9.153,10.617
12.581,11.797,15.44,7.267,9.993,14.01
11.843,9.065,15.901,8.343,9.559,12.797
7.297,19.928,13.857,17.094,2.879,24.178
10.222,25.528,20.371,15.726,5.381,9.06
20.352,8.268,8.705,8.599,9.498,13.882
12.967,6.968,15.224,9.226,10.78,9.305
4.761,22.565,16.641,18.311,3.779,24.102
5.026,19.87,15.141,19.158,3.593,25.646
20.914,8.208,8.781,5.894,10.161,15.349
13.361,23.816,17.949,15.472,8.255,8.686
11.764,22.698,17.727,15.946,9.387,5.802
11.488,24.974,20.395,16.25,7.332,9.692
3.074,21.139,17.787,18.05,3.895,24.769
19.478,7.991,8.185,8.447,9.177,15.778
5.547,21.344,17.034,17.432,4.895,22.275
14.995,10.016,16.236,7.582,9.596,10.874
12.362,11.248,16.506,8.392,8.811,11.75
20.039,9.296,8.869,6.689,9.389,16.094
13.456,22.993,17.55,16.137,6.438,8.149
5.058,20.08,16.133,18.658,4.326,23.174
12.466,22.694,18.446,15.686,8.486,7.066
7.061,23.248,17.776,19.869,4.627,23.586
19.495,7.517,5.933,7.23,8.922,15.56
5.019,22.54,15.743,19.648,6.294,25.087
14.345,9.831,13.606,9.027,9.089,11.079
13.765,9.44,15.385,7.008,13.38,12.581
22.11,8.528,7.045,7.891,10.017,13.183
13.207,25.236,18.134,17.251,8.355,8.724
3.204,22.992,16.47,17.115,6.474,22.873
20.074,9.653,8.888,7.942,12.478,15.306
19.539,6.841,8.203,6.912,11.865,15.693
13.004,22.846,20.41,15.05,7.288,6.848
6.228,20.133,15.211,17.218,4.517,23.291
5.622,21.897,15.351,16.721,5.883,23.765
13.872,9.569,17.418,6.126,10.467,11.39
11.999,24.965,18.672,16.146,6.113,8.421
5.624,21.705,17.473,19.785,5.563,24.138
12.433,10.685,15.998,6.16,8.887,11.746
20.674,9.319,8.734,9.89,10.523,15.095
20.428,8.901,6.337,7.047,9.548,14.885
12.482,23.201,18.864,17.865,6.601,9.673
6.403,23.336,16.033,17.697,5.112,22.426
12.241,22.556,19.39,18.135,7.393,9.313
18.564,7.639,9.084,7.958,10.379,12.929
5.322,21.69,18.992,19.839,3.987,22.971
21.371,8.509,7.896,6.685,11.169,13.674
20.073,9.754,5.621,8.385,10.697,12.792
12.72,11.814,17.963,7.576,8.966,11.712
20.81,6.423,7.879,7.291,8.417,17.713
20.334,9.407,5.534,9.615,8.827,13.53
11.363,9.105,15.395,6.828,10.243,10.765
21.186,9.433,8.186,8.001,11.283,14.975
5.165,21.46,16.445,18.006,4.062,21.494
10.193,22.228,17.751,15.368,7.395,7.717
20.378,7.067,6.416,5.369,11.055,14.302
10.559,11.356,16.802,5.008,11.39,12.458
4.246,22.121,16.913,17.071,5.889,26.521
19.943,10.726,6.546,8.171,9.551,13.687
9.671,24.607,21.962,15.747,9.711,7.12
12.451,21.831,20.676,14.058,6.615,7.323
6.386,20.528,16.313,18.413,4.479,23.247
10.411,25.018,17.968,19.853,9.197,6.48
11.432,11.626,16.572,6.108,8.419,13.42
6.519,20.689,12.714,19.293,5.841,23.954
23.683,8.021,5.3,7.698,10.821,13.648
13.72,22.314,17.766,13.705,6.67,5.848
12.105,8.509,17.962,9.346,9.397,13.297
20.729,8.86,9.047,5.629,9.633,14.729
13.487,8.107,17.655,8.99,11.246,13.44
7.02,21.596,16.811,17.731,4.53,24.235
21.638,10.451,7.873,7.598,10.151,16.225
11.483,22.156,18.423,16.742,8.345,6.329
14.015,9.589,16.055,9.09,11.383,12.546
20.32,9.048,7.11,6.885,9.451,14.484
12.411,9.575,17.033,7.649,10.024,10.577
13.164,9.166,15.486,6.55,10.058,11.615
11.526,23.095,19.447,15.573,9.228,7.244
8.771,22.974,19.245,14.908,7.9,7.19
13.556,10.762,17.064,7.773,10.308,11.347
14.02,10.977,16.261,7.827,9.844,11.387
14.309,9.533,17.347,8.324,12.009,10.019
11.856,23.862,20.098,15.064,8.004,7.115
21.661,8.941,8.146,9.948,10.724,14.31
12.88,10.11,17.819,9.08,8.728,11.736
22.79,10.132,9.002,8.024,10.626,16.331
13.579,10.465,15.034,7.401,9.954,10.297
7.383,20.939,14.975,19.313,5.277,23.063
10.954,24.151,18.074,15.206,9.558,8.589
11.797,8.629,17.971,5.682,8.606,11.769
20.545,8.112,7.52,8.059,9.971,15.872
11.711,22.596,16.753,15.76,6.073,7.714
12.796,8.658,15.497,6.584,10.599,11.769
5.623,21.393,16.771,20.154,5.709,24.301
12.627,10.591,14.419,5.57,9.973,10.644
12.094,24.21,16.685,16.663,6.011,6.959
20.474,6.917,8.609,12.002,10.134,15.353
5.394,22.473,17.773,19.816,5.161,24.697
4.064,23.508,17.58,19.959,6.992,23.812
12.476,24.089,19.775,17.425,8.161,6.944
10.143,22.702,18.735,16.896,6.227,6.513
5.648,22.761,17.558,17.432,3.226,23.74
11.708,21.284,17.954,16.693,6.785,6.6
12.623,9.613,16.221,3.647,9.629,10.602
10.418,23.717,17.319,15.651,8.037,6.257
13.5,10.432,15.331,7.711,10.314,14.046
11.999,22.097,20.475,15.25,8.6,7.948
18.533,8.335,10.314,7.833,9.203,12.668
6.055,19.819,15.22,19.938,6.144,24.163
13.836,8.465,17.776,9.644,10.955,12.322
14.103,10.055,15.423,7.727,10.161,12.904
4.842,21.156,16.645,19.228,7.081,21.722
7.08,21.421,17.183,16.362,4.127,22.187
15.575,9.469,18.869,7.101,10.545,11.956
21.525,5.305,9.04,8.945,9.966,12.442
19.651,8.246,8.018,7.5,7.642,14.626
6.034,22.576,16.721,20.591,4.762,25.289
15.79,10.099,13.719,8.006,11.552,12.507
14.116,11.157,17.086,7.591,11.59,10.895
21.003,8.348,8.856,9.042,9.079,16.929
21.969,7.853,9.124,8.386,9.946,13.515
13.497,10.375,17.242,6.98,11.6,11.618
11.266,23.818,20.174,14.883,8.669,6.658
20.182,8.797,8.825,9.675,12.568,14.374
3.722,22.248,16.68,16.738,6.383,24.355
5.343,22.659,16.838,17.681,3.876,23.087
13.589,9.799,15.842,7.378,9.612,8.845
12.133,23.268,20.769,14.714,8.662,8.423
12.024,21.774,19.435,15.508,6.802,8.139
13.226,23.939,20.292,12.929,7.071,9.004
20.669,8.592,7.858,6.913,10.195,14.262
22.473,9.618,7.843,8.179,9.168,16.36
5.819,21.332,16.218,19.762,1.343,22.997
13.34,10.929,17.185,7.145,9.792,12.041
21.464,9.304,9.092,8.198,10.148,13.838
22.878,10.108,6.85,7.484,9.546,15.327
6.492,19.474,17.216,17.71,3.844,24.903
21.459,8.798,8.616,8.933,12.2,13.88
11.278,22.36,18.041,17.542,5.454,6.521
11.904,24.745,18.434,15.915,5.842,6.545
6.351,22.767,13.651,19.396,3.019,21.35
12.04,22.906,19.362,15.935,7.638,9.017
10.008,23.22,18.851,16.947,8.576,7.365
19.444,7.129,5.916,7.791,11.674,14.351
10.844,21.954,20.264,15.604,7.489,8.583
12.658,23.525,16.993,15.187,7.256,8.771
12.076,9.715,17.619,5.618,11.11,11.204
12.59,21.439,20.728,17.945,6.686,7.911
7.108,22.916,17.066,16.707,4.306,26.051
19.81,9.205,9.212,8.562,10.984,13.839
12.297,22.961,17.95,15.225,8.078,8.911
14.166,9.198,16.284,7.243,8.438,9.477
12.29,23.246,19.468,15.504,7.569,8.765
21.176,8.519,8.738,8.909,11.416,13.198
5.787,20.079,18.075,20.004,3.218,24.113
13.314,10.187,15.775,7.573,8.606,10.434
10.089,21.022,18.662,14.467,7.492,8.335
4.849,23.191,16.655,18.004,5.062,25.049
5.277,23.597,16.442,18.617,4.56,23.95
13.33,10.675,17.174,6.677,10.937,11.332
13.096,11.774,16.572,8.342,12.32,11.811
12.959,24.28,18.75,16.113,10.255,8.576
19.917,10.082,7.959,8.991,10.772,14.958
12.086,22.422,16.328,17.723,8.586,7.498
10.803,25.04,18.846,15.224,8.633,7.092
11.925,9.545,16.321,7.655,9.108,12.856
14.105,11.159,16.906,7.31,10.831,12.142
7.106,21.436,16.983,19.285,3.974,23.477
11.591,26.143,19.116,17.563,8.403,7.392
13.068,10.969,17.362,7.657,8.853,12.789
9.57,26.024,18.428,17.651,6.547,9.282
11.974,23.276,17.845,16.153,7.264,7.238
5.468,21.708,16.24,16.921,4.92,23.014
13.148,10.249,16.714,8.339,9.649,11.007
3.951,22.67,17.42,18.873,5.38,25.033
10.336,23.492,18.934,16.148,7.306,7.297
6.671,20.476,16.816,18.124,5.717,23.437
12.355,25.077,19.801,17.236,7.537,9.128
14.103,8.658,16.196,5.733,9.672,13.934
11.853,9.87,15.581,8.442,11.698,13.993
19.409,9.878,10.282,8.577,11.083,14.413
5.192,21.484,16.939,20.269,4.144,24.545
11.969,21.594,18.585,16.0,6.441,7.462
21.775,9.74,8.36,5.99,10.601,15.301
12.896,10.823,16.057,7.586,10.108,10.444
12.664,20.87,20.347,15.886,7.947,8.873
12.476,9.721,15.474,7.055,10.696,11.32
12.083,10.954,16.559,7.151,8.921,9.703
11.383,10.814,18.56,6.036,10.395,14.893
5.283,21.706,16.858,19.278,2.905,22.421
5.209,19.405,15.5,17.369,4.528,23.269
12.641,11.171,16.578,7.52,10.672,10.046
19.123,6.693,9.038,8.233,10.455,15.06
11.521,23.89,19.581,14.994,8.633,8.789
10.711,12.231,17.553,6.89,9.522,11.107
5.009,22.956,16.215,17.855,3.658,24.502
11.582,24.513,20.381,19.397,8.132,7.827
20.753,10.415,7.363,8.7,9.503,15.231
10.732,22.841,17.761,17.07,8.466,7.154
12.352,9.89,15.472,5.619,7.24,11.089
20.635,9.988,7.305,9.996,10.032,13.527
11.694,23.548,17.38,16.337,7.632,7.59
22.502,10.955,7.016,6.94,10.562,15.299
21.839,7.637,6.7,8.666,11.484,16.284
11.891,24.725,17.843,16.575,8.607,8.037
12.718,8.669,17.649,7.518,8.398,10.392
22.041,8.449,6.813,7.863,12.43,16.413
12.504,10.598,17.237,7.503,9.085,10.883
18.486,7.491,7.582,8.153,10.28,14.473
4.395,21.418,17.957,18.177,4.015,21.601
6.691,22.507,17.311,18.231,7.039,24.295
14.085,8.511,16.2,7.609,12.142,10.74
20.679,8.371,7.376,7.203,10.542,15.626
12.755,23.738,19.641,17.451,7.039,6.701
13.448,10.646,17.433,8.866,8.85,9.392
13.016,10.082,15.729,6.195,9.0,11.031
20.582,8.969,6.053,9.643,10.707,15.959
19.056,8.434,8.979,8.825,12.545,14.027
21.585,9.122,9.839,7.536,8.187,16.247
12.171,11.105,16.79,7.592,9.945,13.599
13.025,9.803,17.527,5.947,11.391,10.659
5.534,20.857,14.738,20.513,5.484,24.921
10.287,22.143,18.132,15.274,7.115,6.585
5.813,19.048,16.44,18.667,3.307,24.039
3.804,21.467,15.315,19.807,5.455,23.338
13.383,23.312,17.914,16.033,5.597,6.082
12.608,9.795,15.967,7.658,9.701,12.141
5.344,21.261,16.8,17.269,3.667,24.24
22.243,5.448,8.319,5.142,10.378,14.176
14.155,11.292,16.631,7.186,10.543,11.782
14.352,24.504,16.094,15.611,5.262,6.295
6.181,21.348,18.391,17.679,6.346,25.124
12.222,23.256,20.206,16.569,7.582,7.813
7.853,21.531,16.551,18.862,4.655,24.365
20.989,9.212,10.168,8.951,10.954,16.337
5.955,22.336,16.393,17.22,2.506,23.058
11.454,24.958,18.715,16.567,8.812,6.503
6.076,21.024,14.473,18.479,5.544,22.125
21.598,8.996,6.827,6.912,11.528,12.791
13.42,24.112,19.524,17.029,6.956,7.37
11.146,11.143,16.628,6.957,9.884,11.304
14.519,11.794,16.293,8.529,10.553,12.486
22.637,6.879,7.142,8.662,12.211,15.592
13.056,21.812,19.533,15.242,7.188,6.199
4.215,21.824,17.787,19.01,3.747,24.692
13.267,25.156,20.154,15.771,7.921,7.407
12.221,10.236,15.579,7.315,10.229,9.411
12.018,11.004,16.268,6.782,8.801,12.593
11.59,22.473,18.524,18.727,6.341,7.101
4.676,27.014,17.561,19.511,3.98,25.598
11.854,21.623,19.509,15.18,6.895,7.789
11.778,23.943,18.001,17.968,7.152,5.862
4.319,20.932,15.42,18.425,4.935,25.989
23.101,9.843,9.737,8.287,10.063,14.166
24.576,8.698,5.584,8.306,9.222,16.032
14.689,9.433,17.591,8.007,7.494,10.981
11.563,24.677,20.616,15.473,7.654,7.789
21.731,7.659,8.4,8.718,9.281,14.887
20.411,8.29,9.698,7.286,7.639,13.606
21.193,11.811,7.13,7.684,9.599,14.135
11.779,24.865,20.255,14.997,6.628,8.585
4.559,22.151,17.768,19.324,5.847,23.92
13.439,9.137,16.002,6.587,9.277,10.794
12.569,11.365,15.646,7.507,9.551,13.496
21.041,11.031,9.025,8.417,12.294,16.158
22.727,8.383,7.692,8.065,8.79,14.328
20.621,8.506,10.032,7.577,10.342,12.63
19.853,8.758,7.696,7.423,10.661,13.367
12.527,24.48,21.125,16.897,6.169,7.128
13.479,24.337,20.003,15.13,7.341,7.075
12.41,11.562,15.333,9.457,8.16,11.626
18.253,9.438,7.926,9.665,10.2,15.103
12.755,23.955,20.439,13.865,8.142,5.863
5.65,20.249,15.075,15.973,3.427,23.797
11.966,9.761,15.26,7.287,9.25,11.591
11.09,25.037,21.043,17.464,7.539,6.466
21.353,7.835,10.234,7.719,9.071,14.925
10.36,22.267,15.536,16.943,9.901,7.613
11.672,23.065,19.693,17.198,6.8,6.745
4.586,20.4,17.195,18.871,5.883,24.329
4.519,22.874,16.522,20.136,3.928,24.763
13.967,9.245,18.03,7.764,10.72,11.323
12.05,21.511,20.813,18.444,6.701,6.971
7.486,21.899,17.504,18.119,3.359,22.143
17.494,8.779,7.464,10.502,8.13,14.794
10.042,21.815,18.025,16.384,6.667,8.227
12.469,24.147,16.632,15.376,6.382,7.556
6.052,21.197,18.223,19.246,4.821,23.567
6.053,20.953,14.759,17.238,6.084,25.795
5.813,21.227,15.865,18.787,5.981,25.638
4.795,22.799,14.601,17.827,6.903,22.587
13.132,10.597,16.146,7.969,9.631,12.774
12.688,25.037,19.02,17.043,6.619,7.787
15.684,10.638,18.602,6.787,8.899,11.053
20.457,8.459,6.254,8.313,9.668,14.239
21.825,7.235,8.677,6.758,10.49,13.327
10.347,9.89,18.153,8.583,10.358,10.759
15.255,8.815,18.055,6.594,10.648,10.081
13.136,10.013,16.335,7.276,10.352,13.159
14.146,9.779,16.042,8.394,11.039,12.601
13.285,23.855,18.279,13.499,7.152,8.669
13.135,20.601,18.711,20.03,7.422,6.091
5.623,21.916,15.14,16.855,4.276,23.609
11.582,21.374,20.403,17.222,7.996,9.261
11.241,11.088,15.777,6.982,9.952,11.783
15.44,12.233,16.281,7.467,12.621,10.273
12.452,23.698,17.758,16.912,8.473,7.642
10.775,24.145,18.59,17.034,4.161,7.442
11.329,22.794,19.691,14.418,6.143,7.848
12.891,9.236,17.146,7.236,11.071,13.626
19.7,6.631,10.212,7.164,12.096,14.545
17.777,8.517,7.663,7.242,11.306,15.669
6.641,22.897,16.951,18.772,5.681,21.359
11.492,10.409,16.37,7.169,11.295,11.932
12.039,23.402,19.083,15.524,7.367,8.789
12.755,24.494,19.348,14.622,7.201,8.708
11.924,22.403,18.985,16.887,9.178,8.587
12.845,9.302,15.175,6.729,9.106,11.677
13.804,22.759,18.367,15.95,6.091,5.39
14.428,10.036,16.763,6.098,10.351,10.464
20.171,8.236,7.461,8.461,13.107,15.107
5.69,21.638,14.514,18.411,4.039,23.725
13.009,22.733,18.017,15.377,5.311,8.002
21.806,8.584,9.736,8.961,10.692,14.26
21.362,9.624,7.808,6.414,13.093,14.088
5.523,21.118,16.144,17.306,4.198,24.146
11.354,12.407,15.546,6.087,9.682,11.116
5.31,22.226,15.71,17.552,4.718,21.779
19.701,8.945,6.983,7.256,7.777,17.137
5.853,22.441,14.185,17.132,5.793,24.765
13.481,11.552,18.361,5.172,11.691,12.427
21.392,8.784,9.439,7.953,9.648,15.927
11.102,23.729,19.568,15.602,7.636,8.919
12.256,23.772,19.387,16.788,4.577,7.148
10.919,21.729,18.493,16.811,7.725,8.94
5.594,20.592,17.711,19.731,4.235,23.565
14.737,22.768,19.851,16.247,6.473,6.329
12.325,8.837,16.359,5.702,10.574,12.572
4.185,22.507,17.119,17.141,5.376,22.455
5.513,20.41,15.477,18.472,6.209,24.228
13.459,10.622,16.334,6.644,9.848,12.842
12.176,21.767,19.498,15.862,7.471,8.273
6.441,21.83,16.824,18.555,6.322,24.131
20.252,7.802,7.583,7.906,11.317,14.517
22.321,7.813,6.268,8.876,10.243,16.249
4.989,22.368,17.736,18.766,4.694,24.709
12.51,7.371,16.431,7.779,10.176,11.091
5.53,21.807,18.702,17.231,4.775,22.443
19.319,9.772,5.453,6.609,9.023,13.91
10.98,21.638,17.399,14.535,8.648,5.618
22.533,8.21,8.09,8.926,10.305,14.629
14.895,8.956,15.08,7.039,9.338,11.76
11.767,22.678,18.1,16.417,7.13,9.241
21.91,8.843,6.738,6.819,11.142,14.179
8.649,22.885,17.605,21.12,5.69,22.789
11.872,23.481,17.809,19.07,5.748,5.878
13.377,12.379,15.722,7.365,8.886,12.331
5.055,21.555,14.46,19.396,4.153,20.374
5.401,20.416,16.58,18.404,4.615,23.463
20.012,9.039,7.838,6.848,11.732,14.309
2.62,20.323,17.444,20.555,3.596,23.934
12.825,21.851,19.619,17.04,6.6,8.134
14.705,9.558,18.064,7.364,10.703,12.189
12.459,22.886,19.882,12.871,8.815,5.348
5.355,20.534,15.44,18.325,5.193,20.608
21.98,7.423,8.027,8.781,11.516,16.181
10.832,25.857,18.998,14.639,9.078,7.587
12.748,9.222,16.704,7.187,11.391,11.079
14.236,10.082,16.595,6.682,8.888,12.555
11.67,23.348,18.236,16.806,7.856,8.517
19.823,8.074,9.388,7.648,10.707,15.313
12.474,10.955,15.352,6.219,10.188,11.688
3.191,22.907,16.246,21.998,4.241,23.82
21.766,7.414,10.512,6.692,11.6,16.635
19.939,10.467,8.539,7.042,10.562,14.844
10.88,24.114,17.67,17.889,8.339,7.46
21.498,8.48,7.834,9.218,10.754,15.586
10.805,11.827,17.841,7.755,7.754,11.208
12.314,9.055,15.919,9.027,10.467,13.981
14.665,24.323,20.348,15.682,6.205,7.511
14.676,9.884,16.225,8.48,11.433,11.043
20.59,9.142,7.482,6.159,10.559,14.429
3.542,22.044,14.029,18.515,2.569,23.775
15.143,22.085,17.331,17.171,4.944,7.154
5.096,21.771,16.134,16.077,4.139,24.789
12.974,10.855,18.683,7.203,8.37,13.062
13.081,25.027,19.218,17.451,6.575,8.391
21.155,9.021,9.681,8.412,10.486,14.712
10.696,7.556,16.098,5.429,12.186,11.618
19.914,8.132,9.483,6.053,8.552,15.808
11.989,10.779,15.928,6.835,10.722,12.516
5.224,18.564,14.461,18.835,2.958,22.675
21.01,8.827,7.402,8.456,11.112,15.654
22.184,10.717,7.988,6.241,11.395,16.076
11.471,23.178,19.523,13.022,7.636,6.056
4.289,20.911,17.403,18.519,2.571,25.811
10.488,24.155,18.85,15.744,8.504,6.707
12.872,25.008,19.893,16.031,7.606,5.606
13.268,8.626,18.145,6.114,11.586,12.039
14.875,11.977,15.57,10.105,10.949,9.931
21.062,8.074,8.986,5.601,10.408,16.703
12.853,23.723,17.61,17.945,9.881,7.612
4.849,22.517,16.754,19.314,3.335,25.432
20.463,10.785,5.583,8.741,10.299,14.751
10.357,24.301,17.936,15.71,8.073,6.64
23.614,7.831,8.228,8.262,10.279,12.358
20.558,8.016,8.01,6.964,10.844,14.128
12.639,22.86,20.228,17.03,8.257,5.797
13.35,10.522,15.094,7.578,14.083,13.574
5.569,21.172,15.257,18.016,1.942,22.805
12.853,23.719,19.945,16.092,8.879,7.446
5.327,24.125,14.249,17.851,2.871,22.263
22.499,9.617,7.93,8.33,11.604,14.365
5.804,22.851,15.188,17.787,3.85,20.809
12.927,11.648,17.67,7.767,9.983,11.158
20.136,7.441,5.933,10.201,11.035,14.183
12.388,12.011,17.443,7.642,10.081,10.292
5.006,19.837,16.386,19.418,3.992,22.745
10.291,22.748,18.56,18.155,8.546,8.813
22.931,8.335,7.985,6.934,10.553,13.431
14.808,10.941,16.012,9.188,8.715,12.278
9.732,25.674,18.883,15.391,7.936,8.836
4.012,22.331,17.254,16.951,4.454,25.607
6.486,21.308,17.47,18.815,3.668,23.784
12.104,22.046,19.78,15.811,4.445,8.228
12.532,11.512,17.206,8.092,10.678,12.188
20.784,9.115,8.96,6.693,12.245,13.755
14.062,10.474,15.695,6.41,9.608,10.353
13.385,9.631,16.674,5.172,11.098,13.002
13.913,9.096,16.685,8.433,8.836,11.053
14.156,10.352,17.233,8.293,12.447,12.933
6.265,20.064,18.089,18.2,5.022,24.384
4.837,22.991,16.507,18.889,6.113,23.566
11.996,10.545,14.897,9.513,11.446,11.314
14.11,9.185,16.27,7.943,9.993,12.767
13.734,9.625,17.822,7.657,9.921,12.961
20.67,10.701,10.611,8.58,9.838,15.134
13.097,23.583,19.207,14.979,7.717,8.678
13.767,21.955,19.319,15.384,7.359,7.83
14.221,24.559,19.255,17.543,7.61,7.465
12.996,9.805,16.852,7.452,9.53,12.965
6.102,21.592,15.146,17.608,5.075,22.006
11.858,24.611,18.538,13.586,7.209,7.248
23.543,9.303,6.319,9.59,9.5,13.965
12.106,20.401,18.735,16.042,5.799,6.322
8.981,23.352,20.432,16.922,7.971,5.369
4.465,21.372,15.54,20.03,4.943,25.933
20.636,10.544,10.241,8.054,10.516,16.282
20.961,7.395,9.618,9.685,10.749,14.524
19.338,8.517,6.307,7.895,9.832,15.087
10.192,22.347,18.384,17.338,7.751,7.668
10.6,23.762,18.311,17.076,6.152,9.499
13.252,10.619,17.209,8.94,10.719,11.61
19.563,10.37,6.113,5.3,11.45,13.06
5.587,21.812,17.27,18.565,6.047,24.064
13.715,22.647,17.999,16.338,7.958,6.963
11.886,25.326,18.764,15.997,7.504,7.286
11.917,9.073,15.556,6.193,10.638,9.291
5.208,21.556,16.381,18.643,1.829,23.732
10.878,23.062,19.353,15.611,7.608,8.126
11.909,10.78,16.226,7.619,9.121,12.182
20.838,10.322,8.553,10.521,10.264,14.025
21.311,8.598,6.508,6.717,9.503,14.576
14.366,8.027,16.667,6.11,10.787,13.468
10.876,11.479,14.461,8.08,9.668,13.834
6.515,20.189,16.77,19.496,3.58,23.018
10.806,24.247,17.104,15.53,8.152,6.675
5.517,21.36,16.742,17.905,5.734,22.314
7.1,23.671,17.246,16.034,7.074,9.341
5.249,20.213,17.582,18.902,4.585,21.829
3.947,22.688,16.167,17.87,4.721,25.115
19.701,9.807,8.522,6.566,12.883,14.558
10.788,21.76,18.772,15.249,8.524,7.923
11.519,23.002,20.575,18.135,5.504,7.829
20.522,8.239,7.909,7.693,11.934,13.561
11.087,21.46,19.939,16.798,6.277,6.79
8.663,24.317,19.06,15.93,7.546,5.051
19.867,8.075,8.678,9.014,9.592,16.019
12.213,8.919,17.028,6.484,9.463,12.488
4.944,19.556,17.981,17.554,6.711,25.05
13.07,12.441,16.394,8.495,9.729,11.36
12.852,9.765,14.162,9.137,8.923,12.302
15.115,9.974,13.839,8.225,10.146,11.439
21.372,4.49,9.51,9.222,9.309,16.717
11.684,22.319,19.857,17.074,8.603,7.42
11.251,22.962,20.328,16.417,6.424,8.278
7.29,21.817,15.618,16.766,3.0,24.166
19.79,8.078,7.771,7.923,11.555,14.818
4.304,20.972,18.06,17.113,5.29,23.976
10.554,24.348,21.195,15.902,8.446,8.91
6.018,21.955,16.26,17.683,5.347,25.55
13.859,12.765,16.765,6.99,10.72,11.298
5.834,22.766,17.384,15.619,4.434,22.392
10.958,22.476,18.823,15.213,8.447,6.993
4.735,21.094,16.924,17.858,5.383,23.828
4.416,22.492,15.8,17.094,5.263,25.094
14.038,10.753,16.989,6.993,9.364,9.164
12.661,9.375,17.819,5.351,9.589,11.014
13.54,12.678,17.693,7.903,10.735,10.446
9.899,22.533,17.872,17.26,7.577,5.893
4.988,21.612,16.236,18.561,7.617,22.416
13.791,9.884,17.25,9.155,9.114,11.126
11.877,22.606,18.544,13.786,8.605,7.794
4.12,20.625,14.682,18.198,5.022,23.156
21.456,9.638,7.978,6.7,12.138,13.889
10.967,23.524,19.079,16.468,5.743,8.4
10.648,23.614,19.77,14.039,8.063,6.784
12.87,11.202,15.111,7.319,8.656,10.541
19.777,11.538,8.466,7.222,7.56,15.743
11.803,22.373,22.106,16.087,8.989,5.553
7.247,21.816,16.602,18.635,5.404,23.123
13.577,11.024,17.424,8.228,9.477,11.318
11.858,9.858,15.983,5.937,9.334,12.197
12.018,22.89,17.963,16.393,6.15,3.93
14.499,9.956,16.301,6.727,10.727,12.117
20.478,9.562,6.504,6.735,10.768,13.864
13.423,23.778,17.181,13.614,6.573,6.686
13.829,10.232,16.638,8.246,9.44,11.488
12.413,7.493,17.585,4.907,8.037,12.718
7.438,20.415,15.091,18.525,5.875,22.354
3.92,20.295,16.477,18.722,4.64,22.382
11.772,8.637,16.544,7.229,10.986,12.334
11.012,23.434,18.316,15.306,8.583,5.999
20.111,9.938,9.821,7.945,11.099,14.135
10.862,23.574,19.774,17.444,5.965,10.072
6.513,22.064,16.023,17.892,5.737,23.534
5.038,22.756,17.852,21.405,6.758,22.278
11.52,10.356,18.125,6.983,8.447,11.697
11.194,11.907,17.359,6.415,12.662,10.007
12.623,10.163,15.42,7.008,11.801,13.232
11.285,22.281,20.489,15.842,6.566,8.284
12.93,11.746,16.13,6.848,11.54,11.465
13.207,8.742,16.818,9.141,9.189,11.964
23.345,8.59,5.404,8.64,9.09,15.993
11.693,23.834,17.919,17.824,8.686,8.136
5.188,21.293,16.968,19.728,3.35,25.921
21.407,9.472,8.919,7.53,11.713,15.18
14.453,11.651,16.312,7.694,11.263,11.107
12.888,11.577,17.482,5.384,7.898,11.51
12.511,23.007,20.348,17.923,6.732,7.528
13.904,10.207,18.947,6.213,10.571,13.152
17.853,9.183,8.576,8.8,10.846,15.861
12.557,23.127,20.579,13.451,9.899,5.389
20.557,6.947,8.444,5.564,9.858,14.468
11.689,23.233,19.513,16.971,8.848,5.895
24.199,9.325,7.238,7.173,11.367,15.897
20.288,9.595,8.532,9.091,10.115,13.136
11.792,22.936,18.896,18.055,7.65,6.482
9.864,24.086,18.637,16.957,9.673,4.866
22.129,7.681,8.15,7.757,11.228,17.461
13.28,8.881,16.632,7.791,10.879,13.665
11.574,24.864,17.295,15.573,6.416,7.101
21.931,9.505,8.109,9.55,10.048,17.354
20.119,7.417,8.477,8.008,12.8,12.505
6.229,20.446,15.996,19.798,2.539,22.214
12.053,21.382,21.222,16.092,8.273,6.433
10.899,11.068,15.603,6.282,12.176,12.119
6.313,21.869,16.347,17.369,1.99,22.38
12.024,24.894,19.659,15.794,7.745,7.147
11.019,22.036,19.387,15.041,9.655,5.867
5.601,19.705,14.476,18.536,4.218,25.984
12.828,8.428,18.393,7.018,9.428,10.523
12.509,23.398,19.53,16.256,5.721,5.731
10.621,12.367,17.48,7.415,9.47,11.843
14.607,10.25,16.361,8.805,9.58,11.639
19.902,6.719,9.137,7.721,11.926,16.576
18.47,9.342,8.088,8.425,10.037,15.117
12.592,9.837,15.592,8.414,11.61,10.037
11.141,11.815,15.296,5.776,9.089,13.971
21.887,8.201,6.872,8.2,9.804,14.545
4.891,21.177,18.599,19.306,6.998,24.723
13.616,12.874,16.794,9.247,10.682,11.931
11.762,22.321,20.975,14.505,8.298,7.314
12.606,8.988,16.574,6.347,8.992,12.79
7.383,21.178,15.034,20.654,5.36,26.021
9.555,24.074,18.193,14.862,6.687,7.214
5.093,21.521,15.836,17.456,5.915,22.965
12.291,7.878,14.361,7.005,9.874,10.227
11.266,25.834,17.402,18.04,8.894,9.717
7.165,22.493,16.186,20.526,6.47,23.437
20.148,9.098,7.648,7.114,10.979,15.261
12.338,21.183,18.058,14.147,8.832,7.406
11.211,23.387,18.288,16.468,9.284,8.598
13.045,9.229,16.806,5.77,9.012,14.116
21.403,6.822,8.382,7.854,11.055,14.726
13.842,9.183,15.882,5.394,10.004,9.308
21.626,10.061,7.662,8.491,9.427,14.627
6.948,24.272,18.211,19.53,5.435,23.106
21.251,9.801,9.797,7.841,8.796,13.248
12.864,23.979,19.699,15.839,6.649,8.959
13.78,10.226,16.661,7.757,10.61,12.136
11.962,23.039,16.179,16.314,7.798,6.821
13.789,11.728,15.14,7.793,11.318,11.865
5.053,21.54,17.018,19.638,5.115,25.041
19.412,8.881,10.278,8.939,9.047,13.978
10.124,25.84,18.929,16.22,8.142,8.591
12.295,8.531,14.56,6.846,9.884,12.841
14.725,8.391,18.012,5.932,10.572,10.269
6.147,22.554,18.566,19.39,4.025,24.185
9.883,9.696,15.169,8.278,8.639,12.237
21.775,6.375,7.696,6.617,9.192,14.328
10.265,25.101,19.546,16.014,6.072,6.45
21.698,10.451,7.234,7.843,10.289,15.101
5.703,23.108,16.725,18.469,5.008,21.547
6.093,22.572,15.65,20.862,4.869,22.254
9.943,21.646,18.855,18.994,7.194,7.216
20.943,8.07,5.867,8.372,11.466,18.227
13.427,9.539,19.313,6.608,8.706,11.031
13.02,9.797,19.584,7.686,10.41,11.424
21.236,9.349,8.115,6.887,9.846,15.853
4.168,23.365,16.767,16.841,3.175,23.28
5.64,21.486,16.567,18.423,7.75,23.866
13.156,10.239,17.986,6.139,9.813,11.664
12.714,23.064,17.336,18.411,7.82,5.748
12.989,21.427,19.168,16.831,7.349,6.487
3.452,21.35,18.159,18.261,2.941,22.985
20.839,9.375,7.515,7.537,13.358,12.227
20.458,8.24,8.118,9.665,9.735,13.906
14.435,7.53,16.91,9.032,10.278,11.415
4.652,21.736,15.314,20.282,6.675,24.55
8.155,21.217,15.885,18.669,6.804,21.698
11.717,10.493,13.397,8.695,9.566,12.635
12.399,10.116,15.46,7.074,10.516,12.578
12.18,25.101,19.985,16.097,7.414,6.233
21.699,6.79,9.713,7.865,11.631,15.711
13.606,11.805,15.859,8.872,11.548,11.224
21.999,8.023,6.099,8.188,11.129,13.667
12.841,8.163,17.382,6.43,12.913,11.068
21.649,8.886,7.492,7.847,9.722,13.233
11.583,25.936,20.689,14.282,7.901,7.437
10.571,23.603,16.893,17.545,7.492,6.811
13.206,9.781,16.975,5.932,9.204,11.232
13.61,23.419,20.91,14.633,5.392,7.369
20.977,5.254,8.943,11.577,10.175,13.838
14.843,10.73,15.58,8.569,12.194,9.307
11.515,22.97,21.241,18.24,10.099,7.245
11.365,22.841,18.222,17.234,6.66,8.452
11.242,24.676,20.876,18.123,8.345,7.133
9.408,23.371,19.692,16.74,7.637,8.831
11.405,22.846,17.81,16.797,9.911,6.155
19.785,9.058,7.991,8.042,12.49,12.804
21.926,9.153,10.13,7.68,10.208,14.531
20.506,9.454,7.8,4.717,10.17,16.292
13.49,10.306,17.554,7.015,8.978,10.333
6.563,22.767,16.233,18.413,5.049,25.354
22.07,8.166,7.468,6.637,12.575,13.644
22.819,7.455,8.561,8.495,10.868,15.257
11.76,11.813,13.829,7.436,10.471,10.308
12.154,23.126,19.718,15.058,8.169,8.006
19.784,7.555,9.72,8.805,8.533,12.884
8.024,23.003,16.923,17.353,4.551,24.289
11.448,11.027,15.491,5.664,10.759,10.316
13.811,9.632,15.241,7.205,9.211,12.217
11.449,23.874,20.725,16.779,6.599,5.493
20.134,6.262,8.699,9.305,10.131,15.876
12.534,11.814,15.682,7.189,8.086,9.402
21.223,6.981,7.339,7.46,10.61,13.759
13.414,11.086,16.21,6.145,10.297,11.395
22.664,9.085,4.79,7.044,9.578,14.343
21.171,9.708,7.862,9.199,9.47,13.949
11.985,21.512,19.5,15.691,10.665,6.753
13.805,11.375,15.52,7.008,8.883,11.178
15.663,11.849,17.197,6.861,10.614,11.87
7.756,22.791,19.873,15.821,6.877,6.186
11.309,22.461,19.333,15.858,8.312,6.319
12.057,12.591,19.167,5.473,11.608,13.579
12.533,23.897,19.593,15.001,7.575,7.4
10.056,23.612,16.574,15.969,7.965,6.811
13.359,22.4,19.106,15.35,7.06,7.38
20.631,10.174,6.901,6.914,11.688,12.954
12.19,25.315,19.124,17.484,5.768,7.625
19.882,8.321,7.121,6.865,11.21,16.052
13.735,9.958,17.5,7.926,8.375,11.744
11.267,24.078,17.675,16.118,7.581,8.053
6.734,21.816,15.216,19.486,4.943,24.858
13.04,10.665,16.151,5.873,9.718,13.286
20.416,8.992,8.996,8.083,11.081,14.618
10.667,23.654,21.671,15.683,6.916,8.107
19.497,9.685,8.355,9.301,10.647,16.135
12.068,24.42,18.579,17.88,7.237,6.27
4.843,21.378,16.213,17.658,3.566,21.779
13.806,11.911,17.489,5.441,8.874,10.685
20.613,6.472,8.058,8.68,9.742,15.125
22.905,7.148,8.867,5.694,7.691,14.145
10.625,22.379,18.448,14.65,6.267,8.28
14.291,24.355,21.191,15.534,8.279,9.042
11.321,8.353,16.323,6.105,9.564,10.627
21.284,9.058,8.518,8.656,11.154,14.063
19.555,6.422,9.431,7.538,11.085,14.229
21.568,6.709,9.76,6.592,8.842,11.393
11.526,10.522,14.456,6.03,8.248,14.21
11.326,9.545,17.984,6.704,9.472,11.981
9.841,21.187,18.209,16.988,8.033,8.72
20.342,7.583,7.182,11.014,10.038,13.754
12.085,9.702,17.357,7.167,10.72,8.519
12.386,10.978,17.962,8.359,9.244,15.021
21.752,8.891,9.344,7.61,10.709,15.224
4.797,21.931,14.967,18.691,4.201,22.215
12.426,9.816,17.893,7.185,8.753,10.765
8.423,24.331,20.077,15.77,8.964,7.36
3.261,22.428,16.924,17.668,4.301,24.272
12.46,23.87,20.061,15.713,6.917,10.059
12.254,11.472,19.271,6.211,13.118,11.659
7.263,22.463,15.949,20.994,5.318,22.551
9.655,23.272,17.111,18.91,6.278,7.242
20.54,7.384,9.011,8.676,10.514,16.161
20.803,8.938,9.588,7.25,9.576,16.353
15.823,9.833,16.305,5.767,10.621,12.704
22.232,7.852,8.458,9.394,9.994,12.616
13.818,22.196,17.572,17.654,7.843,6.31
20.863,8.651,7.316,7.821,10.438,17.048
21.83,5.881,7.026,8.939,9.6,13.357
14.668,8.365,16.877,7.194,8.311,12.563
4.689,23.313,17.479,18.864,4.248,24.991
20.433,10.011,6.947,5.772,9.216,15.538
13.901,8.016,17.547,7.332,10.583,12.386
13.698,23.353,20.543,15.627,5.197,6.524
6.918,20.952,16.947,20.375,5.134,23.238
13.858,24.782,19.483,17.374,6.373,8.367
10.291,21.037,18.275,18.451,9.863,9.633
12.033,25.26,17.713,17.346,7.493,8.269
20.921,7.188,8.143,8.307,10.872,15.341
12.422,9.805,16.25,5.916,12.172,10.984
11.89,22.349,17.69,15.425,10.419,7.599
21.506,8.976,8.074,7.451,12.032,15.728
19.805,8.617,8.294,7.787,12.056,14.12
10.894,24.015,19.098,16.759,7.601,8.863
6.108,23.222,19.416,18.941,4.667,22.61
21.994,9.074,7.933,6.528,9.239,15.021
13.487,10.768,15.919,7.094,10.004,10.336
12.856,9.206,17.582,9.348,9.512,12.71
14.25,23.893,18.365,17.883,6.269,7.924
12.485,21.217,19.86,16.747,8.984,8.244
11.844,25.259,18.931,16.636,6.022,7.172
11.861,24.0,21.184,15.711,7.826,5.271
10.695,21.879,20.447,17.162,7.515,9.434
13.543,8.718,13.435,7.287,11.918,10.14
13.72,11.539,16.647,6.206,10.428,11.549
4.478,22.533,17.124,17.335,2.834,23.866
5.412,20.539,14.466,20.703,6.085,22.043
11.968,11.826,15.695,5.302,10.789,11.107
6.554,20.836,18.44,18.376,2.88,22.281
21.445,9.834,6.83,9.071,8.166,14.863
21.513,9.231,9.957,6.767,11.972,12.486
5.562,21.929,17.234,16.645,6.277,22.328
12.847,22.733,19.648,14.479,7.658,7.979
5.395,22.442,16.131,18.118,3.821,22.787
10.347,21.984,19.807,16.312,7.27,6.927
23.419,11.101,7.503,7.655,9.166,14.953
12.896,9.636,17.018,9.198,10.722,11.9
12.196,24.027,20.407,16.26,9.403,8.525
14.197,11.985,15.492,10.499,10.325,11.81
4.69,23.066,14.933,18.578,3.449,22.556
6.951,22.991,15.824,16.938,4.21,23.152
12.326,8.962,17.145,6.384,10.723,11.004
22.635,7.477,9.672,5.886,12.077,11.744
12.162,21.51,20.728,14.888,7.696,6.119
3.983,21.726,15.948,17.751,5.555,25.678
9.191,23.262,16.94,14.839,7.212,8.967
11.342,21.332,17.935,18.035,9.157,6.372
4.349,21.031,18.213,18.288,5.018,24.042
21.83,9.007,7.725,7.126,11.025,15.319
13.2,10.489,16.287,6.34,9.252,11.138
20.435,9.415,8.565,7.437,9.346,12.733
13.447,23.706,17.887,16.356,9.616,9.053
20.662,6.194,7.758,8.165,11.085,14.996
14.074,23.344,19.467,15.113,9.999,7.032
21.582,9.698,8.488,8.449,11.313,15.862
21.164,7.205,9.132,8.394,13.045,14.529
4.154,24.582,15.751,21.037,3.085,24.945
5.343,22.781,17.537,14.984,5.499,23.748
12.112,11.252,17.959,8.217,9.346,11.362
6.315,21.375,17.666,18.191,2.382,23.985
13.832,8.851,17.188,6.645,8.568,10.555
8.407,24.961,19.868,14.198,6.707,9.318
12.207,10.478,16.708,7.24,10.485,11.006
9.704,22.297,19.763,16.489,8.854,7.92
21.319,7.74,9.268,8.738,8.722,14.498
13.771,21.613,17.413,14.35,7.884,7.636
6.1,22.011,16.949,17.565,6.626,23.303
6.375,21.656,17.882,19.158,2.73,24.07
4.002,21.389,15.102,17.675,4.363,22.599
21.174,8.962,6.802,7.114,10.357,14.785
4.743,20.665,17.477,17.023,5.54,22.417
10.859,12.113,17.324,6.348,10.995,11.451
13.94,11.22,19.985,7.693,9.689,11.28
21.102,9.618,7.646,6.552,8.073,13.743
21.099,9.026,9.6,9.367,10.323,14.154
4.517,23.517,15.229,19.599,4.154,23.71
4.291,20.43,15.496,17.04,4.746,25.021
21.383,8.279,6.482,9.266,11.127,15.118
13.701,8.607,16.001,8.715,12.558,11.718
5.805,20.037,16.459,15.713,5.739,24.024
10.459,25.332,18.671,15.721,5.352,7.842
12.348,23.582,19.505,16.81,5.31,8.2
9.973,10.209,16.523,7.706,10.477,13.462
11.722,20.304,18.773,17.561,6.364,6.97
4.124,22.18,16.516,18.932,4.371,26.215
21.984,9.359,7.262,7.505,8.654,14.978
22.317,9.035,9.173,5.449,10.124,11.114
11.47,22.591,18.541,17.309,5.141,9.569
18.492,9.963,6.872,8.14,10.888,15.063
12.916,9.592,15.899,7.325,9.284,11.355
6.359,23.626,15.321,16.801,4.752,23.68
12.683,25.001,18.982,16.669,8.408,6.566
13.749,6.946,17.201,7.482,10.755,9.329
12.903,11.331,16.603,9.045,8.256,8.655
20.681,9.125,7.91,7.646,10.587,15.012
12.38,23.591,18.009,14.563,5.912,8.871
20.543,6.682,6.894,7.788,10.075,15.873
13.599,22.933,21.867,16.731,8.609,7.651
4.494,19.879,16.507,17.443,4.133,23.561
13.028,23.656,19.618,16.698,7.905,5.844
11.884,24.466,18.059,15.274,8.92,6.881
11.074,23.458,19.852,14.704,11.152,7.47
13.139,10.373,14.939,7.22,8.092,10.888
13.128,24.19,21.745,15.654,8.585,7.309
19.878,6.035,9.753,7.414,10.382,15.757
4.574,20.292,17.451,17.7,5.184,22.332
5.867,20.239,15.443,19.871,3.674,23.919
21.211,8.074,8.979,9.358,10.216,16.635
11.071,22.924,20.696,14.943,6.564,6.513
5.765,20.655,17.638,17.793,2.637,25.395
14.104,11.706,16.778,7.831,11.179,12.366
10.62,22.006,19.172,17.96,8.538,5.551
13.712,9.828,17.673,5.416,10.637,10.621
22.38,10.619,7.857,9.489,7.336,15.461
5.975,21.539,16.768,16.867,3.797,24.956
10.829,9.209,17.22,6.296,12.107,13.09
22.165,9.455,7.582,7.478,11.717,15.09
12.413,9.609,13.398,4.94,11.491,11.332
5.68,21.151,16.174,18.396,4.512,26.222
5.847,21.547,16.99,18.445,4.32,23.624
21.405,9.406,8.391,6.829,10.14,16.809
6.661,19.944,16.644,20.537,4.609,24.294
20.884,8.338,6.666,9.038,10.291,14.65
13.669,10.749,15.15,6.875,12.082,11.233
10.846,22.667,18.498,17.177,7.228,7.935
3.614,20.29,17.842,19.063,3.247,21.595
22.352,9.181,6.509,8.742,11.54,13.326
11.602,22.355,19.95,17.574,4.947,7.409
11.906,21.581,18.585,15.387,7.819,9.044
5.698,21.674,17.652,19.523,3.813,23.174
22.742,8.482,9.131,6.953,10.658,14.984
15.575,23.151,20.202,14.803,8.632,9.665
21.163,7.462,5.704,8.322,11.402,13.61
21.189,8.989,8.031,7.263,11.673,14.178
12.363,21.929,18.787,18.71,7.57,7.043
4.165,24.481,15.734,18.998,3.951,20.983
12.398,23.678,17.497,15.994,6.616,5.245
22.253,6.587,7.282,10.031,10.828,14.448
19.142,10.984,8.322,8.748,11.783,14.178
13.004,10.391,14.837,6.449,9.424,11.104
5.813,19.38,15.063,18.977,7.639,25.176
12.364,24.061,19.643,16.766,8.554,7.91
10.479,21.895,19.931,17.917,7.35,8.64
5.273,22.128,17.106,19.549,5.707,24.018
12.048,24.591,20.282,17.714,8.203,6.064
11.745,9.443,14.872,6.394,10.773,12.682
12.295,10.943,17.024,5.278,9.344,12.626
22.873,6.89,6.22,8.303,10.002,14.96
14.103,11.088,17.71,6.205,11.181,11.454
4.718,22.772,18.121,18.435,1.383,23.475
19.524,8.447,8.491,7.38,10.474,17.088
21.607,7.842,8.792,7.131,9.455,14.778
12.877,8.547,15.308,6.685,8.257,10.618
10.084,21.751,19.293,13.73,8.651,7.246
3.96,20.435,16.166,15.872,4.751,25.137
12.485,8.417,15.699,5.894,10.857,11.985
14.403,10.779,15.69,5.925,9.06,10.78
23.422,6.506,6.843,6.779,10.063,16.318
12.497,9.052,16.634,6.958,13.291,12.85
5.011,20.125,17.787,18.64,4.895,22.954
10.749,22.621,20.813,15.535,7.558,6.531
4.884,21.685,16.175,20.854,5.418,24.351
5.553,21.93,14.461,18.747,3.478,22.739
11.313,23.505,16.685,16.215,7.711,7.332
22.888,9.542,5.779,6.501,10.888,14.266
12.301,10.49,16.405,7.3,10.248,11.605
6.136,21.167,17.73,19.012,3.609,25.945
11.367,22.914,19.986,16.727,7.786,8.39
20.766,6.919,7.515,7.126,10.433,12.996
15.199,7.496,17.665,5.81,10.77,9.51
8.041,23.166,17.586,16.361,5.486,7.535
20.719,9.99,8.646,8.722,10.143,13.138
11.937,10.322,16.671,7.106,9.388,13.724
12.526,24.354,18.363,16.63,8.591,8.835
15.999,8.462,15.104,7.316,11.007,12.679
11.087,8.447,16.541,7.12,10.31,10.842
4.091,18.555,17.571,18.473,6.645,24.743
12.372,24.857,19.289,15.272,7.49,5.797
6.709,24.72,13.831,18.133,4.601,24.764
5.936,20.451,15.685,19.069,4.033,24.702
10.537,20.333,19.196,17.02,7.751,5.096
21.071,7.788,9.52,9.622,10.585,16.923
9.258,22.502,20.715,17.6,8.063,6.898
21.619,8.95,6.917,7.519,8.757,16.448
5.848,20.617,16.525,17.355,5.354,22.136
23.044,9.082,9.211,7.034,12.188,14.489
11.011,9.502,15.159,7.346,8.985,10.972
3.817,20.68,16.165,18.902,5.041,25.008
10.377,24.118,17.786,17.234,8.827,6.451
11.707,9.061,16.199,7.362,9.891,12.007
20.485,10.003,8.356,7.699,10.883,16.134
11.639,24.058,19.251,14.588,7.038,6.701
3.395,22.101,16.69,16.4,5.159,23.234
9.968,23.095,19.318,16.5,5.224,6.367
11.149,23.65,18.354,15.996,5.679,8.795
11.999,23.932,20.297,18.027,7.005,5.845
12.722,9.56,17.506,8.432,10.992,10.499
10.842,23.601,17.418,15.391,8.232,10.559
19.941,6.159,6.569,7.906,10.102,14.789
5.725,21.747,16.414,19.106,3.273,24.208
6.128,21.851,16.999,19.519,3.857,24.073
3.137,20.751,15.984,17.614,4.307,25.273
11.694,23.341,18.252,15.388,6.238,5.765
6.114,19.75,14.858,18.78,5.135,22.525
14.843,23.057,18.679,15.333,7.585,8.174
12.699,10.862,18.3,8.328,9.234,11.421
20.868,11.152,6.967,8.836,10.105,15.105
13.207,12.117,18.041,9.031,9.925,9.094
20.584,9.071,7.24,9.486,11.619,15.259
12.379,9.86,15.036,7.349,10.906,13.523
22.603,8.597,8.022,8.967,10.187,15.389
3.699,20.515,16.462,17.623,0.1,25.003
12.178,25.265,20.393,15.741,5.282,9.099
11.457,21.454,20.016,16.196,7.22,11.268
5.023,22.611,14.724,15.906,4.208,24.831
3.369,19.522,15.443,19.124,5.074,23.694
20.355,11.221,9.225,7.275,9.83,12.388
5.919,21.911,13.95,17.415,2.531,22.843
10.624,22.167,19.088,15.538,8.029,4.01
11.422,23.53,20.344,17.641,7.148,8.357
3.319,21.724,15.122,17.609,4.366,23.307
11.77,23.6,20.616,16.857,7.677,6.286
21.589,11.518,8.96,7.606,10.312,13.546
11.116,22.21,18.65,18.103,10.086,7.586
4.148,20.093,14.364,16.882,6.686,22.886
10.116,23.66,17.165,17.843,7.242,8.87
11.764,8.545,17.79,6.263,10.911,14.249
13.832,9.601,16.392,8.395,9.003,13.375
14.393,9.595,16.525,6.824,11.074,12.206
5.871,19.852,16.227,19.714,3.385,23.734
13.066,11.253,15.887,6.352,11.084,11.843
5.845,19.249,15.303,18.609,6.16,25.431
6.812,20.368,15.948,18.952,4.571,23.418
20.591,9.636,8.881,7.081,10.665,16.44
11.327,9.797,16.251,8.565,9.256,11.169
13.629,8.287,14.531,6.51,10.693,11.54
12.726,11.466,15.813,5.803,11.216,12.982
19.504,9.433,6.542,10.154,10.315,17.152
5.028,22.989,17.356,18.689,4.77,23.775
10.991,23.609,19.308,15.432,9.675,8.004
11.197,9.6,15.845,7.133,9.278,10.985
7.381,22.906,15.949,16.628,6.414,25.359
11.056,22.156,19.103,15.786,6.447,6.165
3.781,20.293,15.9,16.554,3.069,24.965
11.705,8.914,16.314,7.916,13.626,11.295
10.668,22.242,16.135,18.297,6.4,7.284
15.753,11.028,17.089,7.879,9.149,9.664
21.665,10.539,10.995,9.107,12.15,15.365
14.351,11.599,17.236,5.828,11.055,10.362
21.328,9.768,6.833,8.198,12.648,14.403
10.454,24.684,19.141,15.885,7.412,7.307
20.821,6.868,7.776,6.196,10.02,14.384
20.092,7.817,7.735,8.076,10.369,14.809
6.191,22.304,20.364,17.185,3.976,24.693
3.429,19.906,17.426,17.764,4.537,24.63
20.51,9.165,7.593,9.065,10.914,14.737
8.953,23.561,19.394,16.242,6.651,4.976
19.969,7.048,8.613,6.128,9.695,14.971
20.602,7.871,7.614,8.037,13.183,14.421
12.337,11.925,17.844,6.951,8.207,8.803
4.565,20.599,17.17,17.061,4.409,22.628
19.854,8.494,10.4,9.16,10.503,15.82
11.596,25.324,18.981,16.566,5.924,6.696
14.049,23.834,19.288,16.299,5.551,9.063
6.548,22.691,15.881,19.754,7.015,23.335
3.454,20.717,16.632,18.178,4.541,23.326
14.831,9.518,15.576,6.997,11.497,11.704
13.016,23.358,17.919,18.197,6.536,4.841
13.983,22.919,19.29,15.678,6.421,6.734
12.668,10.629,17.918,6.402,9.441,13.493
12.586,21.281,18.255,19.938,6.275,8.813
3.633,22.442,13.35,17.678,3.809,23.376
11.93,8.681,17.414,8.213,9.401,11.347
6.268,19.709,15.996,17.2,4.508,22.882
12.285,11.442,16.418,7.226,10.235,13.043
12.027,10.025,17.03,7.259,12.834,10.855
12.489,12.055,17.27,7.501,8.76,10.822
6.068,18.854,15.876,19.495,5.074,21.75
14.252,9.346,17.55,8.387,10.853,12.493
12.257,10.466,15.43,5.366,11.789,9.083
10.948,24.676,18.163,15.671,6.888,7.843
14.529,11.482,15.701,5.776,10.357,10.155
11.372,21.987,17.402,17.682,6.875,7.852
3.258,21.259,16.963,18.962,6.886,22.691
12.581,23.354,16.171,17.228,7.407,8.879
12.861,24.949,21.349,16.549,5.55,7.067
13.125,13.053,16.067,9.785,11.054,9.292
6.071,19.979,17.896,18.258,5.644,24.866
12.832,22.534,18.257,15.735,8.284,8.587
21.897,9.179,8.965,7.002,9.229,14.474
13.219,23.494,16.191,15.856,10.68,7.159
13.811,23.804,17.521,16.823,8.872,6.704
4.358,20.388,14.999,18.507,3.314,23.204
11.0,23.734,17.075,16.778,9.78,6.242
12.944,8.668,15.856,8.053,9.836,10.36
21.783,9.513,7.074,6.639,9.219,15.76
6.306,22.421,16.596,20.538,6.32,24.916
12.069,23.13,18.941,15.116,5.64,8.308
12.079,24.888,20.471,16.22,6.866,6.639
4.111,19.372,16.602,18.503,4.042,22.175
21.03,8.798,5.856,9.573,9.512,14.929
21.501,9.487,8.715,6.919,11.602,14.454
6.727,20.754,14.78,19.452,4.24,23.334
11.564,10.259,16.484,8.051,11.078,10.594
21.627,7.776,7.673,8.724,9.55,15.875
13.274,21.328,20.315,18.762,7.739,8.155
10.813,21.579,18.401,16.835,7.146,6.728
12.852,24.222,18.145,17.138,7.886,5.899
4.722,23.394,16.042,17.984,4.631,23.946
4.632,20.918,15.744,19.876,6.278,22.039
20.734,9.425,8.484,7.263,8.024,16.233
13.543,9.124,18.312,7.836,8.741,12.43
13.288,10.973,15.392,5.244,9.066,12.84
11.808,21.477,19.547,17.289,6.715,8.835
5.256,22.286,15.506,15.784,5.906,24.885
13.632,23.015,19.541,17.24,10.248,7.61
21.118,9.131,7.796,8.439,10.295,12.115
5.871,20.911,15.006,19.831,5.156,25.718
10.135,23.289,17.016,16.014,7.138,8.188
5.964,20.273,14.821,18.775,4.695,23.917
9.436,24.232,16.478,16.323,4.943,7.051
6.863,23.305,16.173,19.114,6.845,23.636
8.186,21.832,15.677,21.682,5.224,24.902
20.287,8.692,9.387,7.79,9.351,13.651
13.09,10.676,17.532,7.251,10.556,9.879
19.023,7.563,8.795,7.467,11.292,15.238
12.594,11.453,15.205,6.749,11.056,12.675
7.498,20.444,14.724,19.619,4.018,23.705
20.375,9.022,11.564,9.886,10.247,16.517
6.307,18.924,14.828,18.587,3.52,26.161
13.484,24.76,18.306,16.167,8.242,8.717
21.454,9.803,7.494,7.269,11.58,15.546
3.408,18.73,14.613,17.901,5.419,20.903
3.526,22.138,14.33,17.291,4.293,25.567
11.275,22.984,18.818,16.39,8.265,6.902
13.337,9.374,17.698,6.463,13.282,10.875
22.362,9.824,11.465,7.583,9.601,12.769
21.356,10.192,10.338,7.25,10.159,13.589
18.568,7.582,6.034,7.911,9.02,15.687
6.447,19.148,17.284,18.045,4.46,24.018
14.272,25.182,18.553,14.904,6.158,5.415
13.931,9.22,17.231,7.407,9.164,11.648
11.054,20.866,19.389,16.376,8.103,7.164
12.313,24.902,18.697,17.414,9.398,9.01
12.114,8.634,13.773,8.346,10.392,11.14
5.588,19.467,18.177,16.847,4.11,25.32
7.137,22.196,17.144,17.216,4.273,23.513
10.751,23.121,19.08,15.964,4.609,9.325
12.347,9.025,16.263,7.707,10.305,10.667
11.429,25.166,18.185,13.857,7.919,7.734
13.543,23.623,19.186,18.848,7.732,6.586
6.417,21.614,16.511,18.467,5.312,22.755
6.99,20.726,14.84,18.196,5.043,23.101
19.334,6.007,5.301,10.937,10.325,16.641
8.093,22.542,15.218,18.511,5.127,22.447
20.729,7.609,10.805,6.775,10.825,14.879
4.354,20.504,16.529,17.745,7.317,22.445
12.611,11.096,19.186,6.975,7.742,10.61
13.722,11.255,17.73,6.003,8.875,14.519
14.126,10.298,16.44,7.504,8.679,10.374
20.649,9.548,10.248,7.315,10.296,13.622
4.985,24.92,16.132,16.463,6.184,24.443
11.051,10.092,16.723,7.626,10.578,14.028
12.025,9.907,16.017,5.482,8.927,13.499
13.105,21.756,19.702,17.884,7.901,8.745
19.639,7.064,9.126,10.051,10.528,14.612
13.13,23.544,18.32,17.255,6.437,7.55
13.12,10.586,14.538,6.471,8.656,10.551
13.777,24.542,18.13,18.992,8.614,7.046
16.832,9.884,17.062,7.871,10.052,12.167
14.166,10.657,20.1,7.456,11.644,12.702
3.772,19.275,16.61,19.073,3.861,23.02
12.218,9.762,16.707,6.004,8.86,10.576
22.244,9.293,5.516,8.584,9.188,14.439
14.179,12.125,17.617,5.198,9.818,12.696
6.677,21.491,14.888,16.69,4.786,25.084
20.463,8.756,6.512,9.333,9.024,12.739
10.387,23.027,20.191,17.245,7.455,6.266
21.068,9.763,8.682,8.128,9.974,16.639
21.612,8.838,7.768,8.015,11.834,13.56
7.228,21.963,17.018,18.807,5.005,24.086
13.618,19.77,19.568,17.15,8.813,7.358
11.324,24.224,20.736,13.162,7.57,5.353
6.012,22.433,17.139,18.152,5.033,22.934
3.189,21.806,17.197,18.78,5.181,23.878
11.393,23.603,18.246,17.818,7.3,6.977
13.886,26.008,19.722,16.89,5.275,6.785
11.722,23.44,19.085,17.487,8.209,9.929
11.832,21.973,18.875,15.0,6.498,8.46
5.648,20.07,15.434,20.341,4.792,24.83
2.562,21.447,16.648,18.339,8.168,24.169
12.78,21.952,19.938,18.135,6.089,6.335
20.783,9.58,7.91,8.029,9.931,15.133
19.53,8.433,8.589,9.475,9.034,13.802
4.643,20.51,16.977,19.936,5.313,23.739
3.678,21.614,13.434,17.856,5.005,22.446
20.794,9.741,6.401,8.121,8.875,14.527
13.959,8.994,16.654,6.726,10.19,11.82
2.966,21.423,16.996,17.136,5.882,24.322
22.695,6.025,8.169,7.848,10.53,14.431
14.624,10.897,16.756,6.703,9.768,10.282
20.253,9.029,7.618,7.709,9.555,14.258
10.805,25.838,17.027,16.511,9.865,7.444
14.232,9.847,16.308,5.519,11.213,11.535
21.149,8.25,6.22,8.114,12.891,16.359
12.822,9.464,19.177,8.451,10.174,12.423
23.792,8.512,8.168,7.612,11.202,15.246
6.437,22.076,16.347,18.723,3.902,23.347
12.627,8.844,15.159,8.026,9.77,12.706
13.784,9.942,17.752,8.526,9.477,10.927
14.249,25.721,18.799,15.596,8.273,7.019
12.751,23.882,21.377,16.342,8.129,5.695
12.16,22.554,18.201,14.561,6.412,9.79
11.788,23.005,17.166,15.809,7.317,6.682
11.465,11.067,18.572,6.617,9.778,11.67
15.21,9.962,16.707,7.33,9.139,10.672
14.15,24.155,20.799,17.006,6.583,7.576
20.799,8.997,8.996,8.283,8.682,16.434
5.946,22.93,15.358,20.015,4.864,24.003
19.521,7.829,7.902,6.197,10.417,13.385
5.553,22.984,17.128,16.331,3.042,25.133
21.585,7.2,8.085,8.16,12.392,14.532
12.773,10.558,16.976,8.215,11.045,11.074
8.936,23.747,18.773,15.609,8.353,7.382
4.55,22.418,15.874,19.546,7.76,23.284
21.841,6.978,8.135,9.511,9.689,15.81
4.751,19.57,16.452,18.823,3.922,25.02
10.765,10.75,15.563,9.233,9.831,11.206
7.037,23.333,15.863,17.357,3.454,24.017
3.993,21.0,17.358,19.2,4.678,22.349
10.964,22.937,18.485,14.533,7.792,7.749
19.734,8.158,6.341,10.464,10.079,14.592
11.1,22.714,20.603,14.767,6.635,6.762
15.75,24.164,22.239,16.972,6.68,7.853
11.545,23.293,19.16,17.131,8.201,6.866
23.127,8.377,9.906,8.373,11.548,11.987
12.432,22.739,19.856,14.265,7.134,8.136
6.137,21.874,16.542,17.23,6.072,23.692
11.24,10.946,16.491,5.267,9.523,9.719
12.797,11.115,15.058,7.551,10.522,9.736
4.93,21.194,16.147,16.167,1.89,25.276
18.618,9.463,7.281,7.841,9.953,14.518
10.367,20.551,19.985,15.295,5.014,7.61
21.57,9.645,8.449,7.596,10.274,13.789
12.493,23.256,20.305,15.888,8.114,6.212
3.904,22.696,19.034,19.146,6.048,25.879
13.089,21.787,17.65,19.362,9.537,7.398
19.605,8.164,8.155,8.112,9.173,16.361
10.816,24.242,18.687,16.193,7.772,7.754
22.295,6.824,9.628,9.117,12.326,16.144
21.789,9.519,6.321,9.521,9.805,14.096
13.575,8.76,16.927,5.495,10.383,13.299
4.117,22.931,17.452,18.296,6.095,23.177
13.428,24.426,19.211,16.578,7.072,6.344
12.117,22.984,18.608,16.795,9.268,8.357
4.439,22.687,16.79,17.624,5.454,23.524
19.256,9.356,7.365,8.476,8.936,16.233
20.318,6.775,8.729,7.516,10.04,16.885
6.643,19.955,17.493,18.053,3.249,24.409
5.929,19.203,16.882,19.793,2.597,24.16
4.649,22.169,15.97,18.109,3.987,24.552
5.077,20.081,18.405,20.261,5.27,23.446
22.719,8.624,8.563,9.77,11.323,14.811
11.284,11.337,17.025,7.246,10.621,11.793
12.927,23.934,21.723,15.07,8.423,5.862
2.955,21.807,14.842,18.276,4.113,23.466
10.793,23.404,19.164,14.098,7.983,8.363
14.046,8.6,17.137,5.707,10.33,13.105
12.541,22.252,15.411,15.661,6.396,7.855
5.638,20.659,14.316,18.605,4.896,24.347
10.983,9.755,15.103,7.591,10.97,12.759
22.583,9.469,8.539,8.616,9.025,16.617
22.071,6.499,6.877,9.074,10.518,15.065
11.165,23.684,17.159,17.826,6.638,8.302
5.367,21.114,15.136,17.397,5.47,24.772
5.763,20.435,18.667,18.554,3.748,21.759
9.422,22.284,17.131,16.75,7.437,7.799
3.446,21.602,15.191,19.591,4.39,24.084
12.082,22.461,23.009,16.908,7.342,6.817
5.169,21.16,14.465,19.271,4.601,24.326
14.567,10.04,15.647,7.17,9.696,12.827
10.703,25.19,18.016,15.903,8.413,5.959
21.03,7.633,7.928,7.907,13.031,14.412
21.33,7.068,7.833,6.477,9.782,14.694
4.324,20.435,16.769,18.57,6.102,23.299
13.395,9.477,16.371,3.899,9.114,11.12
4.588,20.375,14.617,18.114,5.826,24.022
10.095,23.929,19.109,17.052,6.837,5.188
22.394,8.897,10.51,9.254,10.453,15.566
13.158,10.243,18.443,5.308,12.852,13.467
20.22,9.435,7.923,8.028,10.447,16.148
22.862,8.018,7.26,6.955,9.959,15.045
13.358,8.284,17.61,6.788,11.056,11.174
6.58,21.659,15.885,17.098,5.456,22.607
21.91,9.467,8.676,7.943,12.467,15.651
13.307,11.438,18.244,6.75,10.095,10.873
4.998,22.089,16.209,16.017,6.295,26.199
15.254,10.393,16.211,7.455,8.86,12.923
6.479,21.357,16.907,19.086,6.252,22.264
13.848,11.143,15.458,8.034,10.516,12.231
21.527,10.088,8.397,8.772,11.253,16.185
11.725,23.014,18.593,16.926,6.313,6.145
14.257,8.329,17.161,6.434,9.189,10.999
6.141,20.868,15.419,17.746,3.046,21.806
22.247,8.393,10.112,6.009,10.479,13.036
20.325,5.219,7.272,7.646,10.197,14.572
13.025,11.929,16.239,5.949,9.598,11.135
21.797,8.002,7.818,8.222,9.663,13.153
20.509,7.795,6.666,8.903,11.88,14.811
24.005,8.505,10.141,9.382,10.015,15.028
14.635,11.36,17.248,7.595,9.779,13.346
12.011,24.202,19.621,15.552,7.552,8.093
13.826,8.827,15.869,8.079,10.467,11.402
20.701,9.701,6.928,7.575,9.774,16.124
14.642,9.744,15.584,8.9,11.816,10.458
13.288,9.759,16.901,9.046,11.005,11.372
11.528,9.514,16.446,6.515,8.477,13.517
11.489,23.769,16.626,13.427,7.852,8.026
13.095,24.308,18.582,14.98,4.787,7.12
11.03,22.934,16.113,16.052,8.546,8.117
20.135,7.293,7.832,8.726,11.746,13.138
9.485,23.151,16.115,16.714,6.261,7.632
12.706,20.912,19.357,15.941,6.43,6.545
5.708,22.766,15.267,17.882,5.37,21.231
11.342,23.276,18.986,13.986,7.42,6.608
3.252,20.073,17.307,18.106,6.914,24.233
19.492,8.942,6.245,7.077,11.614,15.263
11.512,10.863,17.869,4.042,8.384,11.095
22.32,7.907,8.367,8.072,10.335,16.34
5.488,19.53,16.052,16.814,3.279,24.411
11.091,11.843,15.622,6.178,10.649,10.751
18.54,5.437,7.471,8.138,10.122,14.133
13.828,9.135,14.261,5.664,10.328,11.281
5.808,21.002,15.411,18.043,2.911,24.017
15.269,8.383,16.616,5.664,11.664,11.569
5.188,21.968,17.827,19.493,2.972,24.007
14.197,8.93,15.487,4.314,9.172,10.493
10.88,23.261,17.139,17.046,9.554,10.787
22.577,9.206,6.086,7.827,8.063,13.415
11.902,9.764,15.643,8.139,10.774,11.94
5.194,23.981,15.767,20.772,5.335,24.39
21.707,9.936,7.027,6.154,9.974,16.339
14.557,11.371,15.718,5.275,7.539,12.384
13.621,10.617,16.722,8.509,9.112,10.837
13.051,22.238,18.663,16.643,8.268,5.003
22.768,6.752,7.949,7.757,12.31,12.16
12.303,23.396,19.745,16.666,8.709,8.515
11.757,10.183,15.378,4.531,9.222,13.559
13.909,9.838,16.495,9.36,11.669,11.27
14.163,23.732,18.52,14.456,7.173,7.718
9.939,22.817,20.757,17.309,7.018,7.017
20.198,8.066,8.342,7.585,10.405,15.779
12.0,9.048,17.206,6.703,8.823,10.04
11.157,9.353,17.595,6.627,10.965,13.704
4.174,21.294,14.353,18.02,3.59,23.434
5.902,22.5,15.843,16.41,5.369,23.615
19.937,8.692,9.149,6.574,8.562,14.87
5.732,21.3,16.276,17.962,5.36,23.835
4.941,21.305,16.846,16.116,4.638,24.134
14.955,11.931,17.556,6.033,10.51,14.34
20.351,9.822,8.194,8.274,9.002,15.823
20.81,8.28,5.927,7.074,10.369,16.331
20.666,8.804,6.884,6.57,10.419,15.496
11.082,23.593,19.764,16.483,7.852,7.031
12.798,23.716,19.434,15.845,7.101,6.991
12.778,8.29,15.714,6.156,10.541,12.154
13.238,6.304,16.015,7.492,8.997,11.039
13.257,10.043,16.307,5.469,8.85,10.906
5.75,20.931,17.179,17.52,5.654,23.524
3.78,20.12,16.268,17.928,3.577,23.244
11.007,23.568,18.227,15.804,6.613,5.717
6.34,20.223,14.124,19.463,3.427,21.717
5.288,22.406,13.279,17.47,5.395,23.344
14.525,8.968,16.808,6.946,11.62,10.792
3.806,21.896,17.375,15.567,5.501,25.121
10.835,21.829,18.615,18.17,8.211,8.281
19.479,7.656,7.999,7.759,9.545,16.634
12.638,24.657,19.99,16.591,7.159,6.744
14.123,10.926,15.678,7.575,11.754,10.49
11.539,9.95,16.099,7.473,10.087,12.219
11.788,12.764,17.554,6.972,9.521,12.346
12.951,23.675,18.221,16.723,6.064,7.566
21.16,6.472,9.448,8.619,11.412,13.648
22.3,6.49,9.573,9.125,9.958,15.231
22.34,7.646,6.085,5.444,11.2,15.691
12.062,23.318,18.747,17.895,6.59,5.816
5.534,20.8,14.488,19.54,5.284,24.055
5.033,21.843,15.854,19.418,4.94,23.378
4.173,21.62,15.962,21.817,5.988,23.774
20.299,7.947,6.771,9.305,11.622,16.388
6.058,21.788,15.328,17.969,5.608,22.339
15.147,10.427,15.427,6.635,11.07,10.334
7.417,22.331,17.521,17.39,4.091,22.466
21.24,7.832,6.797,8.584,12.391,16.603
13.152,24.297,20.127,16.3,5.738,8.609
21.367,7.855,9.867,8.816,11.218,14.085
20.52,7.738,9.009,6.869,10.871,14.608
11.028,11.681,16.137,8.211,10.4,12.664
14.549,13.165,17.812,7.54,10.489,13.506
13.575,12.052,16.47,8.468,10.722,10.307
13.767,9.615,18.573,5.068,9.744,11.118
19.198,10.148,8.193,9.351,11.866,16.413
21.203,8.513,8.428,7.254,11.577,14.567
4.006,21.417,16.265,17.387,7.243,23.14
20.386,10.002,7.056,8.831,9.601,15.469
9.603,23.94,17.632,13.706,7.903,10.427
11.3,24.564,19.334,16.232,7.738,7.651
11.497,9.688,16.282,5.15,10.672,12.036
10.734,22.005,17.168,16.465,8.83,7.214
20.668,7.991,8.207,9.088,11.474,14.286
22.312,7.471,4.487,9.458,10.927,15.417
10.827,23.424,19.99,16.456,5.544,6.472
20.296,9.236,7.964,7.747,10.818,14.001
22.462,7.962,10.192,8.436,10.711,15.597
19.734,7.061,7.753,6.449,12.275,14.534
12.851,23.925,19.136,16.727,10.32,7.367
5.616,22.85,17.662,18.439,5.076,24.108
19.864,6.745,5.597,7.073,9.966,15.641
4.702,20.353,16.106,18.352,5.143,22.782
12.094,10.208,16.735,9.56,9.407,11.438
13.096,8.645,15.153,7.478,11.015,9.832
12.455,10.225,16.494,5.365,9.524,11.333
5.796,21.756,17.483,19.222,3.683,23.514
10.957,21.514,16.792,14.388,7.757,8.046
19.246,11.012,8.991,6.286,12.254,14.884
6.713,19.776,17.18,18.463,5.42,23.727
4.872,21.294,15.048,17.501,5.648,23.937
13.548,8.098,14.13,6.293,8.599,8.936
19.547,9.306,6.641,8.754,12.449,15.946
12.133,8.868,17.773,6.914,10.41,11.855
6.309,21.763,15.269,17.952,5.459,24.473
21.097,7.639,7.055,7.67,11.698,13.371
20.554,8.98,7.706,3.626,8.208,14.523
12.49,23.416,18.665,17.444,6.253,6.507
4.941,23.505,16.574,20.908,5.455,21.996
12.437,10.919,16.652,7.801,11.444,12.776
19.965,7.293,8.467,6.153,11.293,13.692
4.839,22.802,14.468,19.29,5.824,24.862
3.071,22.016,16.647,18.707,3.846,24.374
7.0,23.683,15.049,19.189,4.21,21.718
20.154,10.301,6.567,8.558,9.81,15.303
6.145,21.56,14.77,19.071,3.522,24.49
20.29,9.574,8.516,8.942,10.805,13.763
12.074,9.887,15.925,6.192,10.916,12.824
14.755,9.37,16.221,7.662,9.328,10.102
5.501,23.042,16.274,18.99,4.661,24.45
11.648,9.157,18.89,8.883,8.849,13.636
9.883,21.152,19.311,16.452,6.925,5.447
19.238,8.417,8.161,6.925,9.655,15.767
10.79,22.548,17.648,15.347,6.992,5.749
13.524,9.715,16.034,6.138,10.068,10.859
14.917,9.274,16.972,7.528,10.046,11.279
6.566,21.176,16.054,19.333,5.606,24.671
14.828,10.896,15.445,5.191,11.208,12.652
21.388,9.124,7.815,8.742,9.609,15.592
11.926,22.703,18.276,17.262,6.652,8.534
13.296,8.763,14.638,6.749,10.429,11.298
5.86,21.245,16.265,18.706,5.645,21.824
20.81,8.051,6.347,8.217,10.782,16.54
11.549,24.702,19.136,17.144,8.674,7.902
20.062,10.958,8.157,7.295,10.653,14.119
15.992,10.64,16.685,7.509,11.684,14.438
12.201,23.059,17.41,15.005,6.314,8.739
13.543,23.566,20.194,14.506,7.757,8.503
20.046,8.488,8.211,8.547,12.215,16.342
5.993,23.872,16.902,17.938,3.096,22.249
6.34,20.037,17.85,19.346,4.587,21.284
11.581,23.206,18.699,17.454,7.939,7.701
10.673,24.105,17.737,16.935,5.793,9.554
7.456,22.546,17.905,19.646,5.727,23.309
13.964,10.554,18.9,7.106,8.849,8.657
13.239,8.264,16.692,8.443,8.226,10.063
12.978,11.363,15.278,8.992,10.437,12.433
3.664,22.906,14.573,18.212,5.021,24.961
12.736,10.907,16.664,10.304,8.641,12.737
21.291,6.41,7.645,7.596,10.126,14.437
7.384,20.124,15.644,18.367,3.825,23.721
5.141,23.438,17.458,18.564,2.773,24.127
11.349,11.243,16.223,7.954,10.2,11.525
21.217,10.091,7.678,7.143,10.093,14.137
14.413,11.002,18.799,9.102,11.769,12.212
21.281,9.06,6.209,9.619,10.291,13.689
21.317,8.13,9.813,11.114,10.526,15.355
5.379,23.964,17.216,19.5,4.528,23.978
4.026,22.003,16.646,19.178,4.574,22.8
22.327,9.04,6.493,9.697,9.693,14.682
20.985,6.715,6.691,7.192,12.283,13.814
4.758,21.996,16.62,17.977,4.404,21.97
8.657,26.389,19.593,16.468,8.854,10.248
5.175,21.666,14.13,18.158,1.745,23.012
14.539,8.779,15.934,8.32,9.913,12.299
7.139,22.001,16.498,17.037,5.52,23.122
13.227,11.528,17.679,7.835,10.494,11.631
13.39,10.211,16.253,6.853,9.218,11.503
9.774,24.538,18.272,15.86,10.602,7.798
11.931,10.609,17.371,6.976,9.073,11.098
4.584,24.062,14.528,18.176,4.708,24.099
4.686,21.644,15.481,17.541,4.324,23.571
22.714,11.804,7.543,7.217,8.828,13.496
4.422,23.789,16.298,20.021,2.712,22.713
21.397,10.239,7.981,9.58,13.087,17.848
6.583,22.255,14.955,17.608,4.271,23.627
11.599,21.975,18.876,13.62,7.841,7.979
12.028,22.826,16.67,18.022,5.963,6.726
5.173,22.359,16.027,20.354,3.888,24.291
11.759,10.336,16.039,5.37,9.738,12.184
11.06,23.564,18.065,14.705,6.702,7.391
5.454,21.714,15.576,20.413,5.604,24.79
13.483,10.011,16.429,6.518,9.487,13.678
10.239,8.978,16.623,7.182,10.704,12.079
21.515,8.498,6.343,6.278,10.945,15.648
12.721,9.787,17.877,5.59,10.259,10.77
11.161,8.538,15.77,7.996,9.679,11.89
14.079,11.105,16.542,5.997,6.865,10.643
5.671,21.335,15.68,17.677,2.801,22.62
5.071,21.99,16.873,19.223,3.674,25.899
22.934,9.142,7.232,10.453,11.099,14.625
21.377,7.187,8.846,7.102,11.539,17.1
4.791,20.304,17.145,19.278,5.522,24.227
12.295,11.147,18.039,5.779,9.609,13.233
21.07,9.514,9.473,7.862,7.99,17.252
22.351,10.24,8.915,8.231,9.352,16.402
13.445,9.08,17.456,7.633,10.446,13.996
12.464,11.055,15.695,5.888,10.429,13.868
21.373,8.974,7.126,9.186,8.126,15.06
12.921,9.741,17.915,7.818,10.985,11.544
11.67,21.593,21.282,15.159,5.804,7.18
12.454,22.944,19.162,15.583,7.452,6.034
11.009,10.705,15.555,4.59,12.148,11.734
15.549,9.853,15.781,6.92,11.448,12.505
13.72,22.112,18.682,16.404,6.284,5.33
13.3,9.708,18.302,5.319,11.097,12.822
10.692,21.969,18.54,15.586,7.17,5.707
5.07,21.336,17.674,18.645,5.874,24.38
22.191,6.69,6.221,8.224,9.383,15.138
10.765,12.49,16.443,7.313,10.696,11.841
21.639,6.692,8.772,9.193,9.714,15.34
11.767,23.081,18.802,14.031,6.778,7.547
14.062,8.575,17.547,5.93,11.613,11.779
18.814,7.927,9.206,7.139,8.62,16.168
5.308,20.22,16.195,18.655,5.35,23.807
4.824,23.133,15.653,16.952,4.885,23.749
6.948,20.451,14.959,19.099,3.118,23.366
11.445,21.549,20.49,16.216,7.204,8.512
20.185,9.301,8.728,9.588,11.907,13.731
13.239,10.339,16.251,7.245,7.577,12.763
22.025,7.589,8.85,9.984,11.459,16.655
21.675,8.752,7.877,8.578,8.222,14.69
10.478,24.772,18.302,16.455,7.792,6.73
5.543,20.688,14.756,19.516,5.447,24.987
12.104,12.647,18.009,7.17,10.071,12.485
13.02,27.565,17.462,16.829,6.587,6.789
14.189,10.15,15.359,6.235,9.443,11.499
11.673,22.364,18.491,15.793,6.863,5.93
13.125,11.096,16.234,7.793,8.492,12.711
13.365,9.696,17.175,7.646,10.73,10.584
4.026,21.502,14.535,18.237,3.229,23.962
12.818,23.358,20.577,14.474,5.839,4.822
5.94,22.221,15.76,18.479,5.86,23.636
11.552,23.631,19.772,14.9,7.359,3.44
4.238,20.135,16.613,17.546,6.207,21.959
14.072,9.743,16.025,6.251,11.14,11.927
13.082,22.879,20.577,17.84,9.433,7.802
10.208,24.9,19.621,14.34,8.352,8.543
12.656,11.029,17.075,6.925,10.687,11.896
11.93,10.805,17.847,7.617,9.476,11.866
24.755,9.293,9.311,8.906,11.403,15.379
4.34,20.668,14.202,18.735,3.849,25.71
10.632,9.002,15.7,7.768,10.894,11.587
6.437,21.602,16.699,18.138,3.456,23.428
13.595,8.076,16.509,7.727,11.297,12.157
20.908,8.294,7.001,5.857,10.619,15.266
19.071,7.797,7.191,8.744,10.904,12.949
12.176,22.86,19.279,15.877,8.182,6.992
11.368,23.552,17.339,15.123,8.877,6.648
4.309,22.998,16.665,17.056,3.887,22.668
12.614,24.04,18.531,15.601,7.559,9.295
4.371,20.78,16.49,19.381,3.125,25.931
12.116,22.573,19.475,15.429,4.998,5.85
12.225,10.099,16.213,6.647,8.301,11.933
13.328,23.677,17.567,14.689,5.575,8.23
4.831,22.247,15.794,18.553,5.898,22.99
11.084,11.44,15.846,7.41,11.519,11.859
20.279,8.885,7.548,8.418,11.058,13.895
12.101,10.938,15.698,9.701,9.475,10.383
4.356,23.29,18.587,17.405,4.628,23.174
5.825,20.209,15.355,19.585,6.98,22.513
12.027,24.073,18.973,16.517,7.144,7.574
19.736,6.964,7.783,6.44,10.77,13.871
14.585,11.538,18.459,4.816,10.4,11.752
22.114,9.973,7.485,6.295,10.176,14.548
20.88,8.572,11.007,8.032,9.405,14.025
7.648,21.854,16.604,18.863,4.557,24.732
11.006,10.978,18.72,7.506,10.824,10.365
3.686,22.878,14.994,18.803,4.569,23.909
6.014,21.152,16.139,18.046,6.552,25.228
12.403,10.793,16.723,8.031,10.815,11.667
6.928,20.711,15.527,19.333,4.91,22.891
5.931,22.172,16.745,18.71,4.795,24.512
4.949,20.812,18.106,19.134,5.5,23.244
6.36,20.549,16.375,21.45,3.237,24.348
12.382,7.929,16.336,7.654,9.628,13.289
21.539,6.429,7.592,8.686,10.365,15.44
21.496,9.259,7.053,9.132,10.071,13.046
13.454,9.868,16.341,7.799,8.789,10.088
11.512,23.003,15.72,16.224,7.159,8.271
11.231,25.285,16.738,15.663,5.986,7.93
21.421,9.821,8.498,7.681,10.757,16.47
12.522,9.581,18.327,7.31,11.244,10.896
22.498,7.96,9.338,9.727,10.897,15.163
12.482,9.77,16.416,8.858,7.515,12.482
10.37,10.776,15.422,6.339,10.316,11.736
12.897,24.285,19.795,17.68,6.888,5.81
10.471,23.85,18.732,15.714,7.903,7.114
11.316,9.563,17.304,9.438,10.627,11.174
19.585,8.018,9.389,8.784,7.578,13.212
10.816,22.739,16.544,14.7,9.605,9.406
11.889,21.234,19.354,15.033,9.49,8.065
12.135,22.61,20.239,16.039,6.491,7.707
4.763,21.806,17.602,21.034,5.629,24.068
13.774,10.569,13.055,5.004,9.558,12.819
21.722,7.872,7.276,9.221,8.803,14.615
4.854,23.598,16.694,18.591,5.194,27.29
13.41,11.182,15.257,7.883,11.424,14.272
19.104,6.77,6.928,7.571,12.177,14.678
5.258,20.12,14.945,17.314,4.447,25.006
22.115,11.056,8.171,7.516,9.956,16.606
11.524,10.963,15.967,6.77,7.998,10.12
13.525,10.851,17.588,6.554,11.219,11.113
22.347,9.769,7.649,6.348,12.248,14.233
3.432,19.741,16.27,19.074,4.485,24.231
13.234,24.131,18.922,17.926,8.231,6.448
11.386,10.711,14.879,6.479,9.873,12.382
20.406,8.1,7.214,8.041,9.381,17.412
14.687,8.044,15.338,7.004,8.791,9.856
9.672,25.125,19.741,16.222,7.772,6.085
13.54,10.609,15.586,6.617,9.646,11.763
20.752,5.727,8.649,7.834,9.399,14.862
11.771,23.96,18.553,16.612,5.624,6.611
21.256,8.955,7.424,8.208,11.687,17.688
21.415,9.04,8.513,7.033,8.699,15.776
21.586,9.976,10.061,8.765,11.521,13.27
11.087,23.825,19.978,15.198,6.895,6.214
13.891,10.177,14.494,7.843,8.551,10.165
13.073,10.064,17.695,8.945,10.983,12.857
20.021,8.661,7.738,9.214,11.782,13.165
22.395,9.44,8.337,7.969,9.313,13.537
5.267,21.559,15.447,17.559,5.259,23.517
12.751,11.538,13.924,6.56,12.155,11.047
4.958,24.35,17.812,16.709,1.887,23.806
5.576,22.113,16.317,16.552,4.765,23.79
20.435,7.794,8.009,9.056,10.438,16.503
23.011,10.0,7.219,6.422,10.537,14.112
22.253,8.573,6.978,7.261,11.492,13.838
12.946,10.019,15.761,7.773,9.155,12.14
19.758,9.381,5.91,8.958,10.941,15.701
5.758,21.446,18.767,18.358,4.198,22.939
4.887,22.192,18.709,18.388,6.062,25.72
12.857,10.573,16.032,7.449,9.86,11.965
18.758,8.997,8.65,10.346,8.742,14.649
11.488,22.85,18.818,16.606,7.256,5.919
5.688,20.275,15.019,19.348,5.786,23.746
6.706,22.728,16.944,17.666,4.932,23.098
14.493,10.643,14.848,5.347,9.901,12.372
12.72,11.903,14.643,6.637,11.17,12.025
11.11,23.326,18.782,16.143,7.926,6.352
12.271,24.961,18.779,15.501,8.485,7.53
12.192,8.449,16.673,6.799,11.295,11.012
20.047,10.582,8.607,8.158,5.246,12.521
21.179,9.311,9.233,7.813,11.896,13.744
4.722,21.755,13.579,18.681,1.81,25.02
13.423,13.051,17.036,6.641,10.37,10.504
13.99,7.77,17.169,7.442,10.479,10.248
4.209,21.45,16.515,19.511,4.779,23.775
7.498,21.44,16.435,17.989,6.167,23.954
4.332,22.288,17.144,18.076,4.801,23.022
10.509,21.528,19.144,16.372,6.784,8.427
12.555,25.497,17.518,15.777,6.969,9.063
14.088,23.802,20.284,15.994,5.831,8.17
22.392,8.8,11.244,9.305,10.188,13.859
20.042,9.906,8.623,10.508,11.032,15.543
23.031,7.724,8.597,7.851,10.422,15.253
13.004,9.729,15.84,7.14,10.972,13.774
13.274,9.677,16.251,6.111,10.765,10.014
5.85,21.803,14.987,16.986,4.633,23.81
14.335,10.728,16.641,5.81,10.486,11.192
18.968,9.996,8.956,6.705,10.288,13.786
13.891,8.898,15.267,6.935,9.704,11.454
11.555,10.238,17.876,7.806,10.696,11.03
10.169,23.267,18.624,16.81,7.695,7.013
21.351,8.496,8.139,8.93,10.671,13.279
5.228,19.872,14.177,19.424,3.263,24.049
21.577,6.366,9.096,6.255,9.926,14.321
8.116,22.052,16.058,19.65,5.738,20.692
12.612,23.726,20.496,16.345,5.257,5.396
12.473,8.935,17.802,5.528,9.003,10.831
12.124,7.981,16.122,8.589,9.652,11.191
11.242,23.609,17.218,14.6,6.574,7.18
11.21,22.186,19.391,14.881,6.244,8.819
12.097,10.896,15.19,6.408,10.774,10.862
13.764,9.891,15.667,6.716,10.232,12.443
18.825,9.277,6.987,9.483,10.411,14.242
11.201,10.894,15.802,8.575,10.879,13.969
20.881,8.709,8.697,7.898,9.42,14.735
13.207,8.93,15.79,6.937,9.72,12.877
13.137,10.868,17.219,6.13,6.055,11.511
12.052,24.249,17.017,16.649,8.555,6.938
4.613,21.724,15.882,18.679,5.781,24.721
19.775,7.32,9.313,6.314,10.49,16.849
11.9,25.183,19.418,13.04,7.752,5.696
22.942,10.428,8.754,6.662,10.342,13.073
4.142,19.882,17.033,18.948,5.641,25.252
13.534,9.058,18.141,6.836,9.725,11.901
21.364,10.051,7.335,8.299,11.354,16.608
6.246,23.665,16.778,19.102,6.408,22.961
6.115,25.498,16.737,18.76,2.141,24.228
17.906,7.619,6.502,9.146,10.19,15.804
15.08,9.593,17.1,6.352,12.298,11.411
21.991,7.477,8.832,6.189,10.707,15.127
14.533,22.845,19.546,16.973,7.671,7.317
11.819,22.504,18.583,16.772,8.24,7.301
13.725,24.293,19.991,14.59,6.055,4.029
4.974,21.041,16.722,18.258,5.11,25.589
7.339,22.563,18.182,17.804,4.556,22.461
20.739,8.042,8.917,8.138,10.549,11.759
6.0,21.335,16.536,19.046,3.013,23.903
20.463,7.699,6.426,6.339,8.721,15.188
6.251,19.975,16.0,19.95,3.148,23.803
3.72,21.529,16.742,19.32,5.013,22.291
21.65,8.075,9.069,8.092,11.553,16.641
13.489,10.076,16.737,4.511,10.032,10.876
5.049,22.413,18.297,18.122,4.436,24.461
7.0,19.976,15.358,18.351,4.846,23.443
11.016,24.925,19.937,15.193,7.805,7.374
19.412,7.336,9.136,6.664,9.03,15.507
11.227,22.186,19.103,18.239,7.824,7.133
4.789,19.436,17.991,16.918,5.378,23.672
20.804,9.764,7.562,10.256,10.207,12.868
11.04,22.034,19.412,16.974,6.512,9.261
21.015,7.134,6.613,8.263,9.601,16.42
4.692,22.238,14.959,18.978,5.399,25.015
5.325,21.107,14.559,18.471,4.768,22.151
20.097,8.231,6.575,7.274,11.764,15.593
9.847,9.926,16.118,7.096,9.506,12.872
20.964,7.837,8.593,6.791,10.042,14.026
12.178,23.982,17.923,16.202,7.249,6.774
11.131,22.194,20.312,16.326,9.285,6.804
18.968,8.711,6.161,6.272,9.205,16.071
12.917,9.153,17.367,7.38,10.378,9.435
21.083,8.467,8.689,9.612,10.56,14.223
3.629,18.843,16.023,18.122,4.434,24.018
22.178,9.717,8.577,6.785,9.247,13.746
12.806,11.65,16.967,8.738,11.958,11.665
10.228,24.902,18.624,15.483,5.931,6.77
11.781,25.349,21.534,15.585,5.036,4.918
13.844,11.16,15.104,6.196,8.55,12.151
18.464,10.145,7.834,7.379,10.962,13.946
13.577,23.098,19.218,17.836,7.277,5.851
20.767,9.666,6.44,8.485,11.075,16.186
7.631,20.905,15.058,18.313,4.503,24.909
21.655,11.745,9.402,8.143,11.026,12.534
5.509,21.074,16.634,18.374,5.295,23.08
20.994,8.822,7.474,7.263,9.958,15.489
21.891,8.307,8.536,7.4,8.036,15.447
10.649,25.284,18.615,18.198,8.251,7.271
5.437,22.4,14.128,17.835,2.843,23.21
13.811,11.176,15.271,7.625,10.361,10.414
20.07,7.721,7.77,7.236,10.191,13.764
5.313,21.423,16.329,19.61,6.84,22.706
24.1,8.006,6.952,9.34,10.803,16.174
13.442,12.304,16.905,9.505,9.407,10.861
2.357,20.157,12.92,18.387,5.916,23.841
12.58,10.031,14.791,7.163,10.629,10.813
20.463,6.764,9.162,7.025,11.001,13.657
21.415,9.784,7.53,8.101,8.929,14.695
11.257,11.408,16.856,6.723,9.386,12.256
5.517,20.295,15.015,18.919,5.864,23.482
5.367,20.711,14.96,19.079,5.994,26.648
3.584,21.365,17.145,17.692,4.244,23.384
4.17,22.422,16.546,15.934,5.522,26.268
6.67,23.069,15.118,18.12,5.921,23.713
13.279,11.425,15.478,4.671,9.33,12.791
5.09,22.488,17.859,18.014,6.07,26.38
5.776,21.842,15.656,18.633,3.88,23.508
5.123,22.377,17.669,18.352,4.111,25.325
12.778,8.585,16.915,5.862,10.755,9.945
5.323,21.501,14.724,19.164,3.944,23.678
21.001,7.84,5.672,9.449,11.443,14.283
12.459,9.65,17.293,7.87,10.837,11.097
6.297,22.113,17.011,17.332,3.294,23.778
12.757,22.644,18.187,18.28,8.618,8.385
11.073,23.041,16.914,16.738,7.754,7.512
21.841,7.504,8.731,7.774,9.848,14.371
20.882,9.578,8.005,8.62,10.971,14.428
12.557,25.112,17.724,18.196,7.777,7.427
21.51,9.027,7.74,7.573,8.001,14.914
11.024,7.598,14.688,8.295,9.834,10.5
12.862,22.194,18.737,16.627,7.109,8.138
12.56,22.981,18.158,15.589,9.89,7.706
3.83,21.035,17.912,17.462,3.85,23.947
2.715,21.456,17.999,17.952,6.095,23.346
20.891,8.615,5.742,9.436,10.005,14.331
11.599,9.601,15.776,7.615,10.529,11.779
21.233,7.691,5.696,8.952,8.842,14.321
5.085,23.215,18.024,19.612,4.49,24.058
12.927,23.063,20.234,18.032,6.337,6.432
12.844,20.081,18.092,15.18,5.932,7.178
4.288,20.584,16.812,17.846,4.952,25.253
11.217,22.988,18.648,15.999,7.362,8.011
13.1,11.631,16.9,7.688,10.264,10.86
6.225,24.049,15.99,17.478,4.096,22.511
14.533,10.053,16.06,8.426,10.807,12.788
12.755,9.046,17.948,5.47,10.468,12.009
21.214,9.384,8.057,7.475,10.056,15.594
13.179,9.144,16.045,7.534,7.979,13.719
21.143,9.98,10.289,8.423,9.693,15.408
20.043,8.601,8.337,5.412,11.229,13.407
20.677,9.268,8.169,8.111,11.069,16.393
6.845,20.184,17.303,16.263,5.91,22.879
4.3,22.781,16.893,18.93,5.665,23.204
13.433,9.523,16.95,9.305,10.266,13.483
22.278,9.237,9.214,7.827,11.326,13.609
20.544,8.469,9.548,8.712,11.043,16.306
19.609,7.911,6.011,10.13,10.572,13.857
6.792,23.959,16.53,18.289,3.38,21.982
11.687,11.057,17.442,8.287,11.164,12.948
12.217,25.631,17.125,14.904,8.463,7.753
12.39,20.991,16.495,17.176,8.045,7.367
7.422,22.666,18.075,18.854,4.775,24.223
12.875,23.835,19.101,17.084,6.781,5.738
13.703,24.43,20.225,16.192,5.346,6.89
19.364,8.638,8.594,8.265,9.839,14.482
20.571,7.352,9.081,6.953,9.714,15.15
10.15,24.08,21.094,16.969,8.202,8.48
13.218,24.692,19.472,16.899,7.943,5.019
10.829,23.542,17.456,15.971,7.477,7.758
12.819,23.71,18.151,16.107,4.852,7.705
6.371,22.667,15.783,19.284,4.003,22.526
7.058,21.421,16.396,18.139,4.398,24.159
22.218,5.696,8.071,6.091,10.37,15.668
12.934,22.525,18.762,17.936,8.032,6.14
22.707,7.252,6.357,6.486,13.595,15.369
5.909,18.731,17.253,17.782,3.886,23.326
12.407,13.293,16.866,5.872,9.213,9.546
19.422,7.252,10.099,7.211,10.689,14.242
13.649,9.502,18.088,6.76,11.727,11.201
10.959,24.194,18.872,15.945,7.959,6.546
19.331,8.777,8.17,7.783,9.289,15.099
10.763,24.681,17.529,18.26,6.356,8.202
12.288,22.385,19.503,15.849,6.36,8.124
13.814,23.833,18.11,16.222,8.106,7.527
20.983,9.744,6.267,10.107,7.779,16.552
11.521,23.385,17.87,17.696,8.235,9.765
11.171,23.447,17.866,15.782,7.175,7.155
4.382,22.913,17.531,17.045,4.09,25.741
11.542,22.844,19.597,14.155,7.152,7.275
5.003,22.125,15.501,17.214,4.068,25.206
4.774,21.782,16.164,20.472,5.75,24.445
18.596,8.414,8.393,6.641,12.2,15.332
21.906,7.167,8.656,8.529,11.798,14.85
12.853,9.652,15.574,6.245,10.799,10.801
12.728,23.328,20.263,19.128,5.71,7.166
20.502,7.281,9.859,7.301,11.345,15.622
3.876,21.491,18.302,19.465,3.62,23.627
13.814,9.704,16.82,5.778,8.094,11.824
12.479,10.212,16.161,7.417,9.858,12.844
5.316,23.144,16.218,18.242,5.19,23.39
9.788,22.101,18.62,15.132,8.043,6.562
21.598,8.611,8.491,8.609,10.844,14.121
4.575,21.345,16.997,19.625,2.804,23.35
13.908,9.638,15.661,6.738,8.926,10.27
13.52,22.827,19.864,13.992,8.228,6.471
5.479,22.47,17.963,20.247,4.374,22.529
5.206,20.882,17.675,20.963,4.89,24.841
13.134,10.12,15.268,6.623,8.436,12.513
3.97,20.074,15.259,19.802,5.4,23.06
11.873,23.852,17.962,15.383,8.023,10.297
7.094,21.668,17.325,18.587,6.491,23.627
12.556,8.101,18.727,7.035,12.969,12.083
12.297,11.245,16.236,6.74,10.178,10.634
13.658,9.018,15.19,7.647,12.458,10.995
20.557,7.683,6.382,9.02,10.81,15.777
7.056,20.592,16.346,20.32,3.91,24.979
12.487,9.569,16.094,8.568,8.253,11.047
11.371,20.921,18.49,15.922,8.197,6.598
5.844,22.139,16.133,18.67,3.864,21.584
11.272,22.726,19.587,16.582,6.005,6.965
11.399,9.766,17.412,8.448,9.225,12.193
6.258,21.326,16.837,17.655,6.064,25.05
5.558,18.49,14.56,18.666,6.201,22.08
21.293,7.878,7.728,9.4,11.261,14.07
12.275,24.679,17.656,17.535,9.963,8.353
6.114,21.161,18.84,15.73,5.669,24.57
20.974,9.122,8.413,7.262,7.828,13.321
22.095,7.969,6.874,7.997,10.381,13.28
11.614,21.904,19.188,17.522,7.178,7.758
11.533,22.202,18.493,17.507,7.566,10.564
11.108,10.072,18.561,8.374,8.983,12.142
21.0,8.072,6.84,6.125,12.153,13.972
10.226,12.291,16.019,7.816,10.401,12.738
14.319,8.692,15.963,8.241,10.55,10.223
13.139,9.565,16.232,5.514,9.537,13.904
24.369,8.181,7.099,8.405,9.291,15.303
10.403,19.884,18.923,18.416,9.43,6.887
13.159,10.091,18.76,7.586,8.819,12.402
19.083,8.198,7.862,9.017,8.651,15.227
12.669,23.141,18.186,18.288,6.409,7.479
20.142,10.741,8.994,8.234,11.016,15.025
12.099,22.653,17.419,17.336,8.217,7.317
21.039,8.338,9.065,6.729,10.117,15.152
11.345,23.79,19.125,13.732,8.358,7.694
19.321,8.416,7.8,7.434,10.465,14.32
12.675,9.001,15.868,7.316,9.302,12.211
10.702,24.35,19.205,16.235,6.648,5.809
12.75,10.004,15.557,9.868,7.566,13.132
20.119,8.36,6.709,9.127,10.01,14.828
9.821,23.91,19.334,15.028,6.33,7.406
21.182,8.423,8.852,9.265,10.366,14.477
19.651,7.462,7.948,7.305,12.161,16.226
21.284,8.408,8.782,8.996,10.724,15.276
12.67,10.737,17.095,6.373,10.045,10.943
12.782,8.47,15.101,4.111,8.544,10.863
13.572,22.491,17.711,17.088,6.481,6.296
6.884,22.121,17.011,17.377,4.409,25.444
11.845,22.426,19.508,15.476,9.852,7.6
21.659,10.723,9.37,7.159,10.538,16.638
11.736,23.065,19.185,14.909,7.204,8.329
13.701,10.104,15.463,8.189,11.84,13.033
6.058,22.824,16.221,18.041,6.831,23.785
7.52,21.458,15.395,18.508,6.834,23.111
18.888,9.352,6.506,8.355,9.923,15.519
22.265,7.496,7.165,6.83,10.707,15.703
5.911,22.265,15.807,18.764,4.801,23.34
21.471,8.565,7.785,8.318,8.978,12.446
13.403,11.238,17.346,7.05,10.42,11.786
12.045,7.916,16.817,7.946,10.243,12.081
20.599,7.533,9.18,8.293,9.138,15.161
9.984,22.749,20.476,15.44,7.969,8.365
11.78,11.197,16.375,4.774,8.513,10.061
3.405,22.625,13.521,18.471,4.482,26.402
12.123,23.62,18.731,17.288,7.162,7.714
13.511,22.645,17.957,16.855,6.774,8.195
6.405,22.15,16.937,19.408,2.594,23.717
13.368,9.126,15.616,7.703,9.868,11.717
11.853,21.592,18.596,16.229,10.581,6.101
12.199,24.369,19.063,17.471,8.173,7.004
12.473,8.961,15.477,8.583,10.903,12.916
8.68,21.404,17.976,20.498,4.507,24.156
12.409,10.606,17.394,6.166,11.146,10.852
14.373,10.308,15.921,8.583,8.711,9.861
5.377,21.443,16.927,16.276,3.39,22.757
11.935,22.916,19.781,15.554,7.368,8.857
19.64,8.963,10.168,6.809,9.798,18.147
12.081,10.62,17.083,6.764,11.807,11.284
11.758,7.819,17.086,7.192,9.261,11.959
14.061,9.22,16.073,5.458,8.991,13.158
11.137,22.01,19.483,17.224,7.986,9.445
13.191,22.962,19.231,14.707,8.035,7.765
5.994,22.157,15.154,17.396,5.342,23.742
21.492,6.554,8.306,4.783,9.327,15.367
6.78,21.178,15.281,17.271,3.45,24.505
4.327,23.825,18.994,18.723,4.906,23.311
12.775,22.162,19.527,16.896,8.709,10.747
13.928,8.696,15.089,8.466,11.15,11.333
6.297,20.675,17.091,18.738,5.351,22.893
12.967,11.768,16.723,9.446,9.624,11.537
7.264,21.855,17.043,19.522,5.499,23.56
20.086,9.015,8.855,4.804,11.443,16.376
5.811,21.328,16.804,19.462,5.931,25.737
11.924,10.127,16.681,6.616,8.497,11.217
6.051,23.412,15.66,19.232,2.9,23.931
10.902,10.069,16.431,6.843,10.756,11.9
3.178,21.598,15.96,19.613,5.153,24.423
13.269,24.599,20.002,15.911,6.75,7.835
4.354,20.668,16.722,19.609,8.071,24.892
18.756,8.453,5.129,7.792,10.561,15.839
4.545,20.323,15.448,19.816,5.576,22.225
22.098,8.788,10.999,7.819,12.388,16.186
21.227,7.19,8.275,10.074,8.893,14.784
20.971,8.666,9.452,6.837,8.803,15.534
6.122,18.695,15.0,18.534,4.434,23.321
12.42,24.457,18.21,14.689,11.377,8.376
3.403,20.081,14.921,20.14,4.672,23.278
4.955,21.391,14.067,18.26,6.868,22.639
5.279,21.707,14.223,18.315,4.275,23.689
3.424,21.885,14.685,17.322,5.607,23.475
20.859,7.104,7.558,9.842,12.551,15.427
13.12,11.743,16.103,5.847,9.36,10.695
20.78,5.845,7.266,9.071,8.675,15.646
12.044,20.304,19.47,16.759,7.46,8.506
12.554,9.047,16.562,5.691,10.071,11.049
23.555,9.978,7.253,6.198,8.901,15.422
21.395,8.44,6.669,7.628,10.656,15.144
19.327,6.652,7.476,9.799,9.21,14.791
11.564,22.696,20.199,14.582,6.272,6.959
11.383,9.922,17.33,7.357,10.221,13.823
16.082,9.993,16.125,5.925,11.496,10.772
10.213,23.566,19.842,16.495,7.298,7.075
21.623,8.301,8.967,6.426,8.306,14.775
11.785,22.984,19.343,15.296,8.06,9.275
6.018,20.644,17.564,19.692,4.302,26.366
13.057,9.907,17.213,7.283,8.716,9.096
5.55,21.327,17.278,18.305,3.295,25.719
12.07,22.76,17.953,14.974,10.758,7.134
23.968,7.845,9.268,6.427,10.615,15.229
4.702,21.709,14.883,19.558,4.583,24.144
12.242,24.725,19.172,14.677,6.285,6.017
12.134,24.567,20.506,16.658,7.786,7.693
2.664,21.025,15.874,18.074,4.519,25.451
11.805,23.118,19.255,15.82,6.921,5.39
13.197,10.704,15.953,6.251,7.378,12.409
13.924,11.26,16.721,8.286,10.984,11.143
10.553,25.471,20.974,15.228,7.613,6.619
12.924,25.503,20.414,16.416,7.038,5.602
22.958,10.073,9.81,8.819,10.548,14.332
11.788,12.454,18.892,6.076,9.449,14.219
12.228,9.784,15.544,6.67,11.92,11.26
10.282,22.876,20.034,16.334,8.228,9.556
11.203,24.745,20.529,17.326,7.804,7.159
13.863,11.399,17.318,7.778,8.97,9.945
12.667,22.299,18.392,18.087,7.11,5.192
2.79,19.908,16.209,20.339,4.999,22.092
13.694,7.141,17.203,7.518,7.981,11.263
7.153,24.293,17.463,17.167,6.844,21.84
7.473,20.595,18.054,18.719,6.277,25.996
18.194,9.872,8.932,5.759,7.988,15.821
13.916,9.645,15.247,7.749,9.816,12.44
20.527,8.816,7.567,7.629,10.592,15.234
12.775,19.798,17.751,17.422,7.618,6.207
5.538,22.542,16.653,18.316,4.365,26.504
5.711,22.345,15.909,19.426,4.232,25.054
10.74,23.139,17.739,16.696,7.158,7.449
4.147,21.292,16.558,18.777,5.995,25.283
8.303,20.937,16.512,17.344,4.826,22.778
6.685,22.468,16.4,18.165,2.6,25.265
21.524,6.869,7.557,7.642,11.389,14.315
7.177,21.636,15.177,17.328,4.427,24.0
11.051,24.019,18.824,16.068,6.51,9.435
14.041,9.443,14.814,7.31,11.222,13.033
10.911,8.876,16.553,5.88,9.091,12.74
20.301,7.772,7.108,6.721,10.722,15.885
14.033,11.643,15.209,6.99,10.428,12.033
4.923,21.705,14.735,20.429,5.769,25.43
20.631,9.745,8.045,7.417,9.634,12.432
5.717,20.625,15.683,18.258,3.492,22.299
21.631,9.621,7.912,8.508,10.574,16.961
12.299,11.629,15.774,8.916,10.317,9.549
20.324,6.521,10.934,8.79,9.931,16.238
21.621,8.451,7.86,4.436,9.545,15.93
7.724,22.065,16.998,18.673,5.052,25.393
4.99,21.352,15.82,18.544,4.633,23.991
13.944,25.526,18.265,16.593,5.721,8.425
20.979,7.572,5.509,8.54,10.46,15.302
20.095,8.086,8.376,6.787,13.533,15.715
9.381,23.209,18.238,15.129,7.355,7.873
5.493,21.714,16.494,18.55,3.403,23.532
7.791,21.64,17.479,18.063,4.658,23.17
10.967,21.9,18.706,15.651,8.152,7.374
12.759,23.184,18.406,16.098,6.992,5.818
20.912,7.11,8.766,9.487,10.782,15.398
13.468,23.633,17.346,16.935,9.301,9.08
14.367,12.69,17.542,5.902,7.772,13.28
4.745,21.576,17.176,16.493,6.059,22.347
4.571,21.571,17.093,19.139,5.312,23.825
4.32,21.558,17.287,17.13,4.511,24.807
16.205,9.041,16.996,7.021,10.905,12.094
18.588,8.278,5.302,8.295,8.892,13.802
11.081,24.423,20.844,16.837,5.641,6.334
20.364,9.519,9.466,6.325,9.635,14.115
21.261,12.166,6.781,7.606,13.287,14.23
12.204,11.314,16.583,7.202,9.846,11.522
11.317,11.202,16.387,7.771,12.022,9.887
11.866,24.253,18.226,16.725,7.81,5.168
11.944,22.378,17.846,15.749,7.525,8.868
5.87,21.943,15.586,17.241,3.9,23.323
22.149,9.12,7.99,8.432,11.836,15.599
12.462,22.9,17.216,16.048,7.153,8.694
11.646,22.398,20.086,16.381,7.227,6.539
12.33,10.143,18.496,8.367,11.383,13.996
12.484,10.848,18.669,7.899,11.858,11.197
18.958,7.483,8.99,7.385,10.899,15.312
22.787,8.339,9.832,8.505,11.701,15.276
3.327,20.493,14.588,18.148,4.204,23.137
3.92,23.83,14.831,16.125,3.25,25.802
12.91,22.528,21.204,17.585,6.9,8.973
6.665,23.185,17.106,17.503,3.227,21.993
14.103,10.631,17.044,5.078,8.649,10.282
12.275,11.074,16.296,5.931,7.959,12.332
10.728,21.734,18.729,17.395,7.283,9.249
12.343,9.075,18.693,5.66,11.219,11.402
19.678,8.928,6.244,6.732,9.549,15.459
22.843,6.748,7.041,7.464,10.483,15.418
18.557,9.488,8.047,7.773,11.807,13.265
12.293,10.072,18.608,7.187,9.862,11.435
13.797,7.761,18.432,6.747,13.363,10.622
10.875,23.032,19.327,16.034,7.713,8.243
23.721,6.805,10.032,8.726,10.618,14.445
10.681,25.249,17.208,15.539,8.011,6.412
4.994,21.745,16.905,18.644,4.908,22.791
20.261,9.481,7.508,9.546,9.505,14.181
3.029,21.851,16.763,18.262,4.761,24.769
12.173,10.59,17.271,7.754,9.502,10.265
20.181,8.676,6.347,9.381,11.717,15.245
11.721,10.213,16.731,8.151,13.093,9.272
11.614,26.331,17.689,15.865,5.957,8.579
12.192,23.837,20.892,16.833,7.143,8.593
3.667,21.142,16.951,18.903,4.118,23.385
11.808,22.35,19.747,17.414,5.507,6.521
14.715,10.628,17.776,5.312,11.392,12.834
5.932,21.738,15.16,21.384,6.363,23.941
11.503,9.233,16.058,8.936,10.517,9.943
21.375,8.852,8.619,8.075,10.959,16.81
15.82,11.233,17.694,8.589,10.704,11.165
12.27,12.188,17.195,8.155,9.992,10.398
13.169,10.032,15.892,5.602,10.566,11.439
13.179,9.05,14.599,8.11,11.307,9.265
21.206,8.102,7.96,9.542,10.195,16.382
20.712,8.043,8.33,5.265,8.648,14.67
13.603,8.64,17.88,8.054,10.039,13.127
21.092,6.041,8.72,8.859,8.913,13.405
22.147,8.649,7.772,7.266,8.976,16.861
10.519,23.617,21.445,15.186,4.4,7.093
14.82,9.975,16.066,7.127,7.8,11.442
20.979,9.302,6.712,8.008,11.663,14.418
11.362,23.053,19.928,16.111,8.426,8.139
13.186,8.08,18.343,5.447,11.506,11.354
21.286,8.51,8.713,8.674,10.839,13.252
22.524,8.911,10.175,5.848,10.979,11.604
10.849,24.552,17.408,15.927,7.831,6.747
21.219,7.52,5.912,7.897,11.681,14.424
10.488,23.384,19.713,14.908,8.762,6.983
22.701,9.096,8.874,6.748,10.697,15.784
11.178,23.513,17.969,17.634,7.437,7.425
5.057,21.054,15.548,20.996,3.492,23.89
5.52,22.739,15.74,18.714,4.869,22.984
9.697,23.029,17.789,16.385,9.157,5.349
13.077,11.197,15.331,8.379,9.072,8.352
13.106,11.445,18.049,8.48,10.523,12.14
13.865,8.543,17.822,6.566,6.474,12.81
14.789,23.648,20.486,16.107,8.076,8.443
14.289,9.372,15.661,8.667,10.353,12.579
13.257,9.504,16.159,6.469,9.219,12.024
4.509,22.033,15.087,17.113,6.54,25.885
11.979,22.422,20.726,14.553,7.035,6.601
13.542,11.558,15.478,5.084,8.95,12.311
11.438,22.169,19.633,14.895,10.236,8.991
14.412,23.119,19.104,16.951,7.489,9.47
3.791,21.261,16.45,17.893,4.51,22.05
13.944,8.515,17.339,6.823,9.974,7.965
10.903,21.983,21.96,15.708,8.275,5.507
13.15,7.662,17.84,7.526,9.968,11.138
19.122,9.87,7.803,9.728,9.317,12.636
11.003,24.736,17.544,16.874,8.855,8.013
11.292,9.132,16.495,8.176,11.128,10.71
12.874,12.166,14.437,4.33,10.029,11.188
6.392,21.735,14.801,19.111,3.593,24.997
20.69,10.811,7.279,8.153,10.054,15.339
13.263,23.97,18.215,17.732,8.884,7.759
12.513,9.967,19.271,8.036,10.168,12.913
18.008,8.719,8.231,10.677,10.984,14.215
3.804,21.76,17.077,18.825,3.657,24.839
10.93,24.24,19.778,18.507,7.226,8.238
12.4,12.007,19.54,8.773,11.759,12.62
12.334,24.33,20.495,16.383,5.867,7.022
11.999,23.334,19.48,17.718,8.576,5.654
21.149,12.565,7.616,6.461,9.198,14.481
20.3,8.713,7.255,7.033,10.341,16.023
8.961,25.781,19.31,15.357,7.625,7.647
10.858,22.991,17.823,15.683,7.24,7.919
20.98,10.373,6.628,8.888,9.869,14.512
13.236,22.348,20.266,15.632,5.833,8.305
6.832,21.773,18.749,18.352,4.561,20.633
12.551,10.65,16.432,7.455,10.88,11.819
11.718,23.109,19.667,16.408,6.968,8.055
4.168,21.764,13.329,18.152,6.015,22.843
10.949,23.956,19.342,16.491,6.242,7.218
10.856,21.898,19.34,16.157,7.202,9.127
21.268,9.998,6.218,9.565,9.813,15.661
19.733,8.041,8.353,7.786,9.442,14.463
21.705,9.544,6.337,8.679,11.476,13.672
20.178,8.752,7.676,10.053,11.359,15.465
10.887,21.188,17.848,16.402,7.797,5.061
21.687,9.584,9.058,9.729,9.418,14.34
20.981,8.584,7.791,7.254,10.903,14.469
12.266,9.987,18.65,6.995,10.744,11.681
6.462,20.294,18.203,16.873,7.525,25.785
9.511,22.172,20.032,13.001,8.861,8.061
20.624,10.395,7.115,7.921,12.086,14.162
21.005,3.204,7.06,8.387,9.322,15.033
18.777,7.806,8.443,8.097,7.934,14.536
21.982,7.75,8.033,7.232,9.234,12.533
11.969,22.939,17.341,15.952,8.043,8.069
5.601,20.477,14.914,17.9,4.806,23.165
12.115,12.335,16.774,6.902,9.696,12.854
14.052,22.309,21.885,16.814,7.547,8.007
11.878,10.96,17.205,7.298,11.663,9.382
8.06,20.984,18.084,16.852,5.704,25.438
19.701,9.16,8.642,8.856,9.212,15.0
6.371,22.876,14.654,17.166,5.061,26.527
14.029,11.075,17.249,9.204,12.362,11.708
12.629,8.166,13.966,9.516,10.405,11.212
19.9,7.968,6.187,6.974,10.145,14.371
12.985,22.813,17.359,15.364,7.018,8.629
5.835,21.384,16.706,17.404,5.312,22.134
19.768,7.722,6.302,8.12,10.593,17.181
12.522,11.558,14.955,6.244,8.789,12.929
12.384,10.014,15.165,5.105,9.639,10.491
7.119,21.327,15.975,19.27,4.569,23.816
14.135,24.221,20.451,15.588,8.706,7.061
16.554,10.511,17.211,7.876,11.085,12.722
5.437,23.197,15.009,20.608,3.316,22.929
13.576,8.906,17.65,6.202,8.051,9.86
12.743,21.921,18.529,18.267,7.518,7.587
5.58,20.227,15.828,19.483,6.32,23.322
5.416,23.919,15.315,16.399,4.391,24.661
4.735,21.388,18.465,16.825,6.282,24.6
4.219,20.357,15.323,19.38,4.816,24.757
10.347,22.329,19.607,17.8,8.016,8.194
14.181,9.85,16.635,5.074,10.913,10.814
11.935,22.679,20.059,17.184,7.215,6.047
13.882,9.29,13.844,4.815,7.494,13.491
9.99,10.34,16.831,5.964,9.823,9.913
21.805,8.494,9.478,6.463,10.112,15.633
12.217,11.114,17.936,7.324,10.255,11.245
21.011,10.273,8.823,7.935,10.015,16.917
11.813,8.902,17.277,8.032,9.859,10.927
4.826,21.993,15.299,18.812,3.849,23.046
13.361,23.983,19.971,16.906,6.883,8.344
11.52,22.89,18.486,15.182,9.375,7.049
23.711,9.153,9.065,9.402,10.557,14.587
12.314,21.976,18.871,15.887,5.343,6.608
9.722,23.433,18.872,17.16,7.211,6.189
4.861,22.839,18.811,17.196,5.078,27.013
11.869,23.483,19.626,16.082,8.568,7.971
11.646,22.298,19.789,19.376,8.036,5.046
19.842,9.189,7.337,7.709,9.971,15.675
5.83,21.284,17.946,18.03,2.679,27.006
7.885,22.149,17.456,19.467,4.607,23.186
9.769,24.271,17.438,18.552,5.583,8.819
12.309,8.481,17.9,6.961,11.874,11.105
6.388,22.174,15.959,17.275,5.045,23.815
12.14,22.403,20.272,14.555,7.009,7.87
13.846,22.848,19.773,14.905,8.342,7.675
19.668,7.041,8.595,7.481,10.229,14.007
14.569,11.263,18.071,5.243,10.998,12.532
20.851,9.938,7.472,9.2,10.19,13.269
12.726,22.834,19.509,14.462,8.394,6.77
4.814,24.035,14.746,19.865,2.723,25.866
5.307,20.511,17.954,18.356,3.668,24.263
19.422,9.133,7.196,7.596,12.604,14.976
13.679,10.201,15.838,6.377,9.901,12.655
13.293,23.356,19.326,18.332,7.725,10.558
20.628,8.861,8.225,7.864,11.307,14.923
12.359,23.564,17.732,16.537,9.191,7.974
22.492,8.486,10.763,8.535,9.072,14.48
21.393,9.353,7.418,7.265,10.954,13.461
12.889,9.802,15.875,6.746,9.189,11.807
13.666,11.723,14.685,6.241,9.686,10.766
21.911,8.543,5.716,5.063,10.671,13.394
20.965,11.751,7.615,11.586,10.929,15.827
12.025,23.628,18.405,15.269,8.433,6.409
4.978,21.776,15.67,17.434,5.639,24.159
14.066,10.329,15.631,7.602,10.648,12.233
18.493,7.246,8.007,7.261,9.152,16.434
12.021,9.741,16.274,6.493,8.678,12.812
12.947,11.295,16.663,7.132,11.956,11.785
7.346,21.822,17.254,19.947,4.721,23.799
10.065,23.316,17.453,16.725,8.501,6.931
12.578,10.626,18.382,3.002,12.401,10.434
20.468,10.054,5.992,7.806,11.154,15.368
20.953,10.413,9.222,9.454,13.503,15.468
6.419,19.716,18.006,17.354,5.732,23.743
11.226,23.275,18.936,17.109,8.145,7.172
13.551,23.236,16.746,17.36,6.728,8.274
12.855,10.316,13.416,6.752,11.183,10.904
9.716,24.62,18.546,15.985,7.245,8.651
4.119,23.17,14.648,17.221,3.764,24.319
9.933,25.134,18.56,16.035,6.683,7.09
19.957,8.414,5.545,8.803,10.354,14.25
20.35,8.058,5.634,6.541,10.359,15.266
13.215,8.833,15.208,8.967,12.298,12.142
11.15,21.829,18.439,16.003,7.758,7.737
5.2,21.617,18.089,19.783,7.07,23.98
13.641,11.169,17.392,7.354,10.476,12.486
12.886,7.955,18.393,8.508,10.605,11.14
21.814,8.808,7.571,7.59,10.016,13.254
5.105,22.537,18.926,18.964,4.275,24.55
22.412,9.073,7.933,8.868,10.844,16.518
11.848,20.968,19.742,17.262,6.244,7.94
12.999,23.027,18.452,16.315,6.727,7.83
11.043,24.219,18.61,16.47,7.625,7.67
4.641,21.981,17.707,19.019,4.344,24.332
4.975,23.305,18.633,18.489,3.824,24.687
11.367,12.219,17.113,6.241,10.751,9.632
4.839,21.315,17.993,15.7,3.241,22.844
10.47,9.71,18.331,8.718,10.08,12.159
22.032,7.787,4.89,8.46,8.518,15.933
5.33,20.657,18.765,19.109,3.595,22.309
5.785,22.282,15.513,17.214,4.831,23.282
14.993,9.686,17.226,7.525,10.233,10.493
3.299,22.475,18.322,17.713,4.588,24.235
5.036,21.063,14.425,19.105,6.027,25.653
12.251,24.031,18.835,16.22,7.929,7.159
12.848,23.603,17.888,15.136,7.741,8.272
13.089,12.241,16.793,9.133,9.693,12.382
10.15,22.807,18.647,16.206,8.263,6.615
12.35,10.874,15.399,10.482,9.583,11.559
13.388,23.567,21.446,15.462,9.519,7.673
4.295,22.367,14.573,18.362,4.709,23.191
21.574,7.338,7.236,8.364,10.619,15.367
13.394,9.603,18.132,6.675,9.917,11.081
12.847,11.352,17.175,6.18,10.169,11.431
10.39,24.667,19.814,17.151,7.963,7.459
22.806,10.393,7.885,7.41,10.36,16.161
6.55,21.016,17.564,18.549,4.532,24.621
13.665,23.715,20.421,16.45,7.322,7.036
21.445,8.059,10.996,6.623,9.972,14.431
12.218,10.973,17.154,7.492,9.097,12.361
15.059,23.954,19.208,17.027,8.288,7.267
21.084,8.347,9.097,5.503,12.057,17.04
9.807,21.537,19.12,16.32,6.576,8.407
22.47,9.521,8.029,9.496,8.144,15.11
11.932,23.255,18.051,15.952,5.405,7.318
10.83,9.59,17.986,6.307,11.458,11.679
14.591,8.608,15.59,7.709,10.977,14.467
11.833,12.251,17.538,4.438,9.865,12.142
6.04,21.168,14.656,18.009,6.06,23.87
21.264,9.319,6.367,9.518,9.82,14.88
12.481,11.595,17.515,7.907,9.955,10.928
14.002,9.71,16.055,8.368,10.841,10.966
11.309,25.133,20.649,17.232,7.044,9.818
11.604,10.733,16.922,4.112,7.64,12.016
22.404,8.489,8.98,7.063,8.041,12.833
4.195,22.203,17.774,18.04,4.012,23.217
11.044,23.58,19.388,15.196,8.962,6.26
20.42,11.394,9.069,8.005,10.843,11.985
13.714,11.348,17.881,6.845,12.514,11.518
11.349,23.082,20.48,17.843,7.098,6.679
13.131,11.454,17.797,5.384,9.105,12.165
19.206,8.935,7.573,8.976,10.802,15.993
15.486,6.32,17.896,7.782,10.157,12.719
11.411,10.369,15.745,9.153,10.809,11.3
11.705,11.087,16.949,7.504,11.331,10.652
11.23,21.08,17.567,13.912,7.39,8.418
5.603,22.739,16.829,14.954,3.152,21.089
15.017,9.209,19.279,7.759,10.779,11.93
21.735,7.303,7.528,6.646,10.969,14.857
13.979,8.697,15.06,5.165,10.593,11.903
20.664,8.321,10.449,8.298,10.819,13.437
6.383,21.123,17.234,18.927,4.599,22.573
12.736,23.321,19.216,16.644,7.92,5.245
12.607,8.757,16.206,7.248,12.83,11.193
21.411,8.353,7.824,7.002,10.142,14.162
7.23,23.034,16.588,15.793,7.741,23.69
13.589,20.873,18.691,14.69,5.454,8.596
21.181,8.984,7.733,9.604,10.613,15.178
13.994,9.854,16.493,7.885,12.882,11.412
13.945,22.888,18.92,18.045,7.613,8.8
10.629,7.468,17.755,8.213,11.646,12.407
12.15,6.806,14.392,6.966,9.761,11.0
4.876,20.415,14.976,17.437,4.971,21.147
13.301,8.317,16.29,4.987,10.633,12.19
12.241,21.863,16.743,15.306,9.162,7.837
10.817,22.6,18.321,15.021,8.904,7.125
20.816,9.302,7.507,8.559,10.482,14.292
20.268,6.177,7.567,5.514,11.698,15.277
10.856,8.858,15.711,6.796,11.516,11.502
11.874,9.953,16.437,5.894,11.119,11.91
11.933,21.729,18.234,16.673,5.525,7.964
23.43,6.984,7.898,5.508,10.798,13.201
11.517,23.753,17.454,18.022,7.338,8.777
13.288,22.092,19.67,15.581,7.278,7.523
20.44,6.487,10.235,9.197,11.152,14.404
12.461,11.913,17.788,8.258,12.981,9.549
5.646,21.632,14.855,18.05,3.086,24.421
14.09,11.241,17.847,7.557,9.375,10.555
5.834,22.151,17.173,19.83,3.867,23.577
6.608,22.273,17.423,20.084,4.361,22.289
21.485,4.521,8.753,6.523,10.008,15.705
8.742,24.451,17.316,16.019,6.032,5.273
10.672,24.06,17.375,17.22,6.234,6.533
5.599,21.318,16.421,18.728,3.96,22.252
14.275,21.973,19.524,15.177,8.103,6.333
4.775,21.25,15.34,18.992,6.152,25.328
12.258,8.988,17.018,7.579,10.328,10.03
20.794,7.731,9.057,6.002,10.067,14.19
4.839,21.295,17.142,18.44,7.018,24.547
6.431,22.247,18.287,18.104,3.542,22.895
3.652,23.756,15.905,18.022,4.961,22.878
21.063,9.612,9.551,6.916,8.59,15.931
5.853,22.828,16.51,16.584,3.471,24.544
12.252,22.605,19.06,16.102,8.838,7.741
13.863,11.244,14.965,8.137,9.948,10.646
19.177,8.536,8.904,7.874,8.837,14.232
11.731,23.91,20.256,15.889,9.26,4.873
12.41,25.486,19.803,15.998,6.205,8.912
12.432,22.937,17.245,16.762,8.432,6.678
3.746,21.468,14.253,18.034,7.205,24.511
19.624,7.315,8.657,6.772,10.102,12.782
6.349,21.399,14.021,19.062,3.752,23.246
13.916,8.911,16.209,8.28,8.996,10.938
6.093,23.548,16.127,20.935,5.215,23.366
5.082,22.582,15.049,19.702,6.352,23.715
20.523,9.161,7.661,10.308,9.57,15.422
12.32,9.162,13.811,7.23,10.038,11.083
20.006,8.353,7.138,7.384,8.892,13.647
4.74,22.913,14.686,17.04,7.009,23.7
20.323,10.678,8.883,7.441,13.151,13.375
14.99,10.447,15.018,6.733,7.983,11.29
5.759,22.361,17.553,17.699,3.342,23.669
11.1,23.611,19.25,14.943,7.093,7.63
14.891,9.736,15.595,6.456,9.121,13.461
12.276,24.028,18.936,17.677,7.913,6.539
12.255,23.705,20.387,14.78,8.314,8.144
11.756,23.107,17.457,17.232,6.654,7.316
12.487,12.024,14.798,6.283,9.496,10.778
22.54,7.294,7.175,5.176,10.844,13.739
10.91,24.045,18.397,15.562,8.88,6.776
11.648,9.752,17.025,6.38,10.757,10.026
20.744,8.168,7.885,8.558,9.447,14.973
10.466,23.28,20.12,14.779,8.2,10.223
4.691,22.136,16.581,18.849,5.149,25.149
21.396,9.164,4.8,7.7,9.818,16.468
11.266,20.928,18.174,15.127,8.177,6.628
10.198,22.946,19.129,14.089,6.436,6.62
5.512,21.274,16.095,17.993,5.756,23.947
12.366,23.287,17.018,17.687,6.555,6.464
11.028,21.862,18.997,15.365,7.717,5.569
20.29,10.257,7.52,6.685,10.152,16.43
10.466,8.682,15.742,5.495,9.896,10.038
13.243,22.405,20.157,15.351,6.419,8.418
13.957,9.682,17.141,6.152,8.893,10.604
12.056,22.852,17.711,15.348,8.886,7.73
20.276,7.68,6.962,9.718,10.579,17.178
5.014,22.04,18.349,18.322,2.034,23.424
6.858,19.887,15.49,18.567,3.526,25.635
6.947,22.563,17.764,19.453,4.454,26.154
12.566,21.839,16.233,15.117,7.145,10.532
7.405,21.369,15.607,18.616,4.331,24.51
13.527,9.166,15.972,4.233,11.227,10.566
15.607,9.082,14.129,8.747,8.478,10.668
23.396,8.393,8.952,7.239,9.676,15.807
13.974,9.03,17.445,5.179,7.859,13.336
11.943,10.821,16.714,8.525,11.04,11.741
11.327,22.436,18.83,17.024,7.406,7.175
11.16,23.024,19.263,17.721,6.51,6.838
5.731,22.572,12.959,18.421,3.701,25.516
6.418,22.395,14.934,18.654,3.915,24.927
5.856,23.125,15.937,18.66,4.976,23.373
5.226,20.931,17.326,19.991,4.088,22.355
11.646,23.953,20.964,15.582,5.537,8.416
10.852,23.561,18.763,15.623,7.95,9.504
22.199,7.729,8.905,9.442,11.143,15.17
12.924,9.363,15.809,6.922,10.072,9.782
11.404,9.792,15.876,8.47,10.872,10.654
12.426,24.609,18.026,15.65,9.711,7.255
10.299,24.877,18.574,17.01,6.349,7.606
11.33,21.669,20.141,15.358,6.501,8.626
12.903,22.366,20.747,15.964,7.411,6.539
20.762,8.419,9.136,8.471,11.505,14.204
12.247,22.202,18.339,15.018,7.361,8.582
11.916,12.561,17.331,8.115,9.952,12.372
23.096,9.357,7.872,7.348,10.24,16.592
7.132,21.2,16.488,18.593,4.775,22.931
7.801,20.887,17.071,18.673,1.397,25.865
13.74,12.346,17.003,9.389,11.1,10.677
11.838,9.223,16.456,7.633,10.594,11.295
12.941,12.135,16.884,9.031,9.487,12.803
22.159,7.746,8.948,9.56,8.854,14.091
13.148,23.932,20.26,14.229,6.81,6.342
12.286,22.513,18.513,17.424,7.674,4.995
7.603,21.848,15.392,20.97,4.326,22.738
11.454,23.244,17.134,15.861,8.505,8.126
4.995,21.409,18.47,16.874,4.063,22.619
20.374,8.131,8.897,7.457,11.118,16.232
20.086,7.657,8.127,9.802,9.271,16.917
5.67,21.478,17.167,18.932,4.38,22.472
13.364,9.274,16.428,5.86,9.303,10.27
15.939,10.024,13.425,9.733,9.547,11.747
14.052,23.798,17.914,16.931,4.273,7.44
11.078,23.843,18.111,16.535,6.332,9.255
22.903,8.552,5.598,9.405,11.883,16.286
21.787,9.218,9.249,8.16,10.609,15.695
10.624,23.935,18.32,15.338,7.308,6.194
12.638,11.826,14.209,6.893,10.08,10.687
18.436,7.168,7.151,8.685,12.53,14.102
14.29,12.611,15.732,6.897,8.681,13.868
4.335,22.576,15.675,18.838,4.975,25.807
10.806,11.139,16.13,7.235,9.065,11.152
10.778,23.92,19.884,15.022,6.589,8.344
6.961,22.033,14.84,17.93,6.179,24.104
13.156,11.475,16.376,8.099,9.631,12.35
11.729,8.847,15.959,9.972,11.266,12.224
21.023,8.99,8.899,9.15,10.836,15.087
11.795,9.607,17.603,8.968,8.634,12.007
21.642,7.407,9.44,7.053,9.859,13.199
21.578,10.534,10.491,8.531,10.295,16.391
11.829,21.924,20.991,18.566,7.624,8.664
20.808,9.258,5.445,9.139,9.416,14.919
10.994,22.881,17.844,15.649,5.619,8.094
12.284,10.094,14.98,5.43,10.828,12.562
23.162,9.035,8.879,9.272,11.203,17.286
5.767,20.643,15.778,19.202,2.791,22.099
10.584,22.353,18.409,15.864,10.035,8.701
9.769,10.207,14.352,7.487,12.497,12.041
15.13,8.526,14.346,7.87,9.141,9.985
13.248,9.705,17.436,7.784,10.059,11.882
5.663,20.437,15.129,18.047,4.251,22.508
13.16,12.473,17.564,7.958,10.405,10.045
15.012,9.089,16.657,4.827,9.921,11.507
20.909,9.456,8.143,5.693,8.73,13.51
7.341,23.767,15.648,19.171,4.065,23.37
13.306,8.742,15.896,6.75,10.327,14.531
4.688,20.418,16.202,17.264,4.74,24.139
5.833,21.832,15.895,20.386,5.158,23.224
5.722,22.452,16.095,17.124,6.295,24.925
21.798,7.245,7.692,8.603,10.079,15.962
22.733,11.145,7.102,8.152,9.921,14.592
13.947,9.661,16.499,7.226,9.599,13.162
15.716,11.027,15.526,8.561,8.776,11.479
6.155,21.053,16.588,19.258,5.525,24.644
21.308,7.872,9.01,6.541,11.987,13.736
21.251,8.846,6.945,7.389,10.553,13.939
14.704,11.535,16.123,5.482,12.151,12.923
11.997,10.408,17.766,7.521,11.506,9.867
13.605,12.048,14.757,8.622,7.678,12.731
21.091,7.703,6.645,6.908,11.548,14.828
20.399,8.726,7.04,8.295,11.098,16.831
12.075,21.549,20.698,15.152,8.94,7.328
13.228,23.638,18.162,16.768,9.485,8.536
5.962,20.437,16.194,17.932,3.997,24.813
12.59,21.373,19.532,15.023,8.424,6.281
21.826,8.492,5.771,9.233,11.907,12.614
14.467,11.731,15.781,6.465,11.228,10.811
10.53,9.264,16.0,8.349,9.119,11.246
20.052,9.623,8.562,10.99,9.443,14.671
12.331,24.415,16.12,15.077,8.179,9.905
12.7,23.113,18.177,17.875,9.14,6.715
20.509,7.472,9.533,7.284,7.547,14.41
21.661,9.319,6.198,10.062,10.094,15.646
11.938,22.831,18.958,18.129,5.822,6.403
11.264,22.383,18.947,16.03,6.99,6.562
12.48,11.602,16.934,5.094,11.972,12.163
5.854,23.917,15.881,18.256,5.014,24.871
21.376,9.63,6.814,9.345,9.857,14.169
12.076,10.707,16.062,5.984,9.004,13.554
12.834,11.745,16.823,6.987,9.999,11.876
10.5,24.66,19.31,16.763,6.469,6.885
24.882,10.137,8.699,8.075,9.658,13.239
3.432,20.616,15.359,17.007,4.333,22.337
18.804,7.526,7.057,8.966,11.801,13.322
11.312,24.426,19.601,16.803,7.1,5.901
12.447,11.848,18.004,8.088,11.311,10.821
5.719,22.253,14.43,18.457,4.024,22.936
10.694,24.876,18.195,17.644,7.156,7.678
10.806,23.049,19.782,16.946,6.59,6.421
13.962,10.133,15.449,6.398,9.831,12.348
3.797,21.057,16.852,18.143,2.874,27.163
15.167,11.156,15.824,6.904,11.498,12.543
13.641,23.94,19.602,17.576,6.998,6.429
5.715,21.62,16.796,20.594,4.014,23.766
12.38,9.879,15.569,5.786,11.801,8.476
19.508,9.678,6.655,6.464,10.098,14.364
13.046,21.758,16.216,16.033,7.999,7.619
11.536,10.009,14.825,8.419,9.685,12.731
20.977,7.892,9.873,7.901,9.967,15.902
13.359,9.53,15.851,6.963,10.482,13.114
12.542,22.156,17.298,14.131,4.768,6.814
10.997,22.847,21.346,15.291,6.776,7.259
12.214,10.16,16.131,6.753,11.508,11.456
21.026,10.29,8.503,9.722,11.049,14.722
14.65,10.709,13.414,5.821,11.354,10.975
6.299,21.347,15.999,18.467,3.683,25.578
10.323,24.86,18.841,18.366,4.742,7.67
5.585,20.847,16.313,20.445,5.77,23.959
15.329,10.609,15.48,7.658,12.172,11.646
13.184,9.696,17.212,6.284,11.529,11.377
20.604,10.19,8.201,7.401,11.527,14.429
5.064,19.447,17.248,16.979,4.647,23.898
5.087,20.796,16.92,19.728,5.295,23.064
20.752,6.132,6.983,7.207,10.071,14.771
11.543,23.177,19.079,15.932,8.196,6.971
11.845,23.421,18.437,17.816,6.033,6.571
3.86,21.883,16.88,18.525,4.533,25.909
5.215,23.829,17.39,16.999,3.214,23.021
19.416,10.413,9.344,7.859,9.815,14.08
21.213,11.066,7.531,9.135,12.206,12.531
10.518,23.428,18.379,19.336,7.388,5.751
5.799,21.418,15.224,19.192,5.572,23.85
23.109,6.72,8.283,6.997,8.616,13.45
5.052,20.521,17.148,20.786,5.514,27.268
21.877,7.779,8.641,8.122,10.894,13.991
11.678,25.257,18.786,16.652,9.087,6.951
6.469,22.531,16.174,19.422,5.849,22.056
10.269,23.244,17.871,17.238,8.414,5.153
20.493,8.887,9.29,9.357,9.654,14.476
12.14,23.304,19.342,16.276,6.461,8.424
12.862,11.331,16.593,7.677,12.988,11.874
11.081,24.086,17.893,15.362,5.011,7.64
14.396,22.603,19.846,16.648,8.998,9.31
22.571,9.748,8.406,9.087,12.698,14.169
6.36,21.675,17.099,19.213,2.304,22.346
13.711,10.068,18.101,5.172,7.096,12.532
14.048,11.0,18.185,8.101,12.256,10.994
13.779,23.8,20.357,15.42,6.663,4.149
11.769,9.87,17.92,8.42,11.255,12.578
10.356,22.651,18.865,18.134,6.646,6.722
19.926,7.23,7.2,8.181,9.867,14.226
13.438,22.106,19.149,16.966,7.967,6.397
6.515,22.118,15.345,18.874,2.432,25.302
13.702,9.909,14.759,5.832,7.129,11.97
5.904,22.567,14.562,18.471,5.771,21.488
11.636,10.31,13.935,7.098,10.253,12.319
11.255,22.054,18.292,15.601,7.379,5.795
10.934,23.033,18.867,17.034,7.65,5.833
18.687,7.903,5.911,10.745,9.974,14.558
22.203,9.26,7.802,7.415,11.347,12.436
14.461,9.519,16.228,6.697,11.396,11.752
4.774,20.384,16.966,18.392,3.121,21.894
11.508,21.935,18.46,16.328,9.191,7.087
11.794,24.454,19.797,16.437,6.129,5.714
13.626,24.053,19.042,16.034,6.294,7.529
12.479,9.993,15.219,7.301,11.025,12.02
20.805,6.718,5.837,8.596,11.587,15.54
22.338,7.872,8.924,6.399,6.562,14.651
15.468,10.313,16.685,5.433,9.474,13.274
21.632,9.631,7.623,6.258,8.946,15.155
15.596,24.418,19.452,16.009,6.895,7.279
14.236,10.794,17.452,7.829,9.711,13.615
19.708,10.282,7.389,6.422,12.215,13.093
12.408,9.818,16.281,7.384,9.606,12.902
11.288,26.259,17.949,17.704,8.464,7.419
4.784,24.359,18.102,19.753,2.939,24.751
4.978,19.228,17.197,18.33,4.401,23.392
13.297,6.035,14.425,6.291,9.064,12.553
11.185,24.921,19.948,16.479,5.91,7.69
10.553,9.569,17.406,5.438,8.676,11.05
13.454,11.238,15.381,4.754,12.288,12.022
14.23,9.25,14.189,7.367,11.115,11.08
12.68,12.293,16.148,8.564,10.624,10.979
12.484,10.275,15.822,6.458,9.769,12.077
19.633,8.889,6.853,10.693,9.761,14.487
12.189,21.34,19.867,14.955,9.307,7.377
19.954,9.787,6.864,9.695,9.82,15.338
12.487,8.513,14.617,8.159,11.432,10.965
12.027,8.874,18.751,5.531,9.257,12.585
21.058,9.48,9.907,6.789,8.307,15.407
6.584,21.374,17.068,17.045,6.808,25.247
20.296,8.767,7.969,8.023,11.629,14.568
11.646,11.293,16.409,6.809,10.029,13.133
11.523,10.493,15.684,8.371,8.348,13.224
22.244,7.086,7.909,7.302,11.411,13.675
10.482,22.181,17.767,15.945,9.779,7.529
12.549,10.403,18.358,7.363,10.913,9.01
18.531,9.499,7.108,7.663,10.913,14.542
11.86,21.235,19.549,16.749,6.945,8.643
21.03,9.266,8.299,8.158,9.412,13.476
10.654,8.925,17.282,7.677,9.856,11.323
11.049,23.393,18.049,16.722,7.177,6.309
12.163,10.019,16.258,10.435,9.072,12.344
20.444,8.763,9.293,8.704,8.869,15.349
11.089,11.193,15.376,6.889,10.406,11.424
3.619,22.594,16.453,19.415,3.966,24.488
12.457,24.241,18.264,13.18,6.781,7.906
13.089,10.751,18.489,6.91,10.37,11.761
11.603,25.294,18.736,16.265,6.858,8.755
14.606,23.815,18.786,15.261,6.543,6.445
14.023,22.046,17.125,15.459,7.382,7.728
22.787,7.39,8.092,7.469,9.731,15.264
12.064,11.794,18.504,7.676,10.451,11.665
10.075,24.096,21.049,17.085,7.682,7.927
20.5,7.962,10.298,8.335,9.108,13.879
5.891,21.391,16.593,18.456,6.643,24.009
6.459,19.698,13.853,18.044,2.99,22.023
19.978,10.106,7.678,8.056,10.243,15.322
6.78,19.254,16.75,19.451,4.375,22.912
12.425,22.329,21.577,16.974,6.74,6.702
13.384,22.192,20.229,15.769,9.54,6.998
5.276,22.975,17.576,20.06,3.386,22.773
2.941,21.804,17.913,16.868,4.907,24.897
21.963,9.973,5.529,8.339,10.092,15.997
20.468,8.424,8.51,9.317,11.546,14.109
12.224,22.746,18.145,16.33,6.132,6.133
11.667,23.587,17.784,16.481,6.928,6.517
5.844,20.72,14.302,19.727,2.572,23.305
4.91,20.102,15.311,17.415,2.443,25.53
12.019,7.98,16.616,8.406,10.112,13.91
22.192,8.968,5.074,9.176,8.797,14.797
13.92,23.33,17.538,16.828,9.94,6.218
22.006,7.504,6.686,7.695,11.395,13.421
21.166,7.82,3.815,6.264,8.178,13.076
11.485,22.261,16.374,15.426,7.183,6.251
20.43,8.54,7.129,6.621,12.122,15.79
13.386,11.126,16.77,5.788,8.183,11.608
11.285,11.474,18.212,7.229,10.792,10.412
9.343,22.46,18.283,16.079,7.594,7.871
13.564,24.526,19.293,18.399,7.883,7.903
4.587,23.095,16.16,17.965,6.075,24.309
12.282,23.19,20.845,15.874,6.431,8.511
20.196,9.536,6.413,5.311,8.526,13.705
12.409,21.383,18.82,16.447,7.064,7.229
5.405,21.683,16.665,18.824,7.833,22.303
13.734,10.246,17.153,6.593,10.455,9.897
20.611,8.8,8.584,7.09,7.27,13.81
12.85,24.957,19.452,18.541,6.508,5.942
12.552,24.782,18.608,15.233,8.43,8.399
13.36,10.816,17.422,7.667,11.871,10.978
20.98,8.5,7.159,8.192,12.665,13.728
13.884,10.32,16.508,7.751,9.889,12.477
5.182,21.504,17.953,18.583,4.211,24.401
11.467,9.965,16.577,7.818,7.293,12.109
5.118,20.929,15.692,19.899,4.344,22.353
14.4,9.989,14.131,6.494,11.112,13.175
12.627,23.079,20.243,19.126,6.493,5.779
11.145,26.4,18.279,16.511,9.287,9.843
20.954,7.972,6.591,7.642,10.873,14.959
11.638,23.699,18.326,17.912,7.945,7.483
5.545,21.55,17.592,18.653,6.407,24.459
11.015,23.535,18.458,17.135,7.719,7.504
11.426,22.366,19.641,17.958,8.0,7.56
3.495,21.36,15.809,18.316,4.056,21.905
9.585,24.313,18.3,15.104,8.961,7.829
21.109,7.952,6.278,8.351,11.308,17.234
12.562,8.788,16.061,5.521,11.729,11.803
12.243,8.826,17.536,7.737,10.823,12.473
12.703,9.169,19.003,6.794,11.0,11.962
13.237,10.074,17.082,7.091,11.161,10.727
4.108,21.867,14.383,16.857,5.805,24.948
13.308,10.042,17.309,8.075,11.313,11.373
3.532,22.865,14.207,16.622,4.514,24.016
6.166,22.691,17.285,19.808,6.217,21.16
19.66,7.41,6.466,7.191,9.325,13.764
5.933,22.902,17.583,17.274,5.915,21.583
12.999,10.862,15.888,7.153,11.837,11.29
19.81,7.697,9.326,5.988,8.794,15.988
13.511,9.132,16.638,8.095,9.489,12.137
6.004,22.405,16.554,18.84,4.993,23.714
23.43,10.013,6.982,8.603,9.638,15.323
6.765,22.095,16.005,20.546,4.405,24.384
19.958,8.048,7.022,7.215,11.449,15.491
12.957,24.683,16.619,17.463,6.464,8.464
6.26,22.212,16.217,18.319,5.356,24.66
19.444,8.143,7.534,8.908,10.448,15.658
14.046,9.403,16.372,7.728,10.738,12.357
4.402,21.896,15.058,17.164,5.2,23.6
14.142,8.207,15.447,7.678,8.599,14.564
20.691,8.372,6.993,7.935,12.132,16.406
6.568,21.987,15.89,17.895,2.847,23.994
21.703,8.294,7.314,6.473,8.061,13.063
5.114,22.192,14.358,17.299,4.884,23.816
4.608,23.405,16.068,17.465,4.306,22.395
11.903,8.954,17.125,5.797,9.711,11.301
20.009,7.604,8.016,9.744,11.691,14.379
22.823,7.734,8.252,7.501,12.378,16.375
21.161,6.845,8.507,9.784,9.596,14.045
10.997,23.157,18.005,15.92,5.164,7.692
6.241,22.056,19.516,19.022,4.169,23.041
18.63,7.964,10.163,8.559,12.246,14.05
4.658,23.046,15.894,20.393,2.913,22.38
22.015,10.173,9.281,6.774,9.772,14.957
14.629,9.697,17.071,5.442,12.795,11.731
11.686,11.683,16.729,7.041,10.909,10.618
12.864,7.927,15.972,6.469,10.141,13.453
5.961,21.495,16.15,19.602,5.284,23.801
12.591,10.7,15.899,7.773,11.175,11.787
21.165,8.356,8.55,7.346,10.999,13.974
4.079,20.815,15.905,19.287,4.939,23.738
7.538,20.851,16.19,17.941,3.248,22.823
12.248,20.81,19.706,17.351,6.726,7.584
12.237,21.894,17.164,13.74,8.302,6.782
19.803,9.296,6.345,8.745,10.453,13.108
3.017,23.16,16.934,18.912,6.246,22.208
13.432,8.285,16.446,4.232,10.171,13.293
12.392,7.939,18.445,5.512,10.743,12.761
12.193,10.148,16.735,6.873,9.252,11.63
12.141,23.517,17.671,17.448,8.109,5.052
5.125,19.736,17.298,18.905,6.033,23.297
4.799,23.184,17.21,17.185,5.253,23.245
13.175,8.875,17.542,8.134,10.832,11.839
4.592,21.924,16.432,18.812,3.719,23.629
4.513,24.943,16.433,17.785,6.422,23.151
13.293,9.882,15.217,6.146,7.436,11.168
11.727,10.267,16.231,7.519,10.221,12.895
11.361,21.199,17.779,15.364,9.157,7.666
21.594,9.775,8.734,8.076,10.317,13.358
11.539,22.911,18.933,15.925,8.396,5.496
21.339,11.465,8.63,8.166,8.756,15.68
20.523,7.238,5.797,10.34,10.459,17.921
5.566,22.843,16.562,18.749,3.881,26.077
11.785,9.583,13.813,7.615,9.47,11.203
12.671,10.353,17.361,6.969,10.013,11.963
22.01,10.143,7.376,6.779,11.363,14.792
3.333,20.429,16.042,16.605,6.062,24.742
20.846,7.664,7.932,5.667,12.198,14.84
12.032,22.309,19.754,18.941,6.492,7.835
5.348,20.998,16.896,18.377,6.751,25.193
20.93,5.806,7.634,8.075,9.413,13.813
4.416,22.049,14.179,15.602,4.436,23.059
10.777,24.171,18.265,16.436,10.508,7.321
6.29,20.823,17.937,19.229,3.604,25.752
10.912,9.182,19.057,8.131,8.871,11.913
6.138,20.719,14.989,17.883,5.588,21.444
12.567,10.492,14.436,7.719,7.743,12.137
10.852,25.426,20.188,17.259,7.293,9.253
20.54,7.329,7.425,7.164,12.431,13.738
12.499,23.704,22.65,17.633,7.283,6.289
18.65,9.718,8.581,8.834,10.866,12.992
3.64,21.63,15.596,19.579,4.697,22.181
13.994,9.074,17.249,8.214,10.106,12.212
22.219,8.367,7.864,7.531,11.941,13.682
20.402,6.564,7.718,8.476,9.821,15.311
23.552,9.111,8.329,8.613,10.917,12.62
4.025,22.396,16.287,17.75,2.461,22.501
20.947,7.261,9.134,7.457,10.314,16.053
13.834,8.524,16.485,5.34,10.87,10.795
20.371,8.244,8.238,8.304,10.539,14.123
23.219,7.009,6.679,6.879,13.519,14.736
12.19,11.687,14.834,7.596,8.802,13.229
13.947,23.42,21.922,16.252,7.179,8.475
14.566,8.792,14.548,8.699,9.418,13.257
11.71,19.526,19.209,15.703,9.348,7.459
4.368,21.356,17.324,19.143,3.653,24.622
3.881,23.156,15.765,18.895,2.743,24.343
20.858,9.946,7.46,6.685,11.144,15.215
10.101,25.433,15.945,15.367,6.885,8.134
13.465,10.495,16.933,8.705,10.607,9.08
12.384,10.034,16.742,3.692,10.748,13.274
19.676,7.931,8.794,8.452,8.228,16.695
3.99,22.266,16.825,19.851,4.686,26.379
12.42,24.979,18.791,17.433,9.371,9.014
9.922,23.734,18.334,15.643,6.255,3.557
13.888,23.791,19.085,15.989,7.787,7.772
12.023,22.352,17.184,18.456,6.676,7.32
4.681,19.953,14.275,17.634,5.793,23.046
9.377,23.554,18.162,17.312,6.485,7.298
21.69,9.276,8.332,9.257,11.36,15.684
11.935,22.036,18.745,16.768,7.869,8.041
12.474,7.995,16.473,5.742,8.809,13.41
19.822,9.429,6.96,9.306,10.282,15.74
12.163,8.503,16.244,3.21,9.435,11.132
13.173,10.385,19.061,7.465,9.928,13.802
11.435,24.272,19.969,15.949,9.016,3.945
4.554,20.097,16.809,17.867,2.312,22.27
10.505,24.853,15.616,16.185,8.805,5.799
6.681,20.768,16.377,18.462,4.334,23.072
12.226,23.571,21.488,15.539,9.164,7.859
14.945,9.371,15.13,5.762,9.684,16.138
4.089,22.698,14.628,16.833,7.084,25.048
4.733,20.739,16.652,16.69,3.748,22.695
5.108,22.533,16.72,18.207,3.948,24.093
10.982,24.648,16.111,15.652,8.418,7.083
12.7,11.368,16.663,7.952,10.771,10.772
3.927,20.486,13.927,17.819,6.541,24.032
11.493,10.274,15.924,7.171,9.829,11.292
13.422,9.287,15.651,6.39,11.443,13.058
4.476,21.564,17.588,19.261,7.709,25.145
5.577,21.484,15.373,18.675,4.918,25.125
21.532,8.803,6.338,8.19,12.626,15.1
19.088,10.271,7.619,8.445,8.017,15.687
20.252,10.995,8.916,9.632,8.949,15.436
5.127,19.253,17.461,19.791,6.933,24.221
6.289,18.45,16.632,17.863,3.055,23.639
13.852,10.238,15.721,7.532,9.444,12.169
13.365,9.281,17.639,8.602,10.218,13.254
19.442,9.165,8.655,7.564,11.137,14.412
5.485,21.748,14.651,16.634,4.795,22.03
5.712,20.609,15.548,19.022,5.848,23.327
19.161,8.621,6.997,9.569,10.581,15.486
11.249,25.039,20.361,16.418,5.902,5.965
5.029,20.942,16.377,17.324,3.365,20.576
7.12,20.806,16.613,20.1,3.724,24.709
20.696,9.237,8.325,8.29,12.796,15.108
12.251,11.391,15.093,9.036,10.009,11.379
12.178,9.314,17.899,8.795,10.629,10.866
21.818,9.293,9.821,6.817,10.122,13.749
7.059,22.051,17.119,20.136,5.624,24.813
12.757,9.102,17.522,7.278,9.829,11.463
13.35,9.416,17.15,6.208,9.702,12.12
21.757,7.941,6.1,5.893,10.012,15.312
12.654,10.885,16.11,4.814,11.235,11.524
3.983,21.847,15.581,17.993,6.714,21.734
12.011,10.512,16.724,6.093,11.422,8.946
21.435,5.973,9.022,8.962,9.946,14.951
10.035,24.6,18.317,15.823,6.088,7.89
4.79,20.509,19.287,18.116,4.506,24.528
13.472,10.871,18.626,6.698,10.412,10.976
20.522,6.921,7.119,9.434,10.638,14.691
19.539,7.143,7.419,8.139,12.305,15.564
5.539,21.459,16.174,18.449,3.61,24.053
4.869,22.64,17.432,17.675,3.027,24.412
13.887,11.493,16.754,8.393,12.429,11.878
12.63,9.919,19.32,5.912,10.753,11.747
6.467,21.347,15.359,17.308,5.13,23.128
20.647,7.727,9.63,7.693,10.471,15.766
12.711,23.45,18.155,13.599,7.683,6.505
10.825,23.326,18.752,15.745,8.272,8.582
12.811,8.197,15.891,4.379,9.826,10.821
20.125,6.132,7.272,5.419,10.117,16.573
6.146,23.732,15.143,19.944,4.78,22.111
21.793,7.711,8.129,7.606,9.866,14.67
14.546,7.902,17.608,6.376,10.609,12.144
7.175,21.561,15.656,18.133,7.925,25.963
21.577,8.466,11.084,10.301,10.412,14.583
23.852,8.036,7.096,8.832,10.635,13.829
5.266,22.064,14.709,18.325,6.112,23.797
5.99,20.817,15.131,18.523,6.121,25.644
3.824,20.078,15.267,18.623,3.495,22.812
18.984,7.925,7.507,8.335,9.975,13.949
12.164,23.498,18.614,16.162,11.154,7.126
12.584,8.825,16.417,6.131,8.87,13.001
11.459,11.757,15.662,7.635,9.022,14.622
12.575,9.798,14.449,6.928,10.052,11.489
5.347,21.841,15.433,16.888,5.283,23.287
4.025,23.019,15.447,17.815,5.489,22.875
21.767,8.378,7.461,7.625,10.74,16.268
14.843,10.689,16.746,5.116,9.876,9.156
11.964,12.223,17.927,8.288,9.928,13.624
12.32,10.996,17.997,6.489,10.317,13.521
20.553,8.078,7.085,6.522,9.637,15.6
20.481,8.79,9.156,7.359,12.469,13.253
12.01,23.909,18.045,15.304,8.571,7.341
11.777,24.312,20.624,16.959,7.449,5.862
20.266,8.445,9.888,9.847,11.531,15.054
10.979,10.747,19.337,7.45,8.491,12.126
10.619,24.459,17.777,16.02,8.096,6.274
10.393,23.85,20.289,17.195,8.738,7.182
14.199,11.492,15.542,7.541,10.149,11.565
11.701,26.426,17.991,18.256,9.45,6.772
12.939,23.32,20.316,14.699,8.595,8.301
11.376,11.348,15.088,5.937,10.324,10.909
20.474,8.615,9.738,7.345,9.92,13.193
6.676,22.3,17.493,20.326,3.344,23.244
4.942,20.942,17.275,17.788,4.703,25.369
16.069,10.253,17.661,7.897,11.451,12.893
5.129,21.773,18.257,18.769,3.544,23.331
3.079,23.51,16.06,21.078,5.691,24.252
19.104,8.991,10.273,6.619,11.286,13.837
11.983,9.783,17.084,7.31,10.768,14.236
22.061,8.791,6.213,6.218,9.858,15.228
18.868,7.471,10.683,8.314,9.912,15.765
5.044,21.033,17.076,18.535,4.598,21.501
19.368,7.908,6.912,8.612,9.783,14.366
20.682,8.272,6.788,7.143,10.333,15.048
4.745,21.302,18.339,21.111,5.141,23.725
11.996,24.502,16.469,16.043,6.76,6.594
14.96,11.413,15.345,8.282,7.385,11.365
22.237,8.969,8.558,7.625,10.21,15.402
21.344,8.203,7.917,9.369,10.613,13.704
3.151,20.277,17.109,16.952,4.319,26.05
11.283,23.199,18.85,15.845,7.126,9.354
4.526,22.916,15.012,17.666,5.431,24.608
12.827,23.831,19.085,16.754,7.824,8.976
12.469,25.607,20.918,16.818,6.43,5.864
10.187,22.784,17.339,15.211,8.098,6.556
11.899,24.597,17.639,15.542,8.039,8.89
4.412,22.797,13.867,18.384,2.122,23.833
21.136,8.224,7.988,8.245,9.504,13.144
18.718,8.296,6.299,8.838,10.436,16.681
8.084,21.215,16.448,18.252,6.057,25.281
8.318,22.88,17.71,14.332,5.951,7.567
12.186,24.97,19.293,17.26,8.75,8.92
11.343,20.684,20.624,14.675,6.232,7.038
18.775,7.403,7.409,5.64,9.08,15.105
22.997,10.261,10.615,8.677,11.009,13.715
3.557,22.487,16.133,18.682,3.647,23.331
21.646,7.93,8.615,7.955,9.385,13.898
13.596,8.935,18.4,7.294,9.916,10.657
10.832,11.577,14.509,6.205,10.393,11.608
11.556,11.532,15.529,6.65,10.42,12.529
5.877,21.944,16.267,19.51,4.419,25.384
5.736,24.071,16.549,19.668,4.339,22.624
14.759,24.268,17.919,17.652,7.056,9.085
19.674,9.672,8.622,5.949,9.789,13.422
20.75,9.789,8.39,8.334,10.021,13.064
20.424,8.56,8.031,8.796,10.609,14.407
5.989,23.428,16.16,18.634,7.149,22.289
5.491,18.9,16.635,19.391,3.591,23.409
21.228,8.078,7.584,9.33,12.044,13.329
21.003,8.573,8.149,9.76,10.625,16.142
10.545,22.157,18.894,15.363,6.374,7.562
5.654,22.155,15.809,19.593,5.161,24.092
4.98,19.588,13.749,18.765,5.515,23.79
10.315,22.066,18.546,16.213,8.544,7.977
21.471,7.965,9.063,6.621,6.888,15.15
8.854,23.162,20.363,16.177,6.95,7.591
2.027,21.498,16.33,15.498,7.037,24.057
14.026,24.682,18.633,14.961,10.524,7.507
7.824,23.425,15.797,16.066,4.466,22.941
12.34,8.311,15.015,8.198,9.434,13.136
12.066,10.681,15.444,8.04,10.177,11.926
21.236,8.684,7.248,10.616,13.543,14.494
12.359,23.163,19.264,16.015,8.237,5.582
6.28,20.765,15.222,18.712,5.651,23.718
5.736,22.162,17.827,18.861,6.574,24.808
7.574,22.306,16.198,17.677,1.276,22.84
4.481,19.41,17.127,18.18,3.079,23.62
13.81,22.199,20.894,15.903,9.027,5.748
20.066,11.996,8.777,7.035,12.722,13.767
21.843,6.629,7.141,6.342,10.628,13.223
9.325,23.438,18.425,16.298,8.571,6.773
10.684,24.633,18.313,17.259,7.877,9.642
11.368,23.149,17.281,16.999,6.568,7.201
11.948,23.512,18.261,15.213,6.898,7.717
13.543,10.609,17.559,6.393,9.823,8.701
20.786,8.458,10.306,6.371,10.829,14.737
5.445,20.467,14.6,18.127,3.602,22.884
6.152,22.697,17.562,18.284,4.231,22.964
14.049,10.675,17.363,7.248,9.012,11.189
5.688,21.484,16.877,17.463,5.444,21.604
11.08,23.292,17.539,14.907,9.97,6.403
20.925,7.483,7.858,7.183,9.678,16.797
21.762,8.064,8.838,9.35,10.899,14.158
21.168,8.228,8.489,8.193,11.929,14.17
12.632,9.877,16.534,7.281,8.593,12.018
22.599,9.423,7.743,7.757,10.511,14.804
13.843,13.215,16.411,6.826,9.15,12.026
5.573,22.053,18.968,21.551,3.961,20.932
12.933,22.711,19.071,15.734,6.915,7.065
13.766,21.614,18.428,16.446,9.166,5.713
13.011,23.988,19.946,14.218,7.244,7.1
4.922,20.053,14.862,18.975,3.399,23.839
20.846,7.157,7.23,5.871,9.296,15.322
5.221,20.324,15.569,18.649,2.803,22.727
11.949,8.741,16.987,7.455,8.8,9.997
21.304,8.785,7.871,8.508,10.646,14.459
23.545,7.787,7.674,7.076,9.685,14.328
5.72,19.903,13.936,17.926,4.567,23.827
3.93,22.521,15.025,18.503,4.318,24.786
12.878,25.526,18.464,17.144,10.174,6.695
12.497,10.756,16.195,6.156,9.018,13.163
11.649,23.422,18.686,15.509,7.639,7.966
11.041,22.693,18.208,15.623,6.671,8.863
3.728,20.934,17.439,19.955,4.984,23.03
22.775,9.431,7.383,6.3,11.106,13.702
22.566,8.257,7.531,8.396,7.818,16.437
6.204,21.58,16.141,17.149,3.742,26.007
14.219,10.431,18.316,6.294,11.701,12.735
13.344,11.893,17.158,7.582,9.515,10.558
22.447,8.262,7.894,6.783,12.78,14.587
12.182,10.154,15.397,7.806,9.075,9.528
10.107,22.559,18.405,15.068,8.469,8.408
12.826,10.082,14.57,6.064,11.283,9.194
13.57,10.345,15.204,8.454,10.765,9.226
21.076,10.038,8.089,9.693,9.225,14.658
7.453,19.563,15.175,19.286,5.051,24.029
5.432,22.561,17.818,17.501,4.356,24.796
12.163,23.886,19.193,16.663,9.476,8.722
20.333,8.408,9.662,9.341,9.927,16.283
21.922,7.726,8.325,9.301,11.395,15.045
13.23,25.179,18.292,15.984,6.532,7.895
19.754,7.004,7.01,9.044,10.808,12.671
21.873,9.312,7.946,8.963,11.123,13.975
4.671,20.148,15.934,18.007,3.844,24.737
9.544,22.883,18.138,15.498,8.156,6.403
12.35,23.011,20.067,14.733,10.278,8.463
21.192,6.034,6.329,10.352,10.982,16.591
10.642,21.707,19.134,16.084,7.541,7.417
13.311,9.321,15.535,7.861,10.732,12.036
4.42,21.977,16.267,20.814,5.828,24.056
13.73,10.538,20.409,6.024,11.758,10.62
12.851,10.066,16.066,7.708,11.299,9.368
13.382,9.291,15.198,6.221,9.023,10.436
18.601,9.503,8.582,7.348,10.43,15.028
20.116,9.15,7.137,7.387,10.921,14.392
11.694,24.726,18.474,17.141,8.55,7.686
20.152,8.379,9.754,9.872,12.74,14.884
7.075,21.232,17.33,16.755,2.995,23.135
10.756,22.363,20.168,16.236,9.09,6.63
19.963,7.689,7.794,8.195,9.073,14.315
19.188,5.53,9.342,6.98,11.438,14.866
22.828,8.781,7.207,9.405,12.037,15.928
4.037,19.142,17.32,18.769,5.81,23.189
5.555,21.463,15.991,20.53,5.239,26.079
12.413,24.369,17.515,15.888,6.866,6.652
12.23,22.646,16.771,16.613,5.142,7.353
5.472,21.661,15.212,15.598,7.187,22.552
12.263,25.172,20.528,17.327,4.841,8.541
12.728,8.604,16.51,8.384,9.509,12.364
20.558,8.862,8.542,9.473,9.254,13.258
12.656,24.263,20.885,17.913,9.052,9.168
13.507,9.401,14.901,7.57,10.544,12.821
12.794,22.326,19.618,15.876,7.299,7.613
21.618,8.188,10.919,7.392,9.707,15.056
11.422,21.696,18.135,16.278,7.509,9.747
20.25,7.739,5.727,8.778,9.336,15.881
23.769,8.925,8.036,7.336,11.189,14.566
13.513,10.651,17.569,8.535,12.053,9.332
12.379,10.255,17.141,6.118,9.391,11.959
4.659,21.019,16.671,20.522,3.903,22.483
12.152,25.34,18.911,17.197,9.898,9.004
22.219,7.86,8.265,9.016,12.705,15.556
11.226,24.34,17.694,13.251,7.164,7.266
13.016,9.115,16.011,6.862,10.738,10.173
20.228,10.583,7.915,6.389,10.965,16.373
6.788,24.359,16.629,17.626,3.804,24.87
6.973,21.342,13.435,18.575,5.162,23.255
11.161,23.111,17.557,18.054,5.846,9.051
11.51,10.099,15.809,4.792,9.201,10.083
5.635,21.429,17.791,18.029,5.172,22.749
20.22,7.698,7.761,7.921,11.686,13.935
21.48,7.412,6.933,7.349,10.364,13.217
13.136,24.01,19.729,16.465,8.064,6.475
14.234,9.697,17.829,5.538,9.951,11.852
6.167,20.834,18.037,19.679,5.084,23.458
22.66,9.985,7.433,9.49,11.807,14.584
13.51,20.991,19.757,17.47,5.83,6.373
22.504,7.865,8.715,7.286,9.086,15.627
12.425,9.494,15.953,5.682,10.242,10.469
13.368,10.78,13.958,6.819,11.125,8.818
22.848,7.86,6.901,7.451,11.515,14.947
22.319,8.423,9.778,9.585,10.182,14.37
4.489,20.782,16.094,17.788,7.221,23.071
20.093,9.54,6.032,8.765,10.808,14.9
11.311,22.218,18.918,15.271,8.124,5.293
14.216,9.275,16.58,6.211,10.349,10.405
20.681,10.196,8.807,7.353,9.913,15.268
5.993,22.08,17.074,18.015,3.165,24.859
5.209,22.443,16.258,19.34,3.433,24.026
13.033,24.433,18.404,14.993,6.7,7.671
14.925,21.261,19.788,17.689,8.506,7.191
12.516,24.147,19.325,15.3,7.768,8.87
4.85,20.764,16.435,20.122,6.875,23.235
19.873,6.942,7.109,9.896,11.23,16.344
13.459,24.554,18.52,17.314,7.846,9.236
6.693,21.829,18.319,17.82,5.312,23.411
10.658,11.687,17.324,6.216,9.724,12.702
12.982,23.031,19.205,14.673,9.654,8.864
12.526,9.65,14.728,6.55,11.312,12.358
22.261,8.255,7.071,8.341,10.948,15.863
13.572,11.048,17.51,7.396,10.787,9.736
5.388,20.904,16.942,18.116,4.504,22.693
22.15,9.904,8.154,9.145,12.696,16.24
19.291,8.827,5.664,9.028,10.691,14.129
22.691,8.978,7.718,8.359,9.676,17.961
12.035,22.875,19.984,18.119,4.074,7.957
21.495,7.355,6.548,7.56,12.263,14.605
12.714,8.15,16.496,7.771,7.568,11.563
5.647,19.662,16.272,18.013,3.199,24.063
20.554,10.155,9.241,10.172,9.453,14.691
13.955,8.698,15.168,6.881,10.691,13.091
10.428,23.033,18.089,16.818,6.659,5.142
12.362,10.541,17.133,6.216,9.968,11.107
12.952,9.518,14.254,5.756,9.594,12.204
14.396,10.308,15.822,8.076,9.306,11.363
21.569,8.951,7.503,6.944,10.337,16.198
10.217,25.856,16.482,15.329,7.456,6.998
11.058,10.446,14.986,4.719,10.971,13.43
5.573,22.032,16.611,17.169,6.664,24.786
2.392,18.832,17.931,18.385,4.089,24.848
12.125,9.961,16.507,8.904,8.833,9.959
12.62,23.321,19.978,17.387,7.515,6.715
12.196,22.868,18.144,17.023,8.674,8.553
12.586,10.112,17.476,7.042,9.966,11.361
11.296,10.685,18.154,4.75,9.236,12.977
20.748,9.278,8.091,7.522,9.191,14.331
12.04,9.871,16.704,7.26,9.634,10.547
3.71,22.223,17.384,18.706,6.109,23.61
20.031,6.717,8.286,9.093,8.504,14.894
11.846,22.42,18.679,15.18,8.505,8.678
11.86,21.127,20.622,16.46,7.894,9.074
12.525,10.366,18.039,7.151,11.022,12.152
11.823,23.301,19.194,16.116,6.748,6.78
9.804,24.601,18.748,17.215,7.966,6.556
10.498,25.023,18.838,16.312,8.286,7.716
12.154,25.821,20.001,15.898,8.878,6.946
7.678,23.787,16.922,18.313,5.092,24.094
19.182,9.678,10.183,7.18,11.391,17.935
11.247,22.446,18.889,16.195,7.684,7.281
5.393,20.674,17.124,20.491,2.067,23.621
20.578,8.789,6.377,7.759,12.446,15.605
11.126,8.084,15.09,8.911,9.373,12.613
22.612,9.026,9.543,8.26,12.216,16.259
11.037,23.849,19.916,17.194,8.863,8.286
4.575,24.373,17.007,16.654,3.713,25.419
7.025,20.689,16.412,16.439,2.401,24.43
10.841,24.622,16.352,14.856,6.286,5.813
12.639,25.232,18.008,17.121,7.096,8.864
11.798,11.305,14.64,6.518,10.845,12.503
21.427,7.426,8.009,8.332,8.179,13.134
10.714,24.164,18.505,14.723,7.966,5.715
3.604,21.302,16.413,19.016,4.419,22.5
3.442,22.07,17.727,19.857,5.53,22.359
5.401,21.335,16.609,16.922,5.702,22.661
12.504,11.088,16.25,7.144,8.396,10.296
15.279,9.99,17.261,8.149,10.908,11.262
9.909,24.404,18.376,16.465,9.371,8.512
21.486,8.156,7.39,8.573,10.642,14.602
22.207,9.078,6.132,9.179,9.362,15.723
13.219,9.915,16.764,5.244,9.948,8.931
11.669,24.816,17.043,15.57,7.443,7.492
7.656,20.923,17.608,18.903,3.032,22.879
22.656,8.179,7.559,8.097,11.408,14.08
13.925,23.816,17.443,17.391,9.983,8.675
12.465,12.029,19.735,6.638,9.67,12.463
5.273,20.959,18.247,18.522,6.541,23.721
12.661,21.981,17.115,17.822,7.835,6.538
12.15,23.732,19.746,18.701,7.224,6.478
5.65,19.405,17.683,19.299,3.616,24.508
20.878,8.691,9.474,9.271,11.304,17.246
12.507,24.871,17.147,15.621,7.951,8.36
4.005,21.692,17.847,20.569,4.348,21.722
6.709,20.416,15.411,20.847,2.736,22.207
12.442,24.958,18.356,16.928,6.2,10.371
19.592,6.657,8.2,9.087,11.32,16.183
6.619,19.756,15.87,17.781,5.625,22.24
12.032,11.734,17.246,8.826,8.034,12.017
12.86,11.719,15.761,4.552,11.731,11.7
22.246,10.117,10.359,6.98,9.713,15.245
19.653,7.347,9.333,8.276,10.26,15.076
11.659,10.246,18.196,4.772,10.676,11.777
6.725,21.988,18.717,21.348,5.644,23.796
10.908,23.064,17.543,18.474,6.757,8.434
21.481,7.053,5.443,9.541,9.728,12.718
4.58,21.483,17.825,16.68,4.257,23.303
12.941,8.203,18.075,8.4,11.076,12.021
12.026,22.329,16.895,16.573,8.522,7.165
8.049,23.367,15.448,18.325,5.021,24.75
24.224,8.866,8.804,7.23,11.918,14.779
11.386,20.668,20.599,14.986,8.943,8.571
13.384,8.682,16.953,7.456,9.591,11.923
19.08,9.503,6.632,6.317,7.91,14.24
14.306,9.11,16.799,4.972,10.254,12.049
15.451,10.199,17.289,8.023,10.074,10.696
22.046,7.161,8.064,6.365,11.924,14.847
5.082,20.86,16.843,18.386,3.281,25.895
23.108,8.074,7.734,7.241,8.09,16.055
12.197,23.906,17.747,16.491,4.843,8.015
9.849,8.9,15.817,7.006,9.773,11.28
17.777,8.011,7.939,7.177,9.285,12.75
11.02,23.047,17.828,17.632,7.083,9.179
11.375,9.319,16.597,5.083,8.777,10.441
3.926,21.436,18.886,17.872,3.918,23.919
14.789,10.797,17.01,6.556,11.082,10.106
8.807,26.079,17.288,14.315,8.663,10.364
4.251,20.336,17.785,17.973,3.838,25.656
14.088,23.739,18.524,15.992,7.484,6.065
14.967,8.888,15.539,7.761,10.217,11.711
19.99,8.725,7.861,9.657,9.96,13.744
13.433,8.037,18.159,7.227,11.341,12.136
11.462,11.581,17.289,7.004,8.696,11.388
13.214,22.702,21.307,16.665,6.185,7.879
13.788,9.024,14.63,8.569,10.089,13.152
6.281,20.088,15.852,19.1,7.365,23.854
13.271,22.038,18.041,17.533,6.722,8.516
12.447,9.74,15.131,6.707,11.461,11.285
20.518,9.541,9.28,6.833,8.968,13.856
21.756,9.698,7.044,7.407,9.425,15.731
7.232,21.849,15.535,19.5,5.404,22.728
23.068,9.879,6.743,9.157,9.41,15.2
12.913,24.352,17.377,15.73,8.424,7.486
6.556,24.516,16.917,19.346,4.163,24.364
20.68,8.175,8.995,7.705,8.095,15.587
11.503,9.036,17.614,4.612,9.837,11.505
1.365,22.115,16.789,16.238,3.729,22.663
21.169,8.896,6.24,8.557,9.276,13.478
5.22,22.612,16.671,18.34,3.047,25.512
10.843,25.661,18.414,16.473,7.978,6.072
6.609,22.351,17.484,17.46,4.117,24.498
14.904,9.944,15.573,7.355,12.559,14.205
11.151,23.004,20.964,17.898,5.877,8.432
12.902,10.001,18.787,6.079,9.433,12.499
5.104,21.634,16.335,19.211,4.94,25.191
11.967,11.217,17.797,7.432,10.417,10.839
4.74,21.399,16.811,17.442,6.035,25.137
5.987,21.254,14.486,19.638,5.818,24.567
12.932,9.984,17.849,8.323,8.477,12.771
22.065,8.284,8.181,9.339,10.559,15.012
13.817,8.389,15.384,6.529,7.613,11.633
22.327,9.787,7.674,9.058,10.728,12.898
12.734,9.371,14.911,6.832,8.595,9.445
11.709,22.89,19.178,17.047,6.351,6.457
11.955,21.58,20.912,16.734,6.729,5.932
20.908,10.84,7.985,9.107,9.89,16.369
10.768,23.311,18.254,15.842,7.048,7.164
7.088,21.612,16.943,19.387,5.724,22.57
11.743,24.114,19.039,16.13,8.849,5.861
10.635,8.721,14.434,8.836,10.922,10.076
19.23,7.083,8.178,9.178,12.58,13.392
5.254,21.341,16.743,19.248,4.691,22.763
5.554,21.462,16.543,19.985,6.018,22.296
11.667,22.568,21.042,15.904,9.635,8.413
20.022,8.377,8.556,7.532,11.421,14.299
5.974,20.077,16.268,18.144,4.083,25.409
11.778,24.79,19.481,16.287,7.253,8.015
4.387,20.06,17.147,16.656,6.27,23.527
6.136,21.241,17.563,18.05,2.652,23.456
10.947,9.617,17.977,7.481,11.718,11.734
4.719,21.863,16.611,17.221,6.26,23.179
19.667,9.861,8.822,6.952,10.151,17.223
13.238,10.947,15.921,4.536,9.16,13.515
23.318,9.262,8.473,7.364,11.622,12.982
12.476,10.351,17.215,5.718,10.348,11.927
12.315,21.405,17.607,16.412,5.412,8.433
5.488,20.713,14.673,19.844,4.265,23.915
20.503,6.178,8.45,6.685,9.061,12.945
7.289,22.16,16.319,17.412,4.622,23.47
19.743,8.089,6.603,8.495,9.474,13.135
12.686,23.233,19.05,13.891,8.536,7.852
10.154,22.653,20.181,18.795,5.533,5.18
20.415,9.781,8.105,9.509,10.839,13.504
13.047,7.601,16.447,7.64,9.157,11.899
6.101,21.47,17.856,18.092,3.548,22.438
20.275,8.975,6.316,8.947,9.697,17.292
11.037,24.663,19.286,17.386,7.66,8.991
21.306,10.559,9.351,7.349,8.883,15.817
9.088,22.909,18.683,17.148,5.757,5.612
6.065,21.994,17.549,19.264,3.545,22.496
12.82,9.981,16.782,8.516,12.039,11.323
13.326,24.182,19.722,18.326,7.835,8.211
9.345,23.702,19.218,18.292,5.602,9.304
8.184,25.225,19.91,18.697,8.921,9.33
13.184,9.975,16.175,8.651,9.015,11.821
12.537,22.662,18.252,15.545,6.346,9.457
5.342,22.464,17.379,20.412,4.276,23.561
12.431,8.886,15.861,7.062,11.446,11.811
5.563,23.956,17.224,17.704,4.789,22.69
5.855,21.821,16.867,18.172,4.15,22.736
20.007,10.111,8.951,7.754,8.707,15.797
4.222,22.019,17.771,18.935,6.217,24.391
6.195,22.798,16.303,17.274,4.105,24.019
12.113,10.02,17.931,6.811,9.975,11.538
21.364,7.063,8.04,9.705,10.202,15.405
12.34,24.652,19.516,17.905,8.063,7.318
19.709,8.195,7.958,9.507,9.152,15.24
3.792,20.939,16.399,17.594,5.76,22.924
11.772,10.036,18.061,7.399,7.114,10.236
21.135,6.512,7.984,8.518,8.721,12.988
23.544,6.752,10.639,9.641,11.492,16.538
13.377,8.373,15.973,5.65,8.447,12.667
11.556,22.955,19.985,16.953,7.128,8.734
18.882,6.862,7.895,9.713,11.844,14.081
12.936,23.561,21.294,17.519,6.652,7.469
20.476,10.43,6.085,8.871,9.932,13.751
13.746,9.573,17.446,5.243,9.291,11.512
13.602,10.368,17.929,7.259,9.527,10.719
11.002,22.015,17.63,16.809,7.169,5.417
10.133,24.595,17.522,16.632,6.422,8.1
21.574,9.271,8.866,6.205,11.918,14.037
12.374,9.528,14.853,8.129,10.472,9.222
20.13,6.544,6.208,7.381,8.466,16.672
11.467,11.712,17.849,7.192,11.525,11.532
13.827,22.78,20.25,16.243,7.229,8.496
6.369,24.094,17.071,17.879,3.642,24.858
13.067,12.382,15.911,7.075,13.295,11.354
6.407,22.676,13.845,18.109,5.885,22.312
12.307,11.27,17.137,6.27,10.902,13.749
4.611,21.619,16.087,17.487,3.355,23.584
14.963,9.863,15.041,6.213,10.734,11.513
11.606,23.506,20.404,15.309,7.879,6.964
12.346,9.704,17.616,6.844,11.765,9.677
20.119,7.937,7.317,8.606,11.105,14.722
12.185,8.173,14.506,7.119,10.813,9.939
12.242,22.718,19.174,17.359,5.964,6.62
19.063,8.06,8.529,10.236,10.154,16.543
20.447,9.698,8.763,7.704,9.144,16.057
12.946,22.774,20.558,17.415,8.041,7.62
3.879,22.117,18.566,18.516,2.815,23.75
2.802,22.518,15.672,15.889,3.751,23.03
12.053,9.552,15.776,6.045,9.868,12.014
13.444,10.301,16.833,5.438,10.539,10.632
5.133,21.412,16.266,18.94,4.727,23.554
13.407,10.265,16.228,7.243,13.218,9.34
22.457,7.314,7.124,9.073,10.578,12.138
4.046,23.412,15.057,19.497,4.28,22.34
12.898,11.452,15.644,9.158,11.109,11.308
12.385,23.773,19.428,13.976,7.102,8.45
3.135,21.353,15.231,17.028,4.641,24.556
15.107,11.751,17.015,8.058,10.578,12.933
11.336,23.364,19.461,15.071,8.184,9.4
13.692,11.048,17.731,6.415,12.923,12.046
22.506,8.245,8.354,7.796,8.147,15.96
4.931,22.524,16.048,19.586,2.842,21.74
20.586,7.987,7.277,7.42,11.129,14.76
22.47,6.931,8.211,6.513,9.4,14.195
12.334,23.212,16.791,16.687,7.874,6.62
11.662,24.203,18.471,17.284,4.567,6.212
5.284,19.816,16.074,19.028,5.02,23.1
20.7,7.855,8.771,8.021,10.135,14.725
19.488,8.172,8.885,8.914,9.884,13.778
19.621,9.357,6.192,8.03,10.043,15.62
8.177,24.092,17.166,19.156,6.026,23.013
10.54,22.07,17.864,17.201,6.696,5.818
4.994,19.864,15.678,19.825,4.712,23.266
6.037,23.346,16.602,18.342,4.96,23.79
19.985,8.901,9.662,5.113,9.991,15.125
8.974,8.235,15.985,8.64,10.888,10.819
21.752,6.604,8.181,8.603,11.529,13.048
19.682,9.459,5.554,8.98,10.871,14.502
11.213,10.198,19.106,6.401,10.073,11.807
12.425,23.947,19.574,20.912,8.121,8.799
5.583,21.26,17.697,17.423,2.65,22.085
11.918,21.453,19.128,17.335,5.935,5.597
14.228,11.778,15.684,10.424,11.812,11.88
21.792,7.219,9.34,7.56,13.006,14.894
13.384,8.557,15.927,6.799,10.082,11.53
5.491,22.451,16.08,19.153,4.554,25.902
12.929,11.599,16.137,7.896,9.525,12.859
20.355,8.684,5.141,6.254,12.405,15.204
4.79,21.307,17.606,17.594,2.949,22.024
13.244,8.594,15.491,6.589,10.449,10.087
5.553,22.3,15.787,19.537,3.269,20.662
6.444,21.442,17.389,20.831,4.909,23.377
14.024,23.978,20.23,15.901,7.453,8.529
4.543,21.028,12.926,16.802,5.478,23.75
12.364,10.909,16.117,7.766,8.311,13.169
12.656,23.938,18.166,16.498,6.418,7.457
13.074,22.703,18.905,16.897,8.091,8.5
12.093,8.417,16.031,6.256,9.224,13.129
21.567,9.466,8.086,8.652,11.048,12.461
11.8,24.133,17.646,15.825,8.271,8.455
6.739,20.644,16.869,19.523,3.442,23.543
10.42,24.2,20.788,18.572,10.875,6.353
11.015,10.125,18.01,7.793,7.884,11.629
21.818,7.495,9.219,8.968,10.687,15.373
20.583,8.609,9.332,8.721,11.556,15.173
19.834,7.208,6.278,6.519,8.446,15.068
5.547,21.432,14.877,19.154,4.633,23.62
6.052,21.68,16.799,18.334,3.965,22.558
6.838,21.687,16.474,21.014,4.146,25.187
23.547,8.167,6.773,8.51,10.997,14.723
12.859,22.956,20.459,17.653,7.56,6.894
20.952,6.137,5.19,8.055,7.078,14.579
4.733,21.992,16.73,17.861,5.668,22.036
13.052,9.499,16.8,7.802,7.277,11.249
5.514,20.994,15.307,17.181,5.669,23.642
20.892,8.593,9.818,8.551,10.527,15.602
12.75,23.841,17.795,16.232,7.432,6.046
23.6,9.733,7.957,10.865,11.374,14.797
20.586,7.952,8.124,5.797,9.967,15.459
6.269,23.875,16.702,19.686,2.792,26.13
13.391,11.045,17.526,8.876,11.033,11.499
4.396,22.805,15.1,19.083,5.419,23.78
5.644,23.479,17.385,17.749,4.021,22.659
14.431,11.446,16.864,6.399,9.332,10.632
13.969,8.654,15.655,8.236,11.748,10.715
13.763,10.829,15.423,9.272,13.537,14.057
5.468,22.56,15.818,18.712,3.763,25.174
20.182,5.843,6.621,5.861,9.775,14.537
12.038,26.201,16.437,17.109,7.299,8.116
13.969,12.153,16.042,7.281,11.124,12.434
12.574,22.48,18.434,14.516,4.687,6.106
4.605,20.175,15.824,19.76,4.281,25.593
11.791,22.002,18.596,15.373,7.896,6.247
11.02,24.664,20.88,17.104,5.575,9.242
21.13,7.666,8.058,5.625,10.369,16.849
22.388,10.249,8.262,8.623,11.007,14.004
12.151,24.463,18.238,15.247,8.172,7.397
12.423,9.095,17.857,7.987,8.027,11.515
5.257,22.634,18.656,18.645,3.079,23.823
19.742,9.189,8.157,6.168,11.562,13.296
6.808,23.821,16.598,18.357,3.141,23.109
5.292,23.066,15.553,19.181,3.805,23.849
12.104,23.319,20.011,16.866,9.172,6.884
15.31,8.748,16.087,5.743,12.087,13.653
12.102,22.368,20.734,15.949,6.758,6.87
13.604,25.559,18.832,14.802,9.951,9.349
21.373,8.063,6.102,8.506,10.205,14.999
20.559,10.094,7.003,8.309,10.348,13.741
19.381,7.509,8.237,7.801,11.562,13.205
4.417,21.375,14.229,18.851,1.3,23.367
20.461,7.716,8.114,8.42,10.702,14.688
21.856,9.376,7.556,8.828,9.433,14.364
14.505,9.157,16.108,7.921,9.372,11.449
12.42,22.109,18.046,15.114,7.27,8.84
21.887,9.928,7.477,5.742,8.533,13.53
12.376,10.5,14.617,4.915,8.867,12.859
13.49,21.648,19.66,18.918,6.248,6.756
11.752,21.851,20.625,14.662,7.201,6.185
12.882,23.44,18.828,15.718,7.636,8.632
23.87,8.031,6.972,7.657,10.503,13.448
20.906,8.982,9.223,9.755,10.734,14.279
21.873,9.051,6.777,8.679,10.667,17.439
6.232,21.58,17.388,18.09,5.067,22.615
10.858,23.896,21.214,17.904,9.348,6.822
6.263,22.318,17.393,18.525,3.633,23.159
21.542,10.705,7.886,9.294,9.16,15.06
4.525,21.551,15.165,19.712,2.558,23.547
13.239,11.005,16.06,6.841,12.225,10.975
20.794,8.095,9.473,7.875,8.943,13.491
7.966,21.195,16.461,19.11,4.713,22.819
12.897,9.692,15.103,7.936,8.018,13.689
4.682,20.933,15.329,20.568,4.714,23.67
13.377,10.553,14.936,7.318,8.988,11.645
5.531,19.462,14.662,20.021,3.449,25.224
12.011,10.786,15.966,6.257,11.147,10.649
9.567,24.539,18.134,17.238,5.072,8.507
21.21,7.458,8.979,8.34,10.995,14.188
21.461,8.741,6.26,8.686,9.606,13.092
13.108,23.3,19.709,18.287,7.753,6.765
13.365,8.672,17.367,7.157,11.605,12.436
7.007,20.499,14.508,18.637,5.13,24.152
20.728,9.09,8.841,6.923,10.174,16.814
17.862,8.987,8.889,8.15,10.297,14.971
13.672,24.355,19.454,16.845,7.489,8.106
12.167,10.331,16.491,6.343,9.815,13.491
21.114,8.509,8.736,8.391,10.341,16.55
10.166,11.474,17.628,6.399,10.047,13.595
20.537,7.447,9.616,7.278,9.408,14.716
5.081,22.06,15.079,17.519,3.922,24.278
12.412,9.341,15.659,7.729,10.114,13.2
11.693,10.708,17.05,6.423,9.833,10.642
20.958,10.145,8.037,5.379,8.925,18.12
7.09,23.656,15.734,19.413,6.443,24.196
5.107,20.546,18.23,17.472,5.03,23.129
22.062,10.512,8.367,7.678,9.121,14.676
11.175,10.24,17.255,5.711,9.828,10.949
5.596,22.711,18.102,18.265,4.976,23.352
4.428,22.465,18.872,17.962,7.459,24.71
13.549,8.186,15.071,4.856,10.334,11.229
14.062,8.415,14.826,6.347,11.312,11.617
3.336,21.366,17.552,19.373,3.93,21.808
21.154,7.408,8.906,7.829,11.179,13.628
15.013,8.877,15.352,5.365,10.847,11.793
6.047,23.119,16.551,18.27,6.142,24.299
12.147,23.02,19.66,15.719,8.482,5.821
4.567,22.91,15.808,19.018,4.531,24.165
10.615,21.596,19.755,16.983,8.129,7.281
6.337,22.77,17.109,18.667,6.292,23.32
19.069,8.786,7.468,5.748,11.746,12.282
12.094,10.9,15.75,5.284,9.984,10.138
13.07,21.119,19.253,17.353,5.695,6.327
15.091,10.418,15.231,8.607,11.972,11.571
13.303,9.262,15.024,10.064,8.072,12.047
12.473,23.438,18.719,16.108,7.202,8.796
12.852,24.469,19.113,16.119,6.865,6.445
19.688,6.489,7.825,8.746,11.306,14.996
11.578,11.005,17.181,9.419,10.205,11.705
13.609,8.055,15.718,6.57,10.145,12.396
18.824,10.273,8.96,7.827,9.327,14.913
19.734,11.014,9.041,8.464,10.202,16.745
12.909,8.075,17.957,6.599,9.537,12.863
11.159,23.538,20.497,16.085,6.29,5.587
14.064,8.643,15.855,9.504,6.518,10.836
4.839,20.899,16.633,19.138,5.54,25.843
13.493,8.522,13.654,6.949,9.301,10.83
12.904,9.582,18.795,5.68,12.643,9.994
6.197,23.612,15.42,18.767,5.213,24.355
21.606,9.358,7.311,6.773,10.226,11.954
13.053,23.442,18.343,13.225,7.234,7.045
12.625,8.724,15.153,7.385,11.0,9.858
13.798,10.298,16.939,3.955,9.613,11.471
20.226,8.346,7.756,9.065,9.794,15.773
13.144,12.169,17.258,7.981,9.671,10.125
20.25,9.006,8.241,8.055,11.042,13.28
5.564,22.475,17.103,18.681,4.872,24.579
22.028,8.808,8.032,8.14,10.224,12.202
10.93,23.59,19.011,15.507,10.009,8.197
21.829,8.465,9.205,9.378,9.609,15.967
11.074,23.936,17.08,14.874,9.158,7.019
12.638,24.212,17.773,15.948,8.87,8.509
11.31,25.595,19.624,14.687,8.02,5.579
19.116,6.128,7.636,9.221,10.462,13.408
22.474,7.64,8.168,8.817,11.284,15.303
13.76,8.609,16.557,7.2,11.267,10.617
9.879,23.574,18.048,14.582,6.66,6.138
12.507,24.142,20.363,16.31,8.392,8.298
10.069,20.692,19.484,15.687,6.211,8.286
12.23,10.396,17.77,7.429,9.627,14.202
12.833,23.342,20.223,16.766,7.452,7.42
14.432,7.744,15.584,5.807,10.614,11.052
13.09,10.626,16.419,7.623,9.735,7.862
13.738,9.295,18.235,8.0,9.134,11.298
5.055,22.774,15.105,18.56,2.541,22.409
5.32,21.638,14.45,19.965,4.553,22.507
13.862,12.163,17.102,7.218,11.076,13.125
13.817,10.877,16.266,7.982,10.662,12.444
4.613,19.908,17.28,17.797,5.5,24.182
11.898,22.518,20.126,16.113,6.446,7.05
10.918,24.368,19.138,16.647,6.497,8.284
20.211,7.487,7.027,9.876,10.218,14.022
11.575,21.192,16.144,15.552,7.199,8.997
21.356,9.16,9.793,7.125,10.932,13.675
14.392,12.341,17.187,8.835,9.39,10.608
12.397,22.699,16.372,17.606,6.862,6.401
12.479,9.866,14.581,7.695,9.222,10.072
4.886,20.881,14.938,19.846,3.687,23.269
14.071,10.875,15.985,9.334,11.225,11.091
22.464,7.367,6.551,8.397,10.364,13.237
22.455,9.163,7.026,8.278,11.608,14.946
7.703,19.8,15.191,17.418,5.849,25.681
13.31,22.792,18.125,13.926,7.56,9.886
21.897,9.838,7.149,9.447,8.512,16.131
20.744,8.378,9.102,7.426,9.79,13.585
13.033,23.584,18.548,17.442,8.213,6.615
12.184,10.668,16.126,7.124,8.439,13.329
8.434,20.955,15.646,20.483,3.278,25.078
5.459,23.534,15.548,19.455,4.489,22.511
23.738,7.369,5.902,9.534,9.529,14.978
12.474,22.621,16.74,15.775,8.672,7.032
5.336,23.806,17.042,17.369,4.155,23.772
5.368,22.006,14.009,16.546,5.819,22.918
20.876,7.569,9.686,7.278,7.77,14.835
11.187,25.88,15.627,16.074,9.507,7.582
5.251,21.545,15.889,18.283,3.787,22.655
3.691,22.31,16.426,18.587,5.131,23.294
12.433,10.109,17.523,6.984,10.229,12.556
20.864,9.61,7.22,6.824,10.027,15.984
3.821,21.141,16.834,19.194,6.359,22.401
19.551,9.133,6.802,8.025,11.001,15.514
21.1,6.187,7.47,7.548,10.21,14.18
6.481,22.212,15.168,17.508,3.519,24.433
12.41,23.66,18.888,15.687,6.671,7.775
11.893,9.367,17.284,7.377,10.58,9.957
6.237,22.427,13.342,18.49,2.572,24.325
13.688,8.078,19.45,6.342,10.811,12.755
19.484,7.987,7.893,9.62,9.009,15.083
21.88,8.272,7.701,8.903,9.954,13.084
14.455,23.426,14.352,17.773,6.788,6.474
4.913,19.944,16.488,17.034,4.597,21.374
7.065,21.335,15.658,16.238,6.087,23.691
12.778,24.809,17.125,15.573,8.421,6.875
5.279,23.483,14.588,18.621,5.685,26.474
20.879,7.737,8.495,6.629,10.304,13.158
10.556,21.924,19.513,15.628,7.816,6.374
20.152,7.814,9.789,8.666,7.959,16.474
22.453,9.404,8.503,8.447,8.235,13.55
12.318,23.832,16.825,17.566,7.739,9.097
10.491,23.249,19.474,17.177,10.523,4.737
13.379,25.005,18.281,16.038,5.416,6.469
14.266,10.272,17.621,9.006,8.986,13.543
22.316,6.079,9.655,6.227,9.562,15.15
13.287,23.321,18.49,17.856,6.846,5.741
20.157,9.254,8.636,8.412,10.356,15.055
11.415,23.48,20.774,16.747,6.988,6.836
18.539,9.024,7.745,8.657,12.801,15.201
5.047,21.039,16.151,18.524,6.445,25.113
20.982,10.41,10.117,7.798,12.019,13.539
22.692,9.836,7.041,6.653,12.114,12.862
5.324,19.75,18.745,19.993,4.953,24.323
21.45,6.519,8.57,6.207,9.767,14.717
12.33,20.292,19.774,16.441,7.169,9.892
7.74,19.435,15.092,17.18,2.603,22.851
22.004,9.036,7.582,8.442,12.141,15.802
22.408,9.049,7.768,7.836,10.642,13.813
11.575,21.723,17.934,17.448,7.476,6.977
21.989,10.933,7.206,7.104,11.944,13.699
11.808,11.696,16.788,7.484,8.623,11.284
21.019,10.169,9.649,6.401,10.051,16.51
11.632,22.172,18.985,17.953,8.679,8.461
20.01,8.744,8.069,8.446,11.53,15.295
20.899,7.13,8.876,6.235,10.87,14.913
13.888,22.046,19.348,16.167,7.319,8.408
19.848,7.408,9.428,8.778,10.245,15.809
11.36,23.667,18.292,15.575,9.159,7.777
22.451,5.725,7.068,6.786,10.252,13.704
5.628,20.91,16.479,18.77,3.236,23.81
7.778,23.396,17.005,20.068,5.686,23.932
14.722,6.693,16.51,6.351,11.342,10.228
4.432,22.39,17.876,18.016,6.115,24.191
13.538,8.766,14.548,5.988,11.214,12.091
12.156,11.158,14.777,6.536,11.559,11.425
19.521,8.588,8.187,8.659,11.308,17.158
13.544,24.457,18.745,16.389,7.279,8.79
10.585,22.027,18.114,17.46,5.545,7.91
6.349,23.431,17.429,17.612,5.17,23.79
5.023,21.761,17.562,18.418,5.549,24.189
12.348,9.664,14.828,6.794,10.829,11.08
11.815,20.826,19.148,18.944,7.004,6.562
14.017,10.541,16.362,8.004,12.209,12.527
13.583,7.83,15.328,6.456,9.889,11.744
13.07,9.715,14.561,8.388,10.842,12.241
13.168,11.402,15.506,7.128,10.035,12.018
10.787,23.512,17.925,16.322,8.337,7.372
3.097,22.272,16.971,17.712,4.905,20.676
3.801,19.241,18.34,19.052,5.381,25.502
5.834,22.936,18.522,19.567,5.256,24.526
12.51,10.623,17.334,6.325,8.867,9.633
12.857,10.207,17.777,5.205,11.043,12.051
12.799,8.111,14.721,6.876,10.509,12.63
12.875,10.897,16.826,6.219,10.453,10.673
5.341,23.142,15.313,16.404,4.906,25.941
15.607,9.214,15.423,9.053,8.752,9.902
21.306,9.562,5.655,7.179,9.244,16.312
12.447,22.91,16.949,15.722,6.152,7.756
10.033,22.466,18.403,17.558,7.849,5.32
12.696,22.714,18.682,15.096,4.362,7.207
21.741,6.59,7.531,8.436,10.051,14.465
12.382,10.588,17.375,4.519,7.478,10.446
21.178,11.388,8.534,7.627,10.271,13.405
10.328,22.509,19.505,18.807,7.271,8.145
21.457,9.353,9.285,8.74,10.249,14.608
19.174,9.593,6.369,9.083,9.126,16.028
21.337,8.949,6.02,6.764,10.201,16.149
10.371,20.414,18.517,16.203,6.376,7.608
11.14,23.576,17.513,15.814,7.817,7.036
14.471,24.058,18.712,16.223,6.931,7.544
21.96,7.291,9.299,10.36,8.66,14.751
10.093,22.241,19.499,17.577,7.749,8.396
7.229,20.857,16.889,16.791,7.155,24.036
6.1,21.673,15.425,17.903,5.7,21.912
7.296,22.557,14.849,17.79,6.235,23.884
5.889,23.822,15.757,19.443,4.334,23.847
13.89,7.441,16.794,8.241,10.806,12.427
21.918,5.932,7.198,7.935,9.487,14.361
6.036,21.691,15.255,17.899,1.812,23.997
4.918,21.149,15.499,17.04,3.966,21.778
13.379,10.213,17.801,7.103,12.369,10.372
20.033,7.995,6.706,5.231,9.705,14.839
4.221,23.574,16.482,17.625,3.059,22.166
4.619,22.284,14.48,19.409,5.433,24.416
19.504,9.038,9.005,8.648,11.173,12.501
22.635,8.767,8.395,8.734,11.108,14.786
11.578,23.092,19.568,17.816,7.588,6.873
19.894,5.506,6.865,6.775,9.665,13.801
20.279,6.891,6.468,6.615,11.545,16.598
7.061,21.826,14.529,16.976,5.434,23.445
12.581,9.309,18.188,6.925,9.484,11.287
11.409,23.427,19.004,17.203,7.292,7.016
20.068,9.747,7.475,7.987,11.275,17.604
9.469,9.553,19.162,6.569,10.614,12.483
19.293,10.235,7.839,9.953,10.256,12.529
13.78,10.178,17.715,7.221,9.573,11.789
22.873,11.472,7.731,8.635,10.312,14.698
13.468,8.455,16.955,6.271,10.431,10.049
20.241,8.243,7.857,7.276,11.265,12.42
10.722,23.719,17.541,17.714,6.879,7.677
7.292,21.595,13.048,18.943,4.49,21.519
20.752,8.39,8.32,8.752,8.905,14.355
12.553,10.301,17.283,5.807,10.38,14.301
9.721,22.9,18.716,17.181,4.952,7.485
11.835,8.071,19.222,8.585,7.788,9.337
21.448,9.587,8.16,7.154,10.376,16.919
5.902,21.867,16.887,18.644,5.229,23.826
11.841,24.864,19.185,16.345,5.805,8.331
20.181,8.423,6.238,7.679,9.277,14.728
9.932,22.695,19.909,14.784,7.789,5.808
11.255,23.982,18.96,17.765,8.616,5.756
12.977,23.773,17.149,16.229,6.728,7.833
23.057,9.761,8.258,8.962,11.304,13.62
21.248,9.917,7.162,8.829,8.202,16.922
19.392,9.733,7.659,8.212,10.396,13.821
5.295,21.643,16.284,18.226,5.348,24.246
13.826,11.302,18.804,8.126,9.498,13.134
4.782,21.267,14.658,17.326,5.76,24.076
5.302,22.382,14.366,18.449,5.065,22.527
5.687,19.796,16.256,16.063,4.108,23.79
12.644,9.966,18.811,6.529,10.182,12.16
6.906,21.875,16.752,19.895,4.612,24.619
11.38,13.706,17.1,9.315,9.159,13.141
3.506,21.202,15.754,17.534,3.768,21.544
13.097,24.587,19.992,16.27,3.891,6.666
13.551,22.754,18.09,16.456,8.434,8.394
11.084,23.893,17.758,16.651,8.356,8.908
4.339,21.077,17.183,19.665,4.993,22.814
12.806,8.165,15.699,7.024,12.573,12.089
21.533,8.333,9.215,6.067,9.326,16.355
12.182,9.507,16.987,8.432,8.165,11.712
11.286,25.397,18.035,15.565,6.899,5.978
5.778,20.649,13.916,16.84,4.189,24.792
4.994,21.54,14.777,18.216,4.355,22.469
13.341,9.89,16.033,6.182,9.194,11.085
14.38,11.28,14.59,8.237,9.584,13.998
11.303,10.199,16.34,7.587,11.612,11.198
6.101,20.247,18.326,20.787,4.784,26.622
22.661,9.95,8.012,10.191,10.225,14.838
11.222,24.619,19.552,18.779,8.852,8.809
12.32,11.512,19.199,8.686,9.243,11.769
22.454,7.111,6.803,8.186,7.391,16.663
6.199,23.874,16.083,18.17,5.46,23.319
11.831,22.049,18.895,16.018,7.38,6.476
4.253,20.66,15.834,19.676,6.166,23.363
20.34,8.71,7.365,6.557,9.351,14.459
12.996,7.743,14.868,7.615,11.371,12.374
11.917,23.633,18.816,16.547,9.33,8.618
12.633,23.049,20.863,16.89,6.852,7.424
12.075,12.581,17.137,7.188,9.587,12.979
10.473,23.287,18.318,14.408,7.852,10.45
23.523,10.503,8.512,7.454,10.841,12.5
11.574,23.979,19.224,14.851,8.737,7.688
4.217,21.987,16.985,18.623,4.052,24.428
17.904,7.931,6.076,8.19,10.615,13.643
12.886,23.699,19.931,17.045,6.442,6.764
19.961,9.582,7.176,7.973,9.282,14.9
13.498,9.53,16.016,5.582,7.816,12.763
6.98,21.092,14.404,18.666,4.179,22.153
12.277,10.027,16.593,3.547,10.77,12.457
3.761,22.459,15.164,15.994,4.278,24.794
21.414,9.109,8.973,7.514,10.53,15.826
4.894,22.153,16.473,21.348,6.032,22.597
3.751,21.792,15.64,20.445,4.044,25.537
13.377,10.103,16.779,7.897,10.895,13.484
14.116,8.491,16.289,7.044,11.366,10.819
13.279,21.434,20.449,18.967,5.851,8.362
7.383,20.949,16.071,18.35,6.091,25.327
4.293,22.237,16.374,17.649,6.317,22.25
11.566,10.36,17.518,9.584,9.611,12.659
20.485,10.103,7.382,7.967,9.01,14.398
15.051,10.828,17.265,7.104,12.255,12.798
11.78,10.507,18.518,6.34,9.859,12.648
13.131,10.11,15.719,7.288,11.405,11.511
21.23,9.17,8.432,9.669,13.029,13.451
10.144,24.042,18.49,17.28,8.59,5.428
21.989,8.604,6.29,7.42,11.411,14.401
11.993,23.808,18.886,15.407,7.213,5.517
11.211,23.419,21.884,16.651,6.703,6.437
6.17,22.504,16.982,19.708,3.642,24.834
11.215,11.736,17.093,6.09,10.381,13.226
19.867,6.105,6.703,9.668,10.046,15.14
21.851,9.125,9.429,5.328,9.825,12.581
8.33,22.022,16.506,18.402,3.117,23.817
12.87,8.599,15.687,5.509,8.703,10.588
11.75,23.903,19.048,14.75,8.632,6.843
12.381,23.518,19.781,14.396,6.364,9.34
12.483,10.424,18.017,6.898,10.032,11.65
19.801,10.592,9.1,8.554,8.801,13.637
11.292,23.426,19.102,15.142,6.958,7.529
21.015,7.827,7.863,6.722,11.661,13.874
12.192,23.563,17.432,16.633,6.438,6.67
20.523,8.995,6.94,8.073,10.326,16.496
7.069,20.431,15.479,19.665,4.361,23.498
4.099,20.657,17.182,19.671,4.749,26.685
3.483,21.367,16.525,18.583,4.581,22.249
4.298,19.953,18.748,18.51,5.498,23.722
4.447,23.674,13.882,20.224,4.673,24.917
7.021,23.775,14.298,18.514,5.055,21.905
20.097,6.351,6.72,7.446,8.923,14.093
11.765,22.241,19.626,15.804,5.967,6.365
13.782,12.881,18.726,6.544,9.368,13.719
10.816,25.546,21.276,16.597,7.423,8.673
21.236,7.547,8.973,5.096,10.098,14.683
12.952,24.112,18.578,17.2,6.509,7.152
4.604,21.214,18.891,16.263,3.822,25.99
12.392,9.127,16.27,6.678,9.935,10.699
23.409,7.846,6.041,7.862,10.779,15.355
12.255,25.077,18.247,16.817,5.555,7.985
4.043,20.844,16.24,20.655,4.849,25.7
11.394,23.476,18.356,17.092,9.679,6.531
20.409,7.678,8.492,8.44,10.142,14.632
5.647,21.135,16.075,18.559,5.584,24.222
22.179,9.752,9.399,7.068,10.822,16.122
11.738,23.269,19.149,17.084,6.189,9.461
14.852,9.868,17.536,8.101,10.929,9.985
21.701,8.696,7.489,9.862,10.278,15.558
3.863,22.43,15.965,18.272,6.955,22.209
11.362,11.007,17.42,6.911,9.401,13.301
19.141,8.372,8.296,7.996,11.422,13.014
14.98,21.527,19.26,16.85,8.739,7.553
13.101,22.133,17.454,18.601,6.647,5.863
11.893,22.656,17.249,16.547,8.724,8.479
12.421,25.652,19.934,16.231,7.217,7.008
4.393,21.969,18.084,17.629,4.371,26.529
13.554,9.878,14.812,5.718,7.357,13.638
9.943,24.536,17.15,16.771,7.014,6.24
6.354,24.622,16.001,18.068,5.245,22.756
11.444,9.916,16.793,7.605,8.942,11.429
20.121,7.448,8.405,7.216,9.837,16.369
10.311,21.96,19.374,15.82,7.32,9.371
13.683,11.188,18.233,5.882,10.962,13.249
10.653,23.268,19.781,17.483,8.414,7.069
10.809,22.741,20.618,16.765,6.437,8.715
4.224,22.227,16.24,16.596,2.237,23.03
21.336,6.202,8.185,8.087,7.193,15.16
12.012,9.882,16.449,6.543,12.148,10.823
20.591,7.837,5.177,10.513,9.947,12.282
9.681,22.486,19.726,16.896,7.497,7.64
12.582,22.011,20.459,16.483,8.209,7.534
11.422,10.738,16.215,5.348,10.854,12.765
6.459,22.328,14.27,19.503,3.838,23.265
6.608,22.869,15.823,18.856,3.157,24.896
11.129,8.767,16.831,8.459,10.527,10.914
5.684,21.824,17.384,18.537,5.304,24.573
21.989,8.848,8.469,8.358,10.023,15.892
11.618,21.878,20.866,17.341,8.593,7.069
8.166,20.664,15.345,17.225,5.399,23.885
23.603,10.434,10.441,10.613,9.639,13.75
3.788,21.04,17.192,17.072,7.297,23.731
11.283,23.251,21.476,15.993,7.006,6.659
22.886,10.284,11.126,6.74,9.446,14.22
11.508,25.259,19.545,17.171,8.232,8.844
5.963,18.744,17.606,16.666,5.004,22.785
21.06,6.483,8.707,7.613,10.302,15.324
21.712,9.255,9.24,8.725,12.641,12.298
19.667,7.574,8.383,6.435,10.806,15.128
5.69,21.005,15.307,19.643,3.473,24.066
20.812,9.785,8.673,7.101,9.024,13.823
15.148,9.65,16.39,4.341,8.765,8.908
5.634,21.897,15.871,20.873,3.753,23.967
14.325,9.766,17.043,7.599,7.955,11.323
5.533,21.565,14.994,16.66,5.191,23.94
4.957,21.216,15.413,19.828,5.706,22.662
18.242,7.312,7.829,9.196,9.332,15.477
11.508,21.323,19.441,17.148,7.709,7.047
13.761,10.257,15.11,7.04,9.234,8.486
12.381,22.638,19.139,14.427,10.094,5.819
5.476,21.353,17.35,19.327,4.399,22.327
3.948,21.822,14.688,16.075,5.366,24.099
20.852,9.711,7.788,5.491,12.205,13.641
12.238,22.732,17.814,15.879,6.228,7.493
12.543,22.103,18.647,14.287,7.915,8.212
20.994,9.416,8.991,9.276,10.979,12.735
11.102,9.991,17.936,5.235,9.637,11.643
21.162,8.276,9.569,6.216,10.912,14.518
20.298,8.467,7.559,7.737,12.347,14.932
11.109,22.304,16.781,15.05,10.366,8.167
13.089,24.055,21.72,14.514,8.947,8.812
12.414,24.135,16.129,14.712,7.071,8.122
23.21,8.014,8.187,6.461,11.2,15.032
14.31,11.081,17.769,6.912,11.754,9.651
21.533,8.018,9.767,10.049,10.967,15.953
4.556,23.374,15.95,19.08,7.247,22.867
20.003,9.562,8.24,7.546,10.514,16.084
11.476,21.861,19.636,15.511,4.849,6.99
11.605,23.51,18.843,17.252,6.635,4.8
12.714,9.758,18.291,5.007,9.069,12.521
10.779,21.979,18.648,15.643,8.394,5.205
15.556,11.613,17.263,9.277,10.072,11.568
13.436,23.158,19.458,15.693,8.544,7.923
20.404,8.957,8.47,10.61,9.828,16.816
21.226,9.454,8.096,8.04,9.712,14.467
6.63,22.064,14.266,19.965,5.31,22.472
12.299,12.36,15.383,7.217,10.382,11.579
12.047,23.25,17.97,18.237,6.803,6.083
13.288,9.323,16.137,5.649,8.404,13.276
20.453,9.748,9.145,7.799,9.461,13.938
13.199,9.363,14.956,9.962,9.521,11.705
14.891,11.516,15.042,6.937,10.706,10.623
10.732,24.606,21.761,15.256,8.077,6.564
13.364,24.106,19.797,17.157,7.252,7.818
11.625,7.649,18.158,6.34,11.617,10.545
21.333,10.783,7.898,6.034,10.153,16.313
11.813,25.163,17.787,13.947,7.982,7.303
4.961,24.314,18.412,18.35,3.864,23.948
20.425,8.836,7.363,10.409,8.853,15.15
18.858,9.205,7.432,7.563,9.885,14.643
6.513,20.953,16.663,18.319,3.99,24.318
3.651,22.851,16.807,18.362,4.608,23.411
14.878,9.22,16.782,6.841,10.238,11.163
20.374,8.694,8.423,6.45,11.918,15.324
11.298,11.143,16.799,8.512,11.17,11.329
5.082,20.003,16.768,20.738,4.155,24.538
12.748,10.315,17.317,8.124,11.623,10.326
12.618,10.898,18.15,6.602,9.9,11.757
20.482,6.989,7.745,8.988,8.843,15.026
12.93,23.099,18.028,16.152,7.028,9.779
13.074,23.598,18.89,16.632,8.062,8.21
13.897,10.086,17.62,6.792,11.707,11.856
11.13,21.537,20.462,15.692,5.915,7.234
12.353,8.034,17.615,8.261,10.326,9.11
20.737,8.359,8.624,7.643,12.008,14.326
4.629,21.436,14.932,16.379,4.358,24.547
12.153,23.761,20.382,15.491,6.409,6.013
18.793,7.803,7.974,6.262,10.438,15.374
10.419,24.868,20.416,16.476,5.921,5.96
12.133,25.239,19.101,17.542,8.137,6.914
7.37,22.047,16.737,17.237,5.87,23.626
12.036,24.46,17.717,16.767,9.608,7.174
11.416,8.499,16.124,7.044,8.302,12.726
15.31,8.929,15.038,7.044,10.632,11.603
21.193,9.386,9.058,8.788,10.898,13.107
12.397,21.973,17.801,16.289,7.322,5.741
20.065,7.023,7.652,5.145,10.991,14.143
5.05,20.052,15.194,16.96,3.19,23.787
6.093,21.936,15.563,19.709,4.222,23.553
5.543,21.751,15.972,20.179,5.641,23.736
13.602,9.272,14.996,6.149,8.694,10.909
13.135,11.581,17.098,7.884,8.863,11.02
21.942,8.99,7.386,9.199,10.163,14.92
5.876,22.431,16.699,19.166,4.821,24.039
12.314,22.771,18.515,16.634,6.039,7.006
13.128,22.32,19.716,15.492,8.041,8.008
5.733,22.778,15.605,20.421,5.978,25.48
14.524,9.337,13.899,7.623,10.21,11.815
12.908,11.165,16.791,8.563,10.177,12.572
13.863,10.707,17.86,8.494,9.017,12.264
20.42,8.158,9.217,5.026,10.416,14.331
11.151,10.22,16.112,7.745,10.995,11.243
21.166,9.374,9.093,9.282,9.553,13.439
6.062,19.83,14.709,18.034,6.922,22.692
11.726,24.763,18.545,17.372,7.685,7.971
20.6,10.427,9.296,7.449,12.71,15.347
11.83,22.705,19.698,15.416,8.202,7.691
21.943,7.361,6.521,8.477,10.361,14.246
11.231,8.86,15.655,6.938,9.901,9.455
20.217,7.92,7.33,7.825,10.772,16.94
19.912,8.371,7.315,8.615,12.608,14.354
11.419,22.89,18.45,17.035,8.574,7.069
15.533,12.17,14.588,7.69,10.145,12.644
20.066,8.895,8.85,9.39,9.977,15.184
12.321,10.382,17.929,8.649,10.232,11.032
11.518,11.183,19.199,7.245,10.322,10.321
19.641,7.794,7.637,8.182,10.538,14.782
19.214,5.317,5.76,9.303,10.391,15.814
3.958,19.848,16.849,20.206,6.759,22.245
13.27,7.634,17.099,6.599,9.529,10.647
5.012,22.083,17.157,19.788,5.357,21.369
7.32,22.234,16.432,19.123,5.72,24.217
4.232,20.791,16.763,15.562,6.699,23.767
13.418,10.853,16.106,5.782,10.189,12.197
19.125,9.084,6.535,9.839,10.578,15.986
5.057,22.364,17.004,17.661,3.098,24.461
7.486,21.369,18.168,18.471,5.133,23.673
21.838,9.577,6.823,9.752,9.422,16.819
19.75,9.467,6.617,9.395,9.546,13.911
13.975,10.492,17.466,8.403,10.205,11.006
13.468,24.007,19.67,17.313,8.347,7.773
10.032,24.703,19.362,15.791,8.196,10.161
23.518,8.62,7.838,9.847,10.238,15.862
22.616,10.19,8.641,6.917,9.237,16.405
9.979,22.693,18.724,17.55,6.703,8.391
10.661,23.939,18.908,15.687,8.764,5.936
11.512,9.713,17.489,5.979,10.174,10.851
13.598,10.338,13.804,5.682,12.278,12.034
5.892,20.521,17.792,19.436,5.826,25.231
13.831,24.388,18.946,18.065,7.529,6.402
4.537,18.584,16.694,19.436,3.421,23.704
11.722,23.914,19.033,13.919,6.309,7.263
6.637,22.831,15.392,19.116,5.778,23.15
7.341,21.934,14.943,15.996,1.935,24.639
21.342,10.511,5.827,8.439,9.623,13.76
13.368,22.695,18.127,14.134,8.122,5.49
12.12,9.111,15.764,6.437,8.413,11.058
13.215,8.632,15.169,5.196,11.859,9.671
6.414,20.409,18.539,19.077,5.351,21.72
7.152,23.307,15.637,17.449,4.63,22.154
10.636,24.595,17.817,19.448,8.028,7.658
11.23,24.166,18.335,16.183,10.04,5.727
21.536,8.098,7.191,8.322,11.8,14.977
20.312,8.87,8.707,7.118,13.71,15.628
14.838,11.193,17.218,8.073,8.859,12.533
20.261,10.144,7.063,9.9,12.816,15.274
11.985,11.066,16.442,7.515,9.991,12.003
10.765,23.448,20.281,15.982,7.153,6.948
11.249,10.408,16.799,7.511,10.145,10.962
12.818,11.5,17.469,6.65,9.079,12.952
8.885,22.067,17.372,19.31,3.021,24.417
12.77,10.231,14.509,6.86,10.073,10.623
19.708,9.433,8.192,8.805,10.11,15.656
21.374,9.942,8.41,7.691,10.202,18.043
13.451,10.045,16.447,6.68,10.639,11.43
21.796,7.24,6.879,6.243,11.883,13.946
20.748,6.794,8.243,8.832,9.227,14.702
9.079,23.455,19.989,15.29,6.433,5.196
20.476,8.43,9.024,9.164,7.434,15.879
13.31,10.841,15.893,8.489,10.532,11.326
5.097,23.521,15.121,19.894,4.874,25.163
14.231,10.06,14.237,7.207,10.653,11.929
5.797,21.774,15.021,18.79,4.531,21.448
11.979,22.354,19.942,16.458,6.087,7.533
10.867,22.178,19.299,15.275,6.464,6.309
3.384,21.646,15.794,18.37,6.006,23.984
12.866,9.644,16.739,5.675,10.135,11.352
10.475,25.386,19.011,15.998,5.997,7.973
11.105,9.785,16.584,6.073,9.73,12.71
19.522,9.57,8.046,7.722,10.85,15.009
12.602,9.068,14.535,3.896,10.787,11.337
12.853,23.131,22.171,15.564,9.53,7.362
3.809,20.514,14.708,19.069,3.306,23.945
5.304,20.056,16.561,18.559,5.889,24.743
11.945,8.434,17.187,6.229,11.644,9.427
10.649,10.52,16.297,6.895,11.047,11.303
14.156,12.633,17.49,6.16,9.275,11.786
12.348,24.538,17.07,17.587,7.481,8.746
4.199,21.968,14.336,18.637,5.453,22.138
12.838,10.718,16.166,6.165,11.558,9.841
22.442,9.779,7.102,10.278,8.27,15.21
11.707,24.109,18.255,19.232,9.817,7.45
21.412,8.199,8.439,9.315,11.47,15.557
11.861,24.078,19.8,18.875,7.058,6.307
12.237,9.627,17.124,6.723,9.461,14.018
7.122,19.595,14.746,16.465,5.028,22.306
13.381,9.352,15.153,8.02,10.393,12.43
12.019,8.029,16.116,9.079,11.325,12.19
13.452,23.352,19.634,18.106,4.606,8.97
4.737,22.656,17.52,19.418,5.679,24.397
12.554,24.1,18.011,15.115,6.828,7.724
6.445,19.116,14.81,18.075,4.756,23.644
3.25,22.124,14.81,19.836,3.982,23.599
12.955,7.198,15.749,7.317,11.924,13.858
11.15,11.63,16.162,8.047,9.849,9.75
7.035,23.581,17.158,18.442,6.665,22.897
6.132,20.685,18.25,18.486,4.245,24.418
11.144,22.014,21.706,18.53,6.042,9.334
5.825,20.451,16.172,20.595,5.509,22.071
12.708,9.547,15.786,6.005,9.933,13.607
20.209,8.434,7.994,8.002,8.886,15.882
13.505,22.281,18.822,15.746,6.035,7.042
4.662,21.988,17.636,20.385,1.694,22.713
14.84,8.619,15.607,7.232,8.249,10.596
20.64,6.378,8.19,7.339,10.816,13.785
5.651,22.687,15.874,18.129,8.114,25.009
21.521,8.854,7.974,7.005,9.269,15.611
13.667,22.132,20.137,16.032,7.377,8.246
6.188,22.387,16.981,17.155,5.169,22.124
21.331,6.243,9.509,9.259,7.879,13.756
12.861,8.479,16.23,8.272,9.147,10.177
11.7,25.263,17.828,14.119,8.178,7.852
12.592,10.591,15.336,4.214,9.679,11.692
20.941,6.97,8.753,7.69,7.064,15.745
3.923,23.893,16.684,17.778,3.576,22.687
19.3,7.58,7.69,6.985,9.91,16.979
20.576,7.52,4.272,6.969,11.241,13.137
4.432,20.918,16.966,17.563,4.541,21.792
20.46,9.526,10.451,8.36,12.105,15.833
12.645,23.802,20.03,17.051,8.696,6.794
22.152,7.656,7.282,7.15,9.626,15.297
20.525,9.982,6.877,5.035,10.244,16.788
5.075,20.117,13.517,17.351,6.893,23.343
20.007,9.774,8.541,10.646,9.943,14.469
12.711,22.593,17.928,15.555,8.779,7.452
12.507,9.355,18.701,6.13,9.67,11.196
7.317,22.077,16.678,19.685,4.047,24.859
4.86,19.547,15.956,18.146,5.042,22.006
5.485,21.148,17.804,19.35,2.775,25.229
5.584,20.847,15.352,16.794,6.549,23.446
13.597,24.2,20.063,15.664,5.519,9.224
22.644,10.268,7.781,7.158,9.786,15.309
12.542,11.442,17.531,8.693,9.033,13.187
5.509,23.206,16.437,18.581,5.122,24.265
12.148,11.011,15.369,8.101,9.135,11.553
12.198,9.706,15.894,6.548,10.45,11.973
13.95,11.787,17.31,9.089,10.585,12.082
11.852,23.148,21.716,14.56,8.983,8.224
7.747,22.0,15.719,18.25,7.751,23.876
13.204,24.441,18.997,15.854,8.573,8.245
12.873,23.224,18.96,15.659,6.296,6.773
3.621,21.063,16.793,17.838,4.752,24.602
6.917,22.654,16.372,20.519,5.775,23.188
19.985,7.238,8.293,7.852,7.666,17.206
11.017,24.356,17.646,17.357,7.643,8.1
11.767,22.726,18.749,17.147,8.97,8.12
9.811,23.078,17.458,18.054,3.977,23.378
10.784,23.686,19.815,17.383,6.282,7.957
11.888,23.846,18.539,15.236,9.46,10.33
18.32,6.157,5.381,9.613,11.345,13.373
21.032,10.104,8.947,6.704,9.666,13.6
21.223,8.216,8.417,7.22,7.596,15.497
22.325,9.917,7.732,8.846,11.723,14.253
13.005,8.935,17.593,8.104,9.314,8.863
5.688,21.928,16.678,17.327,5.537,24.574
20.865,9.681,9.771,8.102,10.949,16.042
10.861,22.585,18.754,15.723,5.061,8.333
12.407,12.439,17.038,9.059,10.112,8.026
22.58,8.644,8.476,8.068,11.471,15.427
11.437,22.914,18.182,15.414,6.808,5.797
12.654,11.707,15.225,6.235,11.439,11.23
10.942,23.824,19.448,17.747,7.262,7.923
13.853,9.957,17.836,7.031,10.994,11.51
20.96,10.731,8.222,9.32,11.888,15.483
14.486,9.523,16.368,5.061,9.941,9.901
12.046,11.073,18.143,6.488,10.588,11.397
21.394,8.297,6.658,9.306,9.982,15.443
6.501,22.993,15.851,19.077,5.319,24.108
12.954,26.12,18.935,16.895,7.538,6.58
21.654,8.725,7.52,10.064,9.015,14.215
11.277,23.463,21.001,14.959,8.608,9.115
4.422,20.679,18.174,20.2,4.875,23.095
10.529,22.964,18.224,16.065,7.504,8.071
11.398,23.059,19.503,15.337,8.535,8.86
12.579,9.429,16.111,7.968,8.093,10.744
6.466,21.66,17.939,19.847,6.45,25.467
6.169,23.319,17.871,19.09,4.558,24.331
12.226,20.365,20.22,15.696,5.838,8.565
12.287,23.529,19.96,16.731,6.887,8.722
23.602,9.231,8.831,7.793,8.457,13.798
21.188,9.309,10.809,8.147,11.626,15.968
19.133,6.783,8.502,7.233,9.603,13.516
13.426,23.36,19.341,17.492,9.309,5.094
13.392,10.401,17.348,8.602,8.969,14.31
12.071,24.569,21.264,15.145,8.73,7.332
23.638,6.984,7.104,8.819,10.696,16.783
10.853,8.983,16.535,7.37,9.327,8.341
19.449,8.676,6.393,9.388,11.878,14.466
23.391,9.629,8.822,6.984,11.831,15.791
12.965,25.269,17.475,15.578,7.405,7.772
20.751,6.886,7.333,8.514,9.959,14.573
4.875,20.986,16.012,17.731,5.714,24.035
21.682,8.777,8.151,7.99,10.561,13.343
13.175,21.914,19.458,16.272,7.036,8.498
7.154,22.672,15.133,17.987,4.98,22.955
13.0,10.035,18.169,4.873,12.096,12.491
6.518,21.756,16.702,18.875,2.964,23.527
9.599,23.292,19.724,16.437,7.301,5.877
11.661,12.82,15.54,8.249,10.874,10.677
11.55,10.139,18.375,6.012,12.207,11.255
20.611,7.646,6.73,6.317,11.762,13.949
11.338,23.574,19.792,14.961,7.749,9.017
10.579,11.036,15.275,5.565,8.986,9.713
23.222,9.241,7.701,7.865,9.545,14.153
22.409,8.506,7.27,7.385,10.388,16.015
14.101,8.485,15.305,8.634,9.688,13.294
12.547,9.145,18.507,6.362,9.159,13.02
12.854,24.061,19.459,12.648,7.796,5.449
5.999,22.418,16.745,17.174,3.833,23.995
7.821,22.622,18.858,16.966,7.114,7.853
5.191,23.144,15.653,17.888,5.305,25.596
13.069,22.133,18.495,16.589,9.831,11.168
19.416,8.709,7.312,7.552,9.203,14.75
12.463,23.088,18.695,17.608,8.427,8.412
7.313,22.981,17.682,18.709,5.68,23.97
13.407,9.01,15.283,7.737,10.856,12.256
14.675,9.221,16.862,7.72,8.498,9.869
21.955,9.371,6.399,9.8,11.969,13.271
12.25,10.293,15.548,7.955,9.607,13.608
5.996,21.362,17.455,18.341,3.694,21.871
4.458,22.601,18.39,19.408,4.282,22.582
13.039,24.05,20.898,16.788,5.976,9.072
3.496,22.138,16.135,18.429,6.172,23.166
20.808,9.84,8.679,8.6,11.576,13.147
4.625,23.643,14.677,20.805,5.929,23.606
19.975,8.119,6.727,9.021,11.64,16.827
14.032,13.272,19.183,5.271,9.909,11.736
18.642,7.258,9.205,8.821,9.38,13.569
20.342,9.909,6.418,9.568,8.952,15.543
22.622,7.13,7.723,6.346,8.194,17.446
21.379,8.982,7.262,7.868,9.343,13.763
12.724,10.096,16.168,7.753,10.036,10.915
11.31,11.623,17.635,6.53,11.636,9.913
14.11,9.478,18.016,5.628,9.581,10.329
22.047,7.652,6.343,7.887,8.612,13.973
6.351,21.461,15.394,18.209,4.704,21.399
6.512,21.506,20.024,15.865,6.371,23.241
12.192,8.686,16.701,7.158,10.44,12.706
11.162,23.892,20.415,15.426,7.28,7.989
12.405,20.999,18.769,14.902,7.193,8.612
20.642,8.327,9.17,8.324,8.755,17.324
20.355,9.769,7.44,9.871,10.586,14.874
20.127,9.53,8.32,7.688,9.694,14.903
12.486,10.169,16.249,8.125,8.612,11.234
14.225,24.879,18.479,14.966,7.853,7.54
14.513,11.62,15.849,7.789,8.583,10.379
11.419,23.653,18.333,18.351,7.209,7.332
14.64,10.888,17.493,8.651,13.195,10.521
12.468,24.201,19.375,15.964,8.629,7.515
4.044,21.643,17.032,20.281,2.878,24.885
22.816,7.126,9.952,6.296,8.568,13.669
3.895,21.451,15.709,18.881,3.866,22.976
21.289,6.354,8.282,10.579,8.265,13.593
12.351,22.151,19.027,16.825,7.025,7.64
20.95,8.627,8.546,7.627,12.414,15.423
9.716,22.675,17.645,16.452,8.63,8.211
13.72,12.566,15.142,5.695,10.605,11.791
12.673,21.975,18.326,16.876,5.97,8.291
12.526,9.024,15.698,8.028,9.389,11.108
21.328,9.169,8.42,7.166,10.31,12.583
12.179,21.992,18.004,14.86,6.884,7.402
5.871,21.708,17.068,18.594,2.319,21.617
5.437,24.178,15.727,18.711,5.816,24.051
23.65,9.193,9.133,7.208,9.796,14.56
4.96,22.573,16.206,18.744,4.92,23.692
12.045,23.319,18.335,16.55,8.007,5.34
12.747,22.648,20.646,16.138,8.242,8.331
13.212,21.344,19.657,15.967,7.636,8.708
3.846,23.62,16.132,17.848,5.408,25.318
13.0,9.797,15.623,7.689,7.882,12.014
12.783,22.318,16.863,16.477,7.774,9.223
5.954,22.583,15.202,18.116,6.5,22.848
6.067,21.488,16.842,17.473,4.003,22.833
12.156,22.722,18.339,14.85,9.578,7.452
22.135,8.017,8.618,9.24,9.946,14.817
13.417,21.009,18.984,17.039,7.668,9.008
4.781,22.721,16.224,16.92,3.86,19.875
5.784,21.993,16.148,18.175,6.843,24.287
5.588,22.263,16.87,18.92,5.446,23.931
7.601,23.292,15.326,17.908,6.233,25.87
20.616,10.362,10.549,7.443,10.804,13.802
13.593,10.057,16.55,6.149,10.628,11.132
10.552,23.08,18.467,18.51,6.037,7.559
11.004,24.295,21.318,15.463,9.596,6.777
3.166,21.931,15.967,18.405,3.309,25.434
21.659,9.7,6.844,6.743,9.115,13.355
4.932,20.584,16.738,18.575,6.399,26.683
25.438,9.49,8.08,8.792,9.677,15.126
11.954,23.982,19.014,16.338,6.594,6.64
5.474,21.166,16.814,18.245,4.625,22.678
12.974,24.378,19.391,14.224,7.006,5.966
19.937,10.933,8.096,5.939,12.636,16.163
10.623,23.95,21.543,15.832,6.985,6.763
5.189,22.757,16.93,19.624,3.756,22.748
12.302,22.654,17.969,16.582,7.73,6.828
20.594,8.978,6.946,8.42,13.354,12.175
13.34,11.377,15.98,7.654,10.405,12.14
23.782,9.215,7.456,7.565,12.692,15.179
4.06,21.56,18.221,17.974,3.243,23.532
7.193,22.339,16.52,20.159,5.681,20.962
11.655,22.669,17.253,15.26,7.674,7.826
21.25,8.429,8.354,8.704,8.966,13.681
21.893,8.425,7.325,8.648,9.215,15.853
21.986,7.754,6.538,5.953,9.614,14.37
4.992,21.962,16.369,17.912,5.081,24.642
10.606,24.57,18.174,14.049,6.927,7.913
20.859,9.818,7.087,6.597,10.245,14.964
20.587,8.222,8.274,6.208,9.026,16.17
20.01,8.501,5.682,8.51,9.921,14.502
15.319,9.876,15.672,7.054,11.522,11.591
4.268,21.399,16.042,19.02,5.486,23.052
23.438,8.235,8.446,8.148,12.217,13.14
5.4,20.181,15.568,15.471,6.399,23.287
15.025,11.62,16.623,5.637,11.052,12.943
14.604,9.048,15.476,4.139,11.492,11.248
13.269,12.327,18.369,7.895,9.335,9.782
11.896,24.561,22.126,17.007,7.496,8.303
5.194,20.18,14.72,20.334,4.933,23.875
23.982,7.914,8.893,10.368,11.467,15.122
11.702,22.63,19.54,16.526,8.365,6.175
4.607,20.687,14.153,18.88,5.042,24.647
11.485,24.917,19.167,15.059,9.654,8.625
5.045,21.376,17.722,17.648,5.658,25.528
7.161,22.464,17.12,16.563,4.013,23.313
19.391,7.841,7.616,8.398,10.357,14.373
19.932,9.149,8.166,7.833,10.394,14.064
4.54,20.589,16.556,18.224,2.605,22.483
21.385,8.347,8.295,5.894,10.849,16.595
7.048,21.46,15.096,16.571,3.801,23.222
11.311,23.643,17.799,15.141,7.849,7.377
11.888,20.906,20.686,15.674,7.503,7.064
4.872,24.762,16.953,20.879,6.519,22.947
12.411,11.004,14.414,6.834,9.694,9.966
6.133,20.317,16.769,18.519,4.363,25.121
22.843,6.661,9.57,6.789,10.753,15.306
23.596,8.927,7.278,7.063,9.974,14.126
4.036,20.634,16.2,17.813,5.795,24.058
12.665,10.303,15.953,8.281,11.922,12.338
13.313,9.151,14.844,5.811,9.773,12.139
6.339,21.533,17.337,18.901,3.776,25.003
11.813,23.049,17.257,15.784,7.025,6.473
11.826,22.146,16.249,16.806,7.645,6.694
12.244,10.026,17.111,9.269,8.514,11.281
7.377,21.741,15.96,18.557,4.614,21.726
13.411,11.365,15.848,6.215,12.589,13.783
13.938,8.859,14.398,7.589,9.698,11.412
11.677,23.195,20.029,16.69,6.013,7.046
12.408,22.276,19.847,15.524,7.696,7.072
14.823,11.572,14.709,9.008,8.699,11.836
4.541,23.111,16.228,20.402,5.131,23.834
6.684,19.993,17.977,18.107,3.793,25.009
12.419,23.572,19.592,16.146,7.395,8.523
5.988,23.651,17.546,21.286,3.94,25.726
5.387,22.257,16.804,20.938,4.174,24.176
9.114,12.384,16.33,7.325,12.678,10.754
13.076,11.804,18.947,5.774,10.298,12.742
5.335,20.057,16.106,19.116,5.643,25.588
7.048,22.318,15.188,19.366,5.357,23.06
15.108,10.225,15.933,7.174,7.729,10.558
20.971,8.394,7.168,8.992,8.896,14.531
12.183,21.549,19.686,17.904,7.227,9.068
21.764,7.951,6.311,8.691,8.944,15.643
13.923,11.47,16.789,4.581,8.982,12.15
14.276,21.604,18.338,16.137,7.964,8.957
11.968,23.844,18.102,15.828,6.943,8.662
20.454,10.349,7.066,8.479,11.476,14.554
12.08,24.899,17.027,16.511,7.748,8.374
13.931,11.481,16.342,7.173,9.747,12.839
12.521,10.672,16.537,7.202,10.578,11.03
4.529,19.893,18.112,20.656,3.044,25.264
5.258,20.327,17.199,17.8,2.93,23.067
11.886,25.344,21.834,16.926,6.245,6.777
22.442,8.941,8.351,6.707,11.336,13.689
5.022,22.931,16.549,18.894,2.979,24.222
13.677,24.125,18.127,16.186,7.345,7.532
19.608,9.174,7.483,7.736,10.575,13.836
11.986,9.979,15.963,5.987,12.325,12.193
5.176,20.793,16.445,18.72,5.695,24.672
11.751,10.388,17.208,7.29,11.298,12.341
4.631,21.758,15.896,18.672,4.224,22.902
12.574,11.894,15.521,3.627,9.179,12.168
15.029,11.152,17.74,7.44,11.359,12.115
12.082,24.619,19.225,17.374,7.079,9.01
13.702,22.596,20.319,16.104,7.242,7.962
4.071,21.434,17.738,19.568,6.187,23.005
20.233,7.505,6.754,7.135,9.216,13.735
18.806,7.408,7.543,6.778,10.409,14.399
6.03,20.947,15.659,18.969,5.241,24.432
21.683,8.95,8.949,9.689,8.46,14.132
21.838,9.501,7.062,8.017,10.349,15.014
6.516,21.378,16.477,17.579,3.641,25.513
12.894,10.052,15.971,7.231,10.074,8.758
9.928,10.621,16.72,5.462,10.682,12.165
11.962,7.83,15.616,6.908,12.081,12.585
12.58,11.512,13.01,8.213,10.59,11.534
11.96,10.969,18.07,6.581,10.007,11.872
4.978,21.651,16.619,18.143,3.321,23.649
11.203,23.646,19.309,16.008,6.496,6.607
13.343,10.281,16.963,7.893,10.626,11.9
5.526,23.124,15.348,20.549,3.183,24.652
13.381,8.46,16.838,5.418,8.479,10.004
17.865,9.278,8.27,9.217,9.05,14.204
11.835,8.983,18.168,5.022,9.29,12.388
4.319,21.511,15.54,16.626,4.509,23.842
21.023,9.127,7.844,8.14,9.336,14.628
6.206,24.58,15.12,18.682,6.06,22.191
4.278,23.22,18.986,16.454,3.426,24.642
21.902,7.161,8.407,8.216,11.843,14.848
20.242,8.111,6.846,7.945,10.242,12.705
5.478,22.047,15.682,18.501,1.965,24.729
5.573,20.914,15.437,19.221,5.273,24.376
6.259,21.562,15.85,18.824,5.713,23.72
6.222,20.152,14.978,17.999,4.362,24.926
11.714,26.18,18.136,15.856,6.962,7.344
5.922,22.343,15.645,17.371,7.879,23.603
6.605,20.929,15.366,19.496,5.171,22.291
13.235,11.468,17.687,8.286,10.905,13.266
21.532,7.067,7.325,7.434,11.938,14.21
21.156,10.132,8.315,6.462,9.746,15.703
9.922,24.809,19.003,15.702,7.637,8.316
5.412,21.185,14.793,18.117,4.23,24.095
10.891,21.164,17.003,16.347,7.748,6.351
11.926,9.724,16.936,4.566,11.298,11.899
12.714,9.252,14.631,7.541,10.023,11.122
4.685,20.704,16.95,17.229,2.979,25.785
12.005,24.49,17.602,17.816,5.564,9.977
11.063,19.948,18.701,15.944,7.137,8.07
13.853,8.359,18.257,9.697,9.27,10.907
11.55,22.158,16.915,15.407,7.203,8.235
12.494,11.074,17.739,7.183,10.597,11.946
12.614,21.916,20.641,16.583,8.576,5.378
10.255,23.431,17.659,14.876,6.928,6.849
11.744,9.453,16.462,7.212,10.833,11.831
21.032,7.406,8.74,5.313,11.366,15.726
12.493,22.485,17.111,16.115,6.901,7.572
12.893,11.117,15.888,7.152,9.831,12.195
12.557,24.296,18.839,17.224,6.723,6.929
21.214,5.267,6.618,8.623,9.629,14.114
6.222,22.746,16.567,16.539,2.551,26.214
1.766,22.408,14.691,19.302,5.446,23.062
18.504,7.726,7.897,9.544,9.747,15.325
13.283,8.297,16.495,6.934,7.677,12.06
21.808,7.998,7.483,6.866,11.323,12.457
11.801,23.809,19.898,14.156,8.294,7.155
5.631,20.659,13.762,19.675,2.925,23.843
13.251,9.631,15.163,6.503,12.12,10.751
11.845,24.158,20.261,17.119,7.764,6.238
17.642,6.924,7.576,6.717,9.403,16.48
21.088,8.374,7.1,8.059,11.428,16.145
21.673,7.761,8.037,8.09,10.555,14.831
22.617,8.509,8.119,8.321,12.913,13.324
11.462,22.08,19.057,15.342,7.967,7.64
12.659,10.359,15.422,7.26,8.061,11.191
12.09,22.203,18.495,16.042,9.363,4.939
12.042,22.245,17.097,16.599,8.761,8.006
11.217,25.943,18.477,17.377,6.985,7.749
20.059,8.041,7.484,7.204,7.861,15.042
21.053,7.594,6.233,6.546,11.811,14.64
13.524,11.131,13.551,9.239,11.051,9.85
12.137,11.6,18.612,7.895,9.803,9.907
5.544,18.426,17.107,19.997,4.669,25.194
4.676,22.802,16.069,17.207,4.442,23.221
21.897,8.271,7.851,7.308,11.259,15.519
20.597,9.962,8.989,10.518,8.517,15.653
19.442,8.153,8.286,8.731,10.72,14.199
21.609,8.531,6.976,9.229,11.912,12.834
11.651,24.026,18.108,17.316,9.416,8.721
21.826,7.035,8.421,9.631,10.118,15.188
22.538,8.662,8.988,8.204,10.958,13.178
22.261,10.393,6.406,8.181,9.839,15.922
4.06,21.038,16.493,19.303,5.936,22.459
8.412,20.576,18.054,18.394,3.745,24.032
14.488,10.016,14.593,6.151,10.602,11.296
3.725,21.308,16.195,15.825,3.871,24.071
20.209,8.226,6.93,8.282,12.695,16.632
3.16,22.707,18.083,20.952,3.473,23.855
22.52,9.87,7.07,9.425,8.411,15.363
11.188,22.22,16.849,15.455,8.004,6.592
11.963,11.377,16.438,8.525,9.291,11.65
5.703,20.66,16.485,18.62,3.311,24.485
12.913,23.174,20.184,18.135,8.462,8.077
11.083,24.019,16.955,17.478,6.383,6.254
5.972,22.584,14.947,19.265,3.024,21.338
6.746,22.004,15.472,20.169,5.385,24.936
15.382,10.042,15.946,7.258,10.52,10.212
10.396,22.256,19.673,15.151,7.992,5.795
14.551,9.855,15.862,6.128,9.949,10.761
11.627,21.61,18.326,16.882,8.992,6.107
12.628,22.038,20.609,18.868,8.062,4.935
12.797,23.909,20.584,16.832,7.975,9.305
10.451,22.342,20.385,16.113,4.773,5.756
21.433,11.018,7.571,6.055,10.403,13.027
15.421,8.62,13.234,7.637,11.842,11.866
10.651,23.082,19.688,16.477,6.732,7.705
22.361,10.17,6.42,5.684,9.908,15.433
4.848,22.169,14.833,17.679,5.638,21.608
7.219,21.165,15.671,19.314,3.905,24.044
12.057,23.4,18.484,13.998,8.001,9.803
20.701,7.353,9.707,9.157,9.424,15.554
12.92,22.574,19.403,16.49,7.982,6.213
2.525,21.179,13.515,18.764,5.642,22.093
12.076,24.449,17.254,14.176,5.606,8.951
12.417,28.042,16.455,18.359,7.091,7.781
9.97,9.316,17.237,6.854,11.133,12.894
11.307,23.17,18.573,15.192,6.371,8.669
13.777,8.114,16.519,6.324,8.346,10.117
11.074,10.158,15.021,7.603,12.256,7.773
7.356,22.24,15.409,17.285,5.096,23.767
22.631,7.423,10.867,7.686,9.57,14.554
4.712,22.445,17.192,18.483,2.537,25.772
12.369,11.433,14.751,6.023,9.082,9.641
12.902,10.71,16.293,8.034,9.689,13.295
12.163,7.926,19.335,7.746,11.249,11.0
12.656,22.655,19.715,17.456,8.183,5.552
11.688,11.674,18.901,8.195,11.867,8.358
12.469,11.102,15.377,7.122,10.707,10.833
10.644,9.491,17.39,6.979,11.964,12.451
11.277,11.539,17.755,6.366,6.274,11.74
4.484,22.018,16.658,17.662,2.054,25.487
12.861,8.467,16.099,5.29,10.258,11.277
10.929,21.839,18.383,15.573,4.583,8.276
11.752,22.821,18.272,16.685,5.616,8.337
6.281,21.134,16.254,17.864,4.475,22.553
11.578,9.119,13.985,9.477,8.117,11.852
13.549,23.347,18.24,15.93,8.407,6.735
20.164,6.83,7.659,8.267,9.103,13.757
15.191,9.898,18.619,5.475,9.746,10.426
6.174,18.877,16.527,17.418,4.957,24.128
6.288,18.068,17.926,18.635,2.846,23.835
5.691,21.122,15.85,18.235,3.249,23.667
19.517,9.979,8.964,7.976,10.926,15.784
13.016,21.824,19.177,17.415,7.451,10.878
20.545,8.843,6.838,9.032,10.393,12.88
4.721,24.208,18.337,19.355,4.316,25.155
4.86,22.732,14.945,19.77,4.415,25.735
13.24,22.153,18.399,16.844,8.376,7.134
4.732,19.34,18.151,18.182,4.202,23.651
14.133,9.237,16.875,5.987,10.199,13.176
12.575,23.758,18.162,16.048,7.343,8.095
14.657,11.493,16.231,8.109,8.619,11.866
12.617,21.271,22.209,16.213,6.383,5.747
13.875,10.933,15.893,6.513,8.974,11.185
12.85,7.866,16.884,6.189,11.252,12.889
12.448,23.44,17.934,16.297,5.598,8.816
4.193,21.007,16.266,19.304,2.827,23.038
5.47,22.123,17.373,19.735,2.796,23.644
13.861,21.233,19.478,16.86,6.482,7.945
10.454,26.269,17.271,17.428,7.954,6.027
21.555,9.57,5.983,7.496,11.379,14.635
11.67,25.249,19.764,16.655,6.956,6.736
12.93,24.263,18.992,15.212,6.653,6.776
5.688,22.69,16.229,17.214,4.597,24.432
4.84,20.331,16.233,18.696,6.006,22.312
22.058,7.97,7.211,7.273,9.526,16.164
12.623,24.761,16.822,16.673,6.831,7.338
14.068,25.182,18.369,14.946,7.605,5.314
19.45,8.432,7.71,7.413,12.864,15.535
12.156,22.894,18.735,13.304,7.17,8.599
2.616,21.422,18.162,19.354,5.001,22.833
12.648,26.708,18.831,16.761,6.551,7.653
9.604,23.115,20.107,15.851,5.667,7.238
9.585,24.271,18.141,15.907,6.499,7.124
4.904,21.274,16.547,18.203,2.431,23.018
11.515,23.333,20.24,17.815,7.303,6.97
5.399,23.672,15.914,17.693,5.706,22.86
11.803,22.691,18.543,15.84,6.26,5.087
11.051,21.851,19.47,14.542,8.161,8.19
20.478,9.908,9.391,7.777,10.62,13.854
11.573,23.371,18.388,16.071,9.046,7.547
14.32,9.542,16.084,6.48,8.778,11.804
4.786,20.031,15.18,19.744,3.928,23.184
12.254,12.281,14.644,6.579,9.961,11.648
12.986,9.975,16.969,4.698,10.773,11.678
11.595,21.489,16.93,15.568,8.063,6.652
12.204,24.33,16.563,16.738,8.91,5.984
12.282,23.647,20.497,13.377,4.572,6.841
21.444,9.083,7.9,9.145,12.19,15.235
12.156,10.731,15.273,5.615,10.182,11.77
21.572,7.897,8.653,9.162,11.2,14.935
12.813,10.661,17.696,7.139,11.119,12.088
11.912,22.802,18.321,14.998,6.919,4.892
9.435,22.736,18.591,15.914,8.179,9.819
7.951,21.005,16.115,17.142,5.866,22.776
19.3,8.811,7.254,7.771,8.655,16.06
11.258,23.553,20.767,17.016,8.047,6.919
21.465,9.87,10.196,8.961,11.387,17.123
23.263,7.765,6.381,8.963,13.538,16.139
11.037,26.719,17.373,16.313,7.652,9.05
11.766,21.417,19.461,15.596,8.494,7.437
21.507,10.414,8.416,9.158,9.77,16.129
20.834,7.446,9.078,6.926,11.724,13.658
20.416,7.503,9.318,7.841,9.767,13.512
5.615,23.631,19.656,19.033,5.37,24.585
5.516,22.945,17.253,20.783,4.912,22.885
11.266,22.423,19.225,13.953,6.095,9.283
23.118,7.472,7.05,7.924,9.809,14.26
13.458,10.257,16.061,8.2,10.256,11.731
21.881,9.691,4.458,7.463,8.172,15.098
6.903,21.46,15.177,18.113,3.566,23.035
11.826,12.251,17.631,5.32,8.422,11.789
13.187,11.014,17.472,6.859,9.997,11.939
4.74,21.437,15.29,18.025,3.087,23.721
20.9,10.384,8.721,7.208,8.382,14.861
13.68,10.459,15.533,7.731,11.143,12.075
12.405,24.698,20.852,15.071,6.463,5.927
13.724,8.603,18.233,8.608,8.503,12.205
5.212,20.675,18.26,20.634,2.301,24.367
15.402,10.119,16.6,7.004,10.402,11.3
12.376,9.474,16.548,7.521,10.682,12.144
14.1,11.489,16.401,4.401,10.283,10.846
19.922,8.909,6.375,7.115,10.192,16.184
21.212,7.913,9.193,8.94,8.272,14.535
12.047,24.709,17.737,16.363,7.951,8.268
21.596,8.115,8.481,7.035,10.047,13.869
20.884,6.621,6.114,8.509,8.87,17.043
12.985,10.288,16.492,5.238,10.809,11.496
11.346,22.416,22.059,16.792,8.172,8.801
20.741,9.972,9.299,8.764,10.48,14.383
21.323,9.779,7.922,6.06,10.291,15.875
21.678,9.824,7.843,6.298,11.204,15.002
12.705,9.846,17.76,7.055,11.142,8.67
11.014,8.012,17.334,5.99,8.718,11.709
21.684,7.96,10.379,10.136,7.637,15.521
12.568,9.895,15.727,6.601,10.789,12.518
11.719,8.625,14.603,7.787,9.962,12.635
22.206,7.928,7.975,7.945,7.82,13.35
4.773,20.051,18.385,19.585,5.832,24.155
12.117,22.051,19.67,15.553,7.047,7.721
18.976,8.003,10.14,9.524,11.161,14.625
5.499,21.073,16.043,18.36,2.993,22.95
5.82,22.026,14.93,16.466,4.021,24.189
20.037,10.687,9.432,8.127,8.828,17.228
10.323,24.835,19.833,16.935,8.295,10.309
21.045,8.405,8.711,7.825,10.34,15.367
6.299,20.718,16.304,17.098,6.919,22.625
19.22,10.09,5.84,5.858,10.923,13.327
20.887,8.106,8.861,8.356,11.949,16.151
14.062,10.362,14.605,6.146,8.166,11.428
10.422,21.228,18.488,16.479,7.32,6.937
9.591,22.215,17.16,15.509,7.336,5.696
5.845,21.328,15.277,19.31,3.561,26.275
23.145,10.494,8.055,9.438,9.924,13.098
4.657,22.487,16.277,17.174,5.307,22.69
21.165,7.132,8.032,8.274,11.921,14.575
21.11,8.385,7.687,8.897,10.126,14.613
21.448,7.44,7.911,7.766,9.271,12.984
9.214,22.745,21.112,16.817,7.636,9.818
6.387,21.843,17.987,17.268,6.339,25.119
10.566,11.037,16.554,5.47,9.802,11.52
4.591,20.991,15.912,17.327,3.848,23.701
12.988,9.018,17.837,6.332,10.037,12.929
13.491,9.744,17.026,7.593,11.469,11.726
13.693,9.647,15.864,8.695,11.168,10.685
6.459,21.359,16.906,19.8,3.946,24.005
4.495,23.048,18.24,18.532,3.912,24.33
14.11,8.634,15.91,7.901,10.857,12.363
13.807,25.158,19.839,18.427,5.448,6.807
15.444,10.201,17.039,8.125,9.249,12.324
13.03,12.327,17.306,6.971,10.847,9.568
14.142,10.786,15.646,5.355,10.782,10.23
13.588,7.021,15.938,7.672,10.447,9.237
21.084,8.824,8.474,7.457,11.036,15.351
21.716,8.852,8.494,7.853,9.878,15.375
12.829,8.129,15.691,9.437,10.84,9.126
12.287,20.913,17.916,16.254,8.021,8.357
6.298,20.096,18.106,16.773,5.828,21.894
12.917,23.533,19.767,16.244,7.717,8.834
7.175,20.279,17.063,17.807,6.861,23.79
21.371,8.834,8.095,7.285,9.5,14.615
7.229,22.976,17.121,18.966,6.591,22.748
3.877,22.316,16.657,18.872,5.479,24.262
6.2,21.241,18.985,19.157,4.758,24.698
10.167,24.041,15.711,15.533,6.85,8.196
5.48,21.382,14.831,18.424,1.576,23.519
6.05,22.728,16.522,17.038,3.652,22.84
20.957,6.813,7.684,9.389,8.14,14.698
13.004,23.382,17.71,18.061,6.69,9.278
21.623,8.641,7.142,6.645,10.085,13.892
20.194,8.708,8.446,8.619,9.267,16.769
15.932,12.089,16.984,7.724,10.881,11.002
5.045,24.074,17.664,18.251,5.781,22.236
13.367,20.564,20.44,15.636,7.343,6.803
21.908,8.653,8.758,8.221,11.932,16.594
3.349,20.684,13.829,19.772,5.235,23.412
14.378,22.767,19.146,17.676,6.706,6.226
5.61,22.869,14.386,17.003,5.297,24.597
11.916,22.874,18.199,18.254,6.5,8.318
14.284,23.52,19.94,16.055,7.793,9.437
15.41,11.343,17.769,5.38,11.108,11.93
11.285,24.309,17.008,14.833,8.753,6.03
3.691,21.615,15.422,18.892,4.536,22.986
5.234,22.224,13.844,20.989,6.32,24.491
10.356,23.398,19.092,16.512,8.54,8.659
6.215,21.921,15.82,18.954,3.614,23.594
4.621,23.612,15.599,18.95,5.969,24.298
4.348,19.974,14.756,19.199,4.895,24.653
13.425,9.47,15.938,7.088,9.76,13.373
19.698,8.38,8.164,7.014,11.292,15.888
7.251,19.559,17.37,17.161,5.755,23.144
12.433,24.935,18.857,16.657,6.911,7.654
5.161,21.765,15.685,20.026,4.905,22.659
12.948,8.531,17.709,7.815,10.677,10.879
3.861,22.084,15.604,18.751,5.745,22.574
12.269,7.621,15.064,7.089,11.31,11.215
12.8,11.822,16.187,7.667,10.924,12.729
4.744,21.31,18.72,17.01,5.088,22.661
4.602,21.98,16.522,18.679,4.467,25.661
5.63,20.741,14.06,19.959,6.33,23.292
13.043,8.782,16.324,7.339,11.469,12.943
18.965,9.358,8.959,6.365,11.72,14.575
20.341,9.39,7.946,7.183,10.586,13.976
14.214,10.128,16.181,7.33,9.16,12.723
4.7,21.993,15.656,17.847,2.976,23.832
23.059,9.738,6.986,5.272,10.529,16.471
10.426,8.61,17.958,6.252,9.529,12.868
15.308,7.508,15.542,8.196,10.677,11.763
11.33,10.418,18.755,3.831,6.931,12.564
22.534,7.004,7.938,8.695,9.575,15.747
20.434,6.648,7.351,7.895,8.965,11.482
22.296,7.572,7.134,8.283,10.956,14.573
5.255,22.955,16.339,18.512,4.977,22.23
4.794,22.448,15.31,19.189,4.916,22.687
21.833,5.575,7.164,8.992,10.476,15.638
15.413,9.544,16.802,6.465,9.818,13.465
5.103,21.013,16.79,18.941,5.868,22.603
20.781,6.733,7.125,7.698,9.714,13.784
22.553,9.223,7.206,9.021,9.143,14.949
5.487,21.665,14.583,18.392,5.114,25.314
10.026,23.08,20.404,14.457,6.17,7.587
6.715,22.689,16.028,18.911,6.734,24.999
21.897,11.462,9.004,10.221,9.88,14.047
13.602,10.182,17.465,4.705,10.779,11.02
5.912,21.01,17.423,20.361,5.127,23.836
6.142,19.98,16.499,19.963,5.19,24.117
22.14,10.46,8.227,7.289,12.376,14.722
11.152,23.908,19.152,14.528,7.987,6.116
6.591,21.642,16.265,19.889,6.483,23.427
11.069,22.34,19.227,17.631,6.033,7.256
13.011,12.316,16.631,5.929,8.771,10.55
12.95,10.391,15.102,6.765,11.112,10.468
12.928,23.85,18.572,18.21,9.304,8.555
13.313,9.664,16.3,7.23,9.457,14.365
11.339,11.495,17.998,6.362,11.253,10.4
14.156,10.79,13.791,5.103,10.16,13.611
11.577,9.328,16.89,6.716,10.842,11.773
11.146,21.865,18.346,16.112,6.892,9.179
5.613,20.521,15.18,18.984,3.639,23.639
21.327,9.76,8.271,9.186,10.456,13.57
7.013,22.521,17.382,16.385,6.543,22.786
19.621,10.35,8.176,10.517,9.794,16.349
8.438,20.22,17.386,18.496,3.702,23.656
12.209,24.008,18.701,16.94,7.031,7.439
10.769,22.408,18.334,14.146,6.232,5.657
11.024,22.597,18.322,17.913,3.571,7.911
21.674,6.338,6.528,10.461,10.177,15.982
12.089,18.904,17.987,15.819,9.242,6.14
12.486,8.857,16.581,7.156,7.84,10.771
10.463,22.858,19.17,17.764,8.16,6.415
12.176,22.016,17.899,18.448,6.554,9.423
5.776,22.19,15.229,16.955,4.446,26.075
21.259,9.073,8.777,7.08,11.01,14.947
8.357,22.635,15.793,18.578,5.49,23.533
5.837,22.652,16.998,18.009,3.228,24.419
23.747,8.84,9.631,7.478,11.682,14.155
15.393,9.679,16.041,6.127,7.878,12.419
22.1,10.175,8.676,7.63,10.627,17.606
5.244,21.443,14.854,18.415,6.963,24.896
20.632,8.289,9.8,8.082,9.305,15.878
5.348,21.808,17.416,19.593,1.499,23.387
11.064,24.277,20.189,14.764,8.745,8.69
12.337,9.847,16.642,6.334,10.545,13.836
13.307,9.136,16.136,6.752,10.832,10.508
6.263,20.422,16.51,17.638,3.263,22.681
22.692,6.631,9.592,6.931,10.331,14.457
6.71,21.619,17.109,16.933,3.792,22.989
14.534,24.397,19.644,14.758,5.89,7.787
21.672,7.713,6.486,9.405,11.652,14.092
21.635,9.85,8.256,10.275,9.536,14.929
4.982,21.282,15.726,17.927,1.791,23.597
18.356,8.515,7.161,8.371,10.083,13.593
12.919,11.946,17.539,7.232,8.409,9.995
13.316,23.818,18.674,15.217,8.394,5.188
19.611,7.208,8.121,6.867,9.673,14.283
20.067,7.925,8.592,6.032,10.519,15.319
4.547,21.894,15.379,20.314,3.385,20.893
20.998,10.237,9.048,7.632,11.567,14.383
21.037,7.023,7.717,6.552,10.979,14.295
22.089,8.202,7.062,8.078,12.173,14.86
13.519,10.371,17.156,8.925,9.883,11.775
10.258,23.158,20.272,13.66,9.278,8.783
21.552,7.843,7.372,8.071,9.877,12.671
14.278,10.431,17.074,6.457,10.867,10.926
5.695,19.513,13.942,18.595,4.937,25.228
7.294,22.322,17.293,19.631,4.53,23.816
21.984,9.75,7.331,8.64,10.39,15.033
13.064,24.734,18.681,16.237,5.599,8.053
19.402,10.02,5.704,8.158,10.004,12.991
22.895,8.293,7.839,8.696,11.375,15.915
10.815,22.86,20.97,16.202,7.218,6.306
11.882,23.738,22.78,17.902,8.278,6.34
19.848,9.378,7.178,9.19,11.58,14.745
6.809,20.354,15.354,16.157,5.657,22.742
7.263,22.314,17.596,18.916,5.718,22.666
13.142,23.245,19.059,15.955,8.364,8.376
11.26,23.624,19.525,17.138,8.85,7.926
11.571,8.124,16.437,5.308,8.758,12.925
4.659,19.857,17.505,16.841,4.665,22.579
6.581,20.368,17.198,19.864,0.758,23.533
6.545,22.212,17.174,16.81,4.901,23.346
6.258,22.303,16.013,19.872,4.821,25.037
14.17,8.043,16.28,4.312,11.596,10.464
5.031,19.879,16.516,17.478,2.834,22.776
21.382,7.065,6.856,6.468,7.938,15.277
10.509,24.069,19.668,15.918,7.828,5.935
5.803,20.931,16.762,18.639,2.978,22.559
10.394,23.892,21.095,15.992,4.582,8.24
10.7,22.347,17.529,16.819,7.647,7.254
11.779,23.121,19.226,15.846,7.279,8.427
5.732,20.182,14.001,20.736,3.261,24.347
11.579,22.901,18.739,17.937,4.782,9.276
17.121,10.054,9.057,5.781,11.516,16.081
5.349,21.692,16.962,18.16,5.347,23.612
4.808,23.098,16.556,17.785,5.302,24.88
6.899,21.702,16.354,17.514,5.538,22.508
22.027,8.404,9.044,9.013,10.657,13.911
12.086,22.469,18.25,16.566,6.076,7.856
10.621,26.019,19.528,16.105,9.135,9.646
5.913,20.727,17.141,16.88,4.081,22.117
6.197,20.161,16.472,17.363,3.061,24.207
14.044,9.071,16.141,8.869,9.726,12.084
4.802,22.986,16.908,18.539,3.884,23.601
6.428,21.45,16.072,18.179,1.814,23.082
6.825,21.545,15.789,18.664,4.794,24.006
13.714,11.011,16.078,6.586,12.831,13.234
3.736,20.343,18.949,16.104,5.251,22.812
12.058,22.149,18.949,17.23,7.21,8.868
20.293,8.334,8.777,8.559,9.302,14.747
11.449,22.5,18.874,14.601,7.345,9.232
11.303,10.032,16.506,3.188,8.939,14.093
15.045,9.962,15.705,6.316,9.813,13.079
21.539,7.04,7.802,9.509,9.864,13.834
5.184,23.449,18.038,19.499,5.372,25.7
5.956,21.565,16.131,18.2,3.316,22.889
21.577,8.037,7.157,7.496,10.137,13.765
10.074,22.751,18.857,16.581,8.578,8.068
19.821,7.192,9.008,10.751,9.344,14.529
5.745,21.073,16.671,18.873,3.636,24.188
18.876,10.415,9.439,6.92,9.347,13.017
10.984,21.544,17.841,15.388,8.062,8.819
2.465,21.593,16.359,19.346,7.141,23.258
20.357,8.694,6.185,6.125,9.883,15.802
13.981,24.025,15.966,17.749,8.744,7.005
9.93,9.603,15.867,6.115,11.423,10.991
13.426,12.039,16.041,9.735,10.811,11.997
5.591,22.479,16.356,16.274,3.942,22.572
19.556,8.508,6.921,6.159,9.938,12.737
22.117,9.439,9.815,6.884,11.26,14.185
19.055,6.296,8.393,7.711,9.965,12.961
21.185,11.057,7.133,8.771,9.45,15.196
12.902,23.836,18.884,14.247,6.465,7.661
13.17,7.729,14.534,9.272,12.018,10.958
9.547,21.502,18.934,16.641,8.018,7.074
5.517,21.439,16.514,19.187,5.53,25.027
21.688,7.413,8.29,6.961,10.394,14.713
19.914,9.592,9.115,6.322,11.239,15.129
11.829,10.593,17.312,6.38,9.643,11.727
19.764,8.093,7.935,9.05,10.786,15.457
23.447,8.442,7.984,8.452,9.096,16.397
22.655,10.745,6.523,7.844,10.276,13.955
20.513,8.17,7.18,6.989,10.826,15.392
13.526,10.823,16.763,6.366,8.744,12.151
11.94,11.116,17.786,8.089,11.802,11.874
13.24,11.914,17.804,4.06,11.052,11.624
21.249,9.391,6.974,11.221,10.154,14.654
21.299,7.301,7.508,6.722,11.793,12.921
19.656,8.577,6.847,7.051,8.348,14.971
3.684,22.038,14.233,17.345,4.122,24.33
10.766,10.931,17.294,8.083,13.166,10.085
11.082,23.055,16.988,15.818,8.632,6.876
13.901,12.299,18.909,5.248,9.973,11.944
4.748,23.836,15.963,19.723,1.731,22.304
20.961,8.942,7.739,6.321,10.658,15.082
1.811,21.301,15.775,19.432,4.186,25.033
19.709,9.727,8.294,9.419,11.708,14.621
21.689,8.547,8.256,9.529,10.929,13.929
4.915,20.687,15.758,20.196,4.564,22.12
11.589,23.033,20.356,15.7,8.129,7.018
10.492,19.518,19.291,16.639,5.408,6.262
11.137,24.524,19.589,15.367,7.495,5.814
22.344,9.429,7.138,8.137,9.549,12.9
15.829,10.231,16.454,7.118,9.049,11.387
4.894,21.519,15.535,16.636,8.002,22.078
11.258,10.75,18.804,7.9,11.548,12.763
14.174,22.375,19.131,15.775,5.717,10.066
19.94,7.911,8.499,9.729,11.291,16.292
12.431,23.316,19.635,15.709,6.455,7.604
15.239,7.044,17.594,6.933,10.843,11.692
5.679,20.772,17.664,19.071,2.601,23.083
11.876,23.012,19.777,15.784,8.608,6.077
5.756,23.217,13.94,18.252,6.701,24.862
4.825,21.676,14.783,17.314,4.907,23.121
15.114,9.775,17.497,7.4,9.833,10.111
12.622,8.477,14.216,5.34,9.196,11.648
10.955,21.82,18.695,15.919,10.348,7.955
13.145,10.061,17.352,7.744,8.918,9.804
12.064,9.832,17.312,7.257,12.01,11.065
4.662,20.287,14.713,17.229,5.116,23.774
20.682,7.068,6.941,6.955,11.297,12.794
19.757,10.793,7.607,9.555,8.23,15.689
11.873,22.214,15.394,17.909,8.301,8.061
13.255,8.652,15.276,8.613,12.092,11.601
6.994,19.003,15.939,18.038,2.235,23.157
19.705,9.344,8.146,8.331,10.442,14.805
3.011,21.813,17.749,16.768,5.308,22.981
20.379,7.325,9.34,8.175,10.44,15.186
12.104,22.969,17.776,16.668,8.844,6.865
14.906,10.202,17.652,6.97,11.266,10.716
12.385,23.987,19.614,15.983,7.286,7.829
19.861,10.442,7.535,6.621,9.736,14.894
19.909,7.019,4.73,8.995,12.116,15.478
11.952,8.531,16.516,8.527,10.774,10.064
12.26,23.112,21.153,16.881,6.274,7.734
4.288,20.59,15.656,19.462,5.973,24.325
6.127,18.816,17.751,19.573,5.869,21.421
5.226,22.477,15.712,17.517,6.773,22.343
7.558,21.921,16.415,17.389,5.251,24.515
2.425,22.884,15.602,19.738,3.814,23.86
12.742,23.258,17.908,15.185,5.664,6.824
6.365,19.024,15.823,19.567,4.202,22.853
11.412,21.642,18.3,16.172,8.911,10.079
22.038,8.893,7.975,6.417,8.349,14.05
20.015,9.054,8.928,7.956,10.119,16.03
10.377,25.662,18.044,17.086,8.708,6.77
5.647,22.259,17.307,21.184,4.876,24.597
21.575,6.68,8.812,8.474,12.387,14.548
6.418,21.293,16.49,17.742,3.074,21.854
3.834,21.039,15.872,18.137,6.251,24.639
11.567,25.009,20.803,18.176,7.098,8.913
11.87,24.266,18.506,18.171,6.491,8.224
14.256,10.264,15.146,6.622,11.594,11.972
12.596,10.236,14.446,5.897,10.087,11.407
12.577,23.006,19.217,15.3,8.281,7.342
21.386,7.418,8.557,8.415,9.442,13.385
10.238,21.413,18.2,17.167,7.2,6.878
21.226,8.468,8.9,7.449,11.07,14.22
3.783,22.003,17.15,17.78,7.034,23.735
10.283,24.133,19.762,16.75,6.243,7.735
13.56,10.481,18.538,6.822,9.713,10.673
13.057,10.835,15.599,5.98,12.007,9.476
11.629,25.382,20.351,16.105,8.295,6.964
21.002,9.465,8.016,9.191,7.955,15.877
11.113,23.684,18.878,16.401,6.776,6.824
12.813,10.427,17.871,7.221,11.755,12.066
12.632,10.855,16.261,5.165,11.992,9.903
13.076,23.428,16.834,15.928,7.992,7.036
20.632,7.876,8.158,8.954,9.807,14.964
3.671,21.325,15.936,17.118,2.944,24.305
19.808,9.101,7.247,6.729,12.461,13.651
13.275,10.161,15.968,6.618,9.802,13.007
5.483,22.476,15.467,18.433,3.915,23.965
13.036,24.733,17.757,14.822,6.108,9.037
11.496,23.095,18.87,16.244,8.309,7.498
13.88,10.471,15.52,8.668,10.473,12.427
20.993,7.2,8.173,6.979,11.515,14.199
4.319,21.412,16.727,17.282,3.154,24.304
15.107,12.493,17.03,6.854,10.501,12.202
3.806,20.869,17.791,19.07,4.943,22.936
6.847,23.268,16.246,17.348,4.63,26.224
13.477,10.691,19.575,8.542,10.815,9.079
12.408,23.39,18.964,15.497,8.275,7.941
14.82,10.954,18.843,6.271,11.416,12.232
6.279,21.896,15.667,19.232,4.753,23.177
20.513,12.071,7.397,9.005,10.118,15.935
21.301,9.07,6.569,11.07,11.035,15.565
12.083,9.15,15.916,6.787,11.645,11.257
22.333,9.408,7.22,8.263,10.763,14.641
5.96,21.856,16.059,18.409,4.063,24.09
22.773,8.231,7.378,8.618,9.192,15.502
12.176,23.033,20.54,15.24,8.189,7.1
4.686,21.356,15.374,19.435,3.11,23.833
11.164,9.661,17.495,6.285,8.972,11.581
14.156,10.814,16.892,6.509,12.082,12.043
20.792,9.123,8.687,8.103,8.445,13.346
12.792,11.143,15.076,6.843,10.473,12.506
20.548,10.513,7.02,8.889,8.293,13.879
20.97,7.791,5.36,7.09,10.067,14.331
5.692,20.722,17.871,18.732,5.882,22.432
4.409,20.784,16.862,19.604,4.144,24.367
6.427,22.188,12.335,20.018,3.496,23.105
13.202,9.521,15.531,6.337,12.984,11.184
22.549,8.681,7.531,8.197,9.517,15.309
21.192,8.135,6.817,9.55,9.306,14.984
11.765,22.306,20.504,16.355,9.895,5.485
11.273,22.315,16.866,17.657,8.601,5.908
14.401,12.377,13.887,7.73,7.686,10.011
13.505,10.642,17.224,8.086,10.307,13.046
6.047,21.032,17.301,17.796,2.85,25.361
13.459,10.117,17.167,7.759,8.846,14.473
7.395,19.599,16.909,16.945,4.116,23.962
12.198,24.963,19.003,16.543,8.856,5.583
13.817,11.057,15.959,6.778,9.848,11.973
13.698,23.273,18.084,15.236,7.836,5.836
12.275,23.146,18.571,14.154,6.308,8.008
12.905,9.74,18.027,7.154,10.049,12.6
20.455,8.043,8.643,7.966,11.701,15.149
13.535,11.364,15.291,5.521,10.889,11.459
20.06,10.094,8.866,8.744,10.919,13.695
22.021,10.541,8.839,6.925,10.157,12.215
11.981,8.081,14.915,5.193,10.432,11.928
4.498,21.822,15.007,16.34,4.788,25.229
13.878,13.248,17.187,6.788,10.007,13.605
5.085,21.121,15.314,19.602,4.765,24.156
10.384,24.329,19.941,15.12,9.816,7.714
20.691,7.824,4.364,7.797,11.645,14.682
11.685,11.136,15.942,6.747,10.792,10.216
20.914,7.204,9.219,8.752,11.502,13.35
15.704,9.803,17.505,8.105,8.909,10.89
11.835,24.563,17.507,18.251,8.518,7.351
11.548,24.696,18.531,16.562,8.993,7.341
10.36,9.997,16.454,7.76,11.824,11.332
4.496,19.2,15.74,19.69,2.827,22.302
4.386,23.309,14.972,17.693,3.259,22.085
6.16,19.944,18.472,19.923,4.134,22.77
8.563,23.737,18.538,16.199,6.994,8.404
21.167,6.877,9.691,7.687,8.828,14.196
11.077,8.073,15.841,4.971,8.643,12.065
21.169,8.479,7.334,5.82,9.436,16.1
21.905,8.32,7.479,7.165,10.195,14.06
13.724,24.104,18.17,15.676,7.532,7.821
13.221,11.038,15.548,8.927,10.387,9.717
6.014,21.919,16.609,19.036,5.334,26.349
4.887,21.446,17.51,19.282,5.429,22.294
22.149,10.736,7.394,9.736,10.541,13.497
21.946,9.406,6.705,7.174,11.51,13.872
12.605,10.948,18.324,7.482,10.388,9.651
20.941,8.783,8.746,7.693,9.511,12.58
11.169,10.988,16.148,5.923,9.82,10.901
5.429,21.192,14.591,18.388,5.95,25.891
11.235,21.765,17.884,14.319,7.451,6.0
13.206,10.201,17.322,6.355,9.918,10.052
14.646,10.516,16.896,6.898,8.427,11.752
11.068,11.05,16.288,5.496,11.331,10.939
14.152,22.723,17.685,18.067,9.791,7.44
6.883,20.164,15.693,15.9,6.378,24.015
6.801,21.478,15.619,18.319,6.024,24.649
5.56,22.905,17.48,18.084,4.108,23.434
13.979,10.37,15.466,9.332,10.115,13.1
22.007,6.668,7.543,8.322,10.108,14.906
22.898,6.215,5.026,9.94,10.469,14.942
3.971,19.88,16.338,20.628,6.767,24.39
7.539,22.858,14.791,19.436,4.039,24.812
11.403,9.273,14.649,6.844,8.07,13.066
23.66,8.948,7.597,8.627,11.116,15.513
11.739,8.199,15.212,5.081,10.428,12.77
4.62,20.033,16.505,17.625,3.978,23.898
13.71,24.477,21.288,16.356,7.782,7.115
13.733,24.799,17.07,15.17,4.693,6.497
20.607,9.057,5.963,6.661,11.52,16.813
11.091,25.848,18.325,16.328,6.629,7.704
12.323,11.33,16.454,7.011,10.296,11.461
19.572,9.784,7.387,7.521,8.99,13.908
12.019,10.411,16.423,7.984,11.119,13.07
21.882,8.587,7.985,4.493,9.613,14.075
11.139,23.369,20.321,16.768,7.809,6.083
21.485,9.572,7.844,7.117,10.356,13.902
21.861,9.306,7.716,9.082,8.873,14.704
5.359,23.251,17.387,19.36,2.314,24.829
3.496,21.209,16.055,19.368,3.896,22.273
4.6,22.648,15.972,19.938,4.144,22.451
9.004,22.352,18.474,17.319,8.487,6.397
12.856,22.551,17.512,15.039,6.852,7.014
13.106,22.765,18.843,17.88,5.892,5.759
21.669,6.946,7.973,7.018,11.203,12.034
5.717,21.706,17.615,17.979,2.351,23.278
20.261,8.254,7.561,8.013,8.857,14.541
13.029,11.548,16.006,9.108,10.205,12.021
23.161,9.516,6.533,8.768,8.596,14.736
11.832,22.457,18.736,17.939,6.661,6.477
12.727,23.976,19.817,17.91,8.497,7.243
8.012,22.267,17.449,20.103,3.947,25.214
13.994,11.125,16.584,8.489,11.321,12.709
6.629,22.549,14.79,19.273,5.179,24.442
4.622,21.647,17.363,18.2,5.69,22.507
13.887,8.66,16.247,7.981,11.979,13.793
20.108,9.192,7.811,8.389,11.576,15.8
11.852,22.953,19.111,13.432,5.241,8.175
6.955,22.487,15.527,15.457,5.645,24.154
22.802,7.592,7.042,8.77,10.242,16.161
11.902,23.995,17.922,16.325,4.853,8.488
13.699,12.53,17.115,8.395,10.416,12.186
13.21,9.165,15.308,6.624,10.014,11.876
7.779,21.924,16.988,19.75,5.381,24.239
4.179,20.496,18.742,18.085,3.932,23.524
7.402,22.061,16.372,20.052,5.563,23.537
4.04,22.86,17.816,18.602,7.169,24.7
9.968,11.124,16.348,8.012,12.133,12.631
22.139,8.872,8.614,7.198,10.242,14.397
19.459,8.519,8.025,7.555,10.652,12.874
20.573,7.671,10.17,8.443,9.3,15.838
13.53,22.486,17.69,16.208,7.337,8.36
12.228,23.917,19.718,17.621,7.928,7.146
12.342,8.587,15.197,8.62,9.223,9.472
22.151,10.127,6.119,7.141,11.093,14.989
7.404,20.589,16.426,20.53,6.207,23.31
12.669,9.076,14.838,4.456,9.616,11.917
11.826,24.413,17.867,18.112,8.049,8.673
6.831,22.894,17.081,18.531,5.853,23.383
21.472,10.292,8.017,6.528,9.345,13.793
7.486,23.399,17.098,17.063,3.921,25.221
21.652,9.199,7.262,8.134,7.6,15.999
13.478,23.03,19.302,16.602,7.275,8.409
12.923,10.967,17.675,8.623,9.783,12.272
21.146,9.307,8.453,8.289,11.729,14.999
8.082,22.381,16.483,18.914,4.903,24.911
6.503,22.924,16.618,18.697,5.471,24.271
10.633,25.488,19.619,15.165,8.764,7.677
14.472,10.756,16.138,3.595,9.136,12.056
11.977,24.839,20.054,16.335,7.592,5.631
5.936,22.508,13.972,18.617,4.499,24.859
11.253,9.973,16.577,8.585,10.398,12.102
11.725,23.365,18.734,17.744,5.949,8.165
12.918,11.535,17.553,8.088,10.302,11.055
4.451,23.748,17.016,19.426,5.982,23.849
20.357,12.43,9.656,8.311,10.183,14.145
19.614,9.382,8.88,6.385,9.761,15.863
11.291,22.746,20.612,16.96,8.429,8.907
6.911,21.264,14.843,18.226,4.048,24.377
21.53,7.485,7.559,7.381,10.848,14.656
22.413,7.208,6.602,7.341,10.52,14.869
12.955,7.764,18.919,4.873,10.059,8.585
19.686,9.222,7.654,8.782,10.316,13.782
22.523,6.884,8.73,7.749,12.043,16.39
14.21,11.462,16.531,6.589,8.449,12.62
5.947,22.58,16.896,16.96,5.051,23.038
21.434,8.312,8.18,7.095,8.959,14.842
11.75,21.432,17.827,15.616,4.993,7.493
10.822,22.818,18.645,16.064,8.779,8.965
20.847,8.507,6.754,7.971,11.185,15.166
10.55,23.974,20.379,17.152,8.632,6.528
11.778,25.901,21.029,16.813,7.482,7.58
5.458,21.218,16.621,19.859,3.357,24.3
23.542,7.38,7.129,9.458,8.951,15.449
12.217,25.582,20.096,15.597,6.358,8.026
20.549,8.246,6.854,8.039,10.011,12.842
12.786,12.084,16.518,6.255,9.94,11.02
6.299,21.801,17.912,17.108,5.328,22.216
11.779,9.282,16.456,9.016,10.102,12.092
5.63,21.023,15.815,18.742,4.786,24.8
12.635,9.674,16.772,5.212,12.284,9.458
12.133,23.262,19.614,14.682,6.545,7.297
12.523,12.191,17.254,6.258,11.36,10.256
12.825,20.634,18.228,16.543,8.876,6.846
21.558,10.309,6.382,7.163,9.416,14.449
11.924,24.885,18.093,17.183,7.203,7.359
17.49,7.362,8.202,8.182,10.366,14.918
11.452,8.969,16.184,8.927,11.367,8.959
10.62,22.834,19.091,16.345,8.973,9.286
22.321,6.542,9.02,5.891,11.045,13.806
21.855,8.316,8.44,5.278,11.005,13.946
4.42,24.054,17.333,19.141,5.933,24.008
4.635,21.872,17.664,17.796,5.826,23.652
13.259,9.189,15.531,7.807,10.625,11.127
11.549,12.174,15.583,6.947,10.772,10.707
6.911,23.472,15.76,18.761,3.659,21.376
11.937,9.799,16.122,6.957,8.038,12.611
11.697,23.233,19.019,15.016,6.576,5.894
11.935,22.73,18.547,17.515,8.316,9.09
10.668,25.427,20.074,16.005,8.799,6.108
23.508,6.696,7.798,6.671,10.876,14.977
22.488,6.887,6.01,9.324,11.903,13.184
12.611,22.044,17.091,17.271,7.888,6.353
6.707,20.834,15.034,18.733,3.807,23.083
7.276,20.816,16.767,16.178,4.714,23.834
20.29,7.768,6.38,6.981,10.402,16.508
8.994,23.854,16.401,18.67,3.552,22.752
4.888,21.999,15.061,18.263,6.41,24.228
5.558,21.714,17.284,18.527,2.679,25.073
13.115,22.433,16.595,16.264,7.789,7.735
20.422,8.921,8.746,6.38,9.579,15.348
13.211,10.125,16.824,7.902,12.72,12.426
5.06,21.381,14.717,17.471,5.22,23.726
14.851,9.941,16.014,7.344,11.786,10.623
12.157,23.468,19.998,16.317,6.263,6.701
19.99,9.781,7.637,10.092,13.095,16.049
21.788,11.143,7.881,8.01,10.084,14.279
20.007,6.746,7.445,7.141,10.297,15.383
13.368,10.918,15.04,6.717,9.932,11.305
11.777,21.624,19.967,17.195,5.106,7.431
22.043,8.239,11.908,8.648,11.222,16.92
12.003,23.726,17.862,16.6,6.688,7.104
12.34,10.252,15.116,6.924,10.646,10.835
13.566,9.327,18.343,7.47,12.676,13.058
11.45,7.795,14.808,7.926,10.038,9.725
18.931,7.198,8.084,9.121,12.167,16.001
21.471,9.17,7.385,7.705,11.922,13.978
11.997,12.364,18.438,9.737,10.51,11.307
11.55,22.126,18.525,14.729,9.157,6.601
5.766,20.505,16.529,18.182,4.898,22.57
11.939,25.292,17.705,16.533,7.962,8.06
3.807,22.337,16.493,17.376,3.781,21.274
6.301,21.368,15.05,16.271,5.607,24.496
13.875,10.138,15.072,4.05,9.078,12.908
11.172,9.787,15.226,3.976,10.264,12.336
5.235,22.057,16.067,18.614,4.123,24.136
10.901,9.513,18.57,4.969,12.258,11.957
12.703,7.862,15.323,6.294,11.608,11.951
13.915,11.11,16.668,8.706,9.621,12.114
5.978,19.187,15.702,18.412,3.734,22.884
5.187,19.387,18.404,18.149,4.935,25.208
20.31,6.877,6.88,7.215,10.165,14.181
22.889,8.157,6.795,9.345,10.888,13.481
12.116,21.84,19.357,16.103,5.147,6.403
21.44,10.436,8.361,7.669,8.846,14.692
20.03,7.821,8.523,9.065,11.932,14.58
12.525,24.217,18.246,17.955,6.677,9.123
7.655,21.744,16.623,19.304,6.156,24.838
13.846,9.717,18.254,7.102,9.891,12.329
21.607,9.111,8.228,11.175,11.389,13.298
12.171,24.196,18.679,18.033,5.83,8.267
13.492,10.429,16.841,7.509,11.246,12.635
22.045,7.291,8.243,7.964,10.166,15.498
12.493,24.996,17.613,15.721,9.552,7.127
10.098,23.01,18.441,16.995,5.519,7.99
19.014,11.361,8.231,8.509,9.993,13.762
22.575,7.119,7.612,9.769,10.59,14.18
12.438,24.444,17.061,16.534,7.217,9.449
19.879,8.048,6.916,9.132,10.746,15.922
12.791,24.466,18.13,16.051,6.248,7.183
12.535,22.038,19.841,16.619,5.535,9.145
21.527,7.353,6.095,8.855,8.569,13.886
20.319,6.766,7.412,8.577,10.445,16.989
20.387,7.392,6.676,8.172,11.484,15.365
4.647,22.227,17.49,18.837,6.817,23.322
13.838,23.019,18.998,14.985,6.511,6.832
4.32,20.652,15.398,18.474,2.86,22.217
20.89,6.785,8.083,7.077,7.257,14.714
5.467,22.85,16.958,19.833,6.665,24.406
5.281,21.928,15.347,18.988,3.094,22.38
11.893,22.757,19.531,16.69,8.681,6.824
10.599,24.698,20.536,16.147,4.89,6.706
6.381,20.301,18.15,19.017,5.514,24.25
12.677,10.211,17.473,6.614,9.36,10.071
13.336,21.967,19.567,15.55,9.377,6.511
21.07,6.974,6.721,8.882,11.072,15.27
5.523,21.107,14.25,17.432,5.523,23.352
13.04,7.621,14.416,6.041,11.698,14.279
15.417,10.154,14.063,5.442,10.829,9.511
20.995,8.634,6.091,7.127,11.303,13.49
7.999,19.528,16.841,17.519,2.439,23.472
21.614,9.257,7.731,8.216,11.356,15.011
20.027,7.756,6.437,7.498,9.982,13.686
5.464,23.325,18.628,18.789,1.537,24.071
10.707,22.332,18.875,15.43,8.255,9.221
22.053,9.041,8.958,6.341,9.428,16.597
20.952,6.441,6.609,4.853,8.79,15.506
10.846,22.731,21.05,19.175,7.697,6.878
13.72,11.028,14.219,7.946,9.484,11.157
22.064,9.103,8.353,8.345,9.77,17.812
12.521,10.086,17.981,5.85,10.055,9.773
6.952,20.875,14.877,19.312,5.165,22.515
15.366,10.46,17.903,8.91,9.497,12.734
10.852,10.988,16.859,6.834,11.9,11.655
21.199,8.901,8.873,9.5,10.373,16.223
7.547,22.592,17.186,17.856,5.07,23.679
12.895,11.356,18.312,7.802,9.684,11.056
11.702,23.051,18.455,16.189,6.113,6.914
12.029,11.198,16.928,7.893,10.761,14.511
14.576,9.852,17.457,6.273,10.945,10.536
5.569,21.325,16.015,16.41,3.344,23.231
22.049,7.954,8.546,5.792,10.572,14.918
21.358,7.527,8.103,10.336,9.09,13.155
9.654,21.704,18.105,18.633,6.805,7.649
22.329,8.548,9.514,4.687,7.477,14.461
12.341,11.112,16.551,6.706,9.946,12.043
22.459,10.794,7.327,8.146,10.169,13.482
13.43,22.77,18.201,13.147,5.658,5.828
11.673,10.295,17.915,8.717,9.938,12.437
20.507,8.624,9.611,7.468,11.676,14.713
20.758,8.164,9.221,9.578,10.912,14.528
10.382,23.702,19.716,16.786,7.214,7.28
12.221,8.7,16.543,5.955,9.209,11.565
3.731,22.684,15.714,18.704,2.918,22.824
12.735,8.142,17.957,7.246,8.239,12.101
19.931,8.623,7.551,9.561,12.524,13.651
20.264,9.365,8.613,7.932,10.613,15.631
11.888,24.354,19.538,15.274,6.664,8.672
4.639,21.178,17.261,16.545,4.301,24.999
12.235,10.027,17.583,6.051,10.311,9.979
15.762,10.015,19.38,9.184,11.086,11.232
12.522,22.19,17.494,16.765,6.68,5.551
21.275,9.529,9.154,8.428,12.234,14.071
11.811,9.582,15.617,6.877,8.901,9.863
4.518,21.194,15.47,17.589,4.757,23.591
21.759,8.209,6.819,8.553,10.242,14.273
15.187,9.949,16.881,9.687,8.264,9.802
7.358,25.404,18.056,19.588,3.153,22.291
12.544,11.189,16.376,5.167,10.885,13.841
5.251,21.146,15.532,16.268,4.71,22.171
11.224,23.428,21.733,14.048,8.26,5.501
13.555,10.55,15.205,6.304,9.731,11.903
21.178,9.309,7.449,8.987,11.258,13.755
4.313,19.851,14.982,18.933,5.214,25.467
12.328,9.204,19.45,6.795,11.825,11.468
11.671,22.664,17.771,17.179,8.079,8.887
12.796,11.071,15.024,8.812,11.716,9.754
6.173,21.322,16.334,19.084,5.896,22.807
10.5,26.692,18.371,13.628,6.426,5.915
11.321,23.108,18.032,15.533,10.165,8.564
10.496,23.026,18.542,16.876,8.26,6.429
13.447,8.364,16.215,8.388,9.567,9.794
22.974,9.296,8.42,9.117,11.489,16.708
4.493,19.495,17.273,18.447,4.785,22.53
6.409,21.238,16.177,18.357,5.091,23.73
5.774,20.726,16.222,18.615,3.782,23.363
12.206,24.002,19.241,14.836,6.31,6.78
7.132,22.903,17.426,18.103,4.335,24.129
14.034,9.717,15.831,6.337,10.184,12.328
6.054,22.118,16.505,19.261,5.302,23.149
11.629,11.099,18.617,7.751,9.247,12.711
11.357,22.949,20.494,16.958,6.103,7.732
10.731,10.574,16.904,5.852,10.727,12.191
6.409,20.34,15.955,19.696,4.304,24.709
20.787,8.045,9.331,6.801,12.667,16.373
12.85,22.784,17.889,17.435,8.488,9.203
12.585,23.381,19.154,15.441,9.526,10.847
14.566,10.479,13.338,8.734,10.302,8.458
14.538,7.977,14.824,8.006,9.835,11.179
10.322,21.746,19.582,16.646,7.737,7.852
4.174,22.229,16.943,18.099,5.585,21.484
11.557,22.739,18.249,17.309,7.865,6.604
13.306,9.192,16.406,5.971,11.532,11.673
5.158,19.848,15.134,19.327,4.271,23.745
11.046,21.043,18.85,18.942,8.402,10.064
12.561,23.178,19.301,16.244,7.555,7.195
12.147,22.145,17.94,17.789,8.372,7.389
6.327,22.616,16.085,19.458,5.862,23.9
3.599,22.017,15.536,16.79,4.231,22.628
10.88,24.326,20.036,16.831,8.857,6.022
5.621,20.975,17.765,20.472,6.243,25.445
13.761,9.082,17.688,7.476,9.78,13.552
22.457,9.375,8.683,9.159,11.401,16.088
5.222,24.891,17.121,18.225,5.265,21.291
11.468,21.968,20.463,16.979,8.786,8.891
12.844,9.97,17.845,6.241,7.557,11.373
11.175,10.847,16.94,7.791,10.001,12.674
10.701,23.45,18.554,16.127,5.961,6.942
5.14,21.632,15.799,17.316,5.296,22.99
6.639,21.276,15.333,18.055,2.73,25.326
12.595,22.463,19.028,16.438,7.811,8.466
14.873,9.353,17.674,7.132,11.015,10.659
5.551,20.657,15.252,16.653,5.47,25.05
21.205,8.927,7.037,7.069,11.254,15.907
20.986,8.857,8.242,7.613,10.542,13.329
4.198,21.178,14.773,18.924,6.005,23.569
20.668,8.743,7.733,8.933,12.164,14.515
12.3,10.285,19.197,5.957,10.806,11.989
21.464,8.651,7.446,8.47,10.942,15.293
22.391,9.578,10.612,7.988,9.871,13.498
6.315,18.334,16.641,17.977,4.463,22.625
6.238,22.225,16.502,17.422,5.62,24.531
11.136,24.133,18.094,18.488,7.85,6.692
14.151,12.497,16.35,8.808,8.669,11.533
11.554,10.229,17.479,6.019,12.168,11.175
5.25,22.247,15.311,18.586,4.93,23.99
21.289,10.14,6.852,7.994,9.806,14.484
11.497,12.84,17.825,6.913,11.491,11.226
19.28,5.849,6.822,7.347,8.987,14.744
6.077,23.36,16.95,19.052,4.162,23.978
10.522,22.697,18.96,16.056,8.963,7.697
14.551,9.728,16.98,4.368,9.838,11.197
13.882,21.541,18.955,16.33,6.821,6.904
14.028,7.095,16.559,4.72,11.337,12.843
12.073,8.946,13.65,6.615,11.101,13.111
21.815,7.759,7.858,9.666,8.71,14.073
11.816,22.031,16.646,17.162,8.131,7.996
13.832,10.119,14.364,6.222,11.177,11.279
19.941,7.963,7.753,8.82,12.055,14.536
4.158,21.304,13.603,18.706,5.819,23.573
3.118,22.172,18.405,14.865,5.555,23.523
11.866,23.82,16.846,16.974,5.688,9.884
13.141,7.688,16.971,5.483,11.458,13.249
12.477,9.956,16.941,9.339,9.023,11.795
11.413,23.516,19.946,15.249,6.647,7.071
10.925,21.651,16.372,16.252,6.762,5.721
9.995,12.552,16.552,8.518,8.683,12.512
12.38,21.603,19.124,16.575,8.499,9.574
11.617,22.818,17.741,14.303,8.424,7.524
3.692,21.88,14.631,21.422,6.474,26.311
14.258,9.297,16.889,6.65,8.955,10.423
5.321,21.659,15.261,19.234,4.283,22.704
21.642,9.496,6.66,7.535,9.834,13.001
14.657,8.736,16.116,4.743,10.317,11.393
5.412,21.452,15.682,18.582,5.339,26.583
21.89,8.717,7.406,6.658,10.796,13.764
12.394,21.915,18.921,16.763,7.476,9.052
3.96,22.813,16.236,19.2,6.913,22.847
22.266,8.43,8.079,7.469,13.55,14.68
11.283,24.616,19.31,15.474,7.422,7.148
5.429,21.746,13.453,18.201,3.317,24.313
10.827,21.584,19.318,15.632,9.679,7.478
11.718,22.839,17.487,13.316,6.19,8.771
5.163,20.28,16.89,20.537,1.52,23.073
13.22,21.981,19.796,15.149,7.564,8.285
18.47,9.643,10.409,5.368,8.688,15.012
21.42,9.466,7.272,7.317,10.82,17.14
21.345,7.464,6.507,8.587,9.763,14.397
12.605,9.624,18.877,3.855,10.273,8.955
11.388,10.968,17.629,8.005,9.71,13.471
7.776,20.341,14.888,17.68,3.885,24.346
12.572,10.038,15.538,8.305,10.415,12.496
19.351,8.202,6.823,6.354,12.734,14.269
19.752,8.664,8.379,8.477,10.478,15.922
4.994,21.031,16.175,18.419,6.234,26.077
21.788,8.555,7.067,7.286,12.588,15.025
7.079,20.299,18.892,17.584,3.312,23.873
4.657,20.527,14.77,20.116,2.217,25.358
5.755,21.977,16.419,17.746,3.67,23.264
12.535,21.12,20.522,16.451,7.374,7.773
4.439,23.711,16.098,19.545,5.344,24.031
10.883,21.775,18.408,16.507,8.15,6.767
5.535,22.944,17.592,17.316,6.187,24.318
5.713,23.215,16.751,19.226,6.628,24.109
11.595,19.851,20.961,15.207,8.043,7.332
3.872,19.657,17.8,18.03,3.271,21.003
12.38,22.23,18.515,16.327,7.017,8.52
19.33,6.948,7.319,7.988,11.611,15.672
10.726,21.971,19.376,15.276,7.559,6.856
22.491,9.187,9.88,8.966,11.312,14.667
6.069,22.183,19.579,18.386,5.851,23.149
6.928,24.773,15.54,18.361,4.307,24.594
4.738,21.168,15.1,17.41,5.249,23.872
23.047,6.212,7.851,8.164,10.189,16.708
12.064,23.215,20.441,15.98,8.976,7.312
13.851,10.437,16.196,7.906,10.47,10.776
5.43,20.929,17.263,19.285,3.62,23.711
11.695,23.043,20.296,16.513,6.558,9.704
13.252,9.734,15.287,8.122,10.094,11.965
20.491,6.499,6.891,9.865,8.369,16.392
12.132,12.521,17.438,8.246,11.006,12.28
6.99,23.651,15.232,19.603,2.899,24.224
13.775,24.221,19.046,14.367,7.141,6.424
21.011,8.182,7.428,7.807,12.59,13.561
6.03,23.674,16.033,20.115,7.216,23.583
10.341,24.368,18.571,15.56,6.577,7.538
5.322,22.707,17.334,19.187,1.696,23.868
20.236,7.531,7.768,9.174,10.772,15.15
10.872,22.548,18.585,13.764,7.602,5.172
22.741,7.807,9.445,9.654,8.096,15.832
15.608,9.933,17.313,7.819,7.725,12.179
5.261,21.158,14.349,17.86,3.395,24.376
20.305,9.111,6.598,6.803,10.338,14.059
10.006,22.396,20.577,17.353,7.361,7.728
20.413,10.865,7.213,6.718,11.371,15.929
11.593,22.235,18.455,16.702,7.854,6.358
5.256,21.087,15.927,15.72,5.067,22.263
4.965,20.319,15.811,21.458,4.262,23.324
22.125,10.445,9.286,8.591,11.579,13.393
21.249,9.019,9.287,6.004,11.241,13.556
14.907,21.734,16.568,16.688,6.985,7.815
20.694,7.726,8.063,6.525,12.54,15.329
13.111,23.865,21.245,15.116,9.701,6.278
10.791,21.512,18.42,17.317,7.693,5.941
22.039,9.412,8.536,7.413,11.746,12.728
19.857,8.642,6.871,8.497,11.385,13.605
22.4,7.343,8.533,8.088,8.13,13.941
13.235,9.748,17.037,7.68,10.734,11.251
20.256,7.574,9.011,7.851,8.769,12.299
5.65,21.138,17.049,18.454,2.452,22.554
21.57,9.675,6.074,6.465,10.31,13.572
4.102,21.027,17.355,18.823,6.05,24.332
21.729,10.086,7.139,6.144,9.006,14.695
21.956,10.312,8.238,7.823,10.454,16.091
12.336,23.117,16.61,15.188,9.141,7.66
12.927,10.082,16.472,7.963,8.841,12.47
20.867,8.658,6.635,8.514,11.628,14.638
6.729,22.354,16.484,17.812,2.505,24.011
5.028,22.206,15.613,19.514,3.7,24.776
22.359,8.708,7.718,8.932,9.682,15.833
6.721,21.938,17.679,19.16,5.058,24.235
11.901,20.776,19.506,15.113,6.052,5.411
5.634,22.33,16.017,18.148,2.599,24.786
8.591,22.978,20.037,15.555,10.008,7.128
5.995,20.709,16.498,18.023,6.83,24.855
10.879,22.285,19.825,16.827,7.246,6.334
5.528,21.148,16.32,20.593,5.453,25.025
11.772,24.26,17.701,16.258,6.687,8.332
10.909,21.798,18.906,18.347,7.535,7.038
14.394,10.002,16.975,6.402,10.863,8.281
4.512,19.48,17.644,17.944,3.445,22.808
21.101,6.675,7.907,7.39,11.642,15.104
11.106,24.576,17.133,12.891,6.895,8.098
14.637,9.892,16.797,7.367,12.697,12.541
20.848,8.628,6.953,7.651,10.548,14.075
21.74,9.238,7.58,8.169,12.898,14.473
11.641,10.2,16.197,6.354,10.506,12.094
6.272,21.17,16.684,19.388,5.394,25.323
4.12,21.658,15.853,16.902,2.695,22.698
21.922,5.651,6.983,9.675,10.757,13.901
19.996,10.14,8.281,7.186,9.676,15.25
20.858,9.853,8.211,7.971,10.687,13.458
21.293,7.182,7.85,7.338,11.026,14.935
12.382,22.297,21.57,16.522,7.26,8.593
23.151,11.099,7.416,7.97,9.925,14.79
7.577,19.769,14.976,18.163,7.038,23.344
6.797,23.897,18.538,16.703,3.396,22.51
14.158,8.399,18.028,5.972,9.374,10.084
12.169,9.051,17.842,4.851,11.477,11.102
18.823,9.036,9.583,8.62,10.463,16.652
11.249,23.113,16.861,16.07,8.262,7.844
11.587,23.192,17.177,17.671,7.314,7.481
4.671,22.745,15.94,20.279,4.11,26.089
13.439,10.471,16.188,6.607,9.76,10.616
21.517,8.784,5.92,7.496,10.831,13.867
22.224,6.592,7.656,6.288,7.269,15.251
7.148,22.636,18.381,19.87,4.244,23.794
13.385,9.904,15.877,9.542,11.729,9.216
21.206,8.624,8.621,5.031,10.941,14.481
22.05,8.533,6.836,9.113,10.702,15.162
19.707,6.638,8.396,7.777,10.826,15.436
13.227,9.183,16.027,7.616,9.705,10.941
13.742,24.205,18.856,17.942,4.806,5.729
19.552,9.411,6.576,8.247,11.954,15.981
4.441,21.048,15.97,18.484,5.2,23.497
20.586,11.109,8.219,11.036,8.701,14.527
5.338,19.106,17.506,19.329,6.108,25.498
4.219,20.978,16.61,16.478,5.131,21.6
10.742,24.256,19.383,17.803,6.636,6.556
12.017,21.726,18.462,16.447,6.891,7.173
6.657,20.278,16.146,17.578,6.632,23.619
12.795,11.72,16.901,7.131,10.847,10.673
20.71,7.439,7.442,8.087,8.256,15.562
11.759,12.213,18.336,7.579,11.143,13.12
20.494,8.877,9.006,7.132,10.579,14.312
4.737,19.58,15.823,16.394,7.208,22.688
14.149,11.154,15.627,10.494,7.446,10.606
12.208,25.104,17.764,16.452,7.538,6.153
12.549,25.077,20.194,14.598,7.97,8.457
21.79,7.488,7.768,8.74,9.243,14.177
21.049,11.464,7.287,7.645,11.209,13.831
11.689,10.74,16.916,8.019,7.158,9.619
13.222,23.563,18.318,16.87,6.114,8.253
14.73,9.376,16.549,9.057,9.062,11.359
13.386,9.466,16.95,5.564,13.133,13.264
12.557,23.062,18.587,17.932,7.318,8.428
8.03,21.796,15.57,18.981,5.116,25.08
4.523,20.746,15.33,17.79,5.756,25.869
6.599,21.909,17.21,18.906,3.246,22.651
3.542,19.785,19.043,19.957,5.65,22.922
4.886,23.66,14.975,19.182,5.199,23.685
20.264,8.386,6.897,9.573,10.61,14.01
4.559,20.83,17.27,19.166,3.278,22.428
5.674,22.132,15.634,17.033,7.639,23.081
5.984,21.56,18.45,18.556,5.969,24.659
12.894,10.018,18.477,6.512,9.671,10.802
6.226,21.658,16.543,18.492,4.21,23.711
19.931,8.355,9.25,7.011,9.489,15.692
20.07,8.37,7.678,7.607,12.93,16.932
12.385,21.845,19.999,17.354,6.52,7.481
22.309,9.058,5.273,8.161,10.655,13.507
19.554,7.812,6.704,6.774,9.537,15.898
12.905,23.725,18.32,16.905,7.553,8.598
12.511,23.083,19.055,15.415,9.534,8.684
11.308,10.187,16.226,8.322,11.496,11.439
22.928,7.214,10.821,6.93,10.343,14.13
11.892,21.778,18.121,15.187,8.924,6.96
20.804,7.728,8.401,8.366,9.532,16.043
11.623,23.831,19.585,18.894,7.994,8.816
6.346,21.15,17.274,19.101,5.496,25.728
5.212,23.716,15.539,20.469,5.746,24.19
21.942,7.722,8.258,9.681,10.753,16.533
10.841,23.556,18.168,15.977,5.624,7.171
3.475,21.105,15.752,17.423,3.883,23.731
13.789,8.726,16.974,7.465,11.021,14.942
4.74,23.168,14.544,17.111,5.312,22.32
14.531,9.584,17.042,4.65,9.973,11.177
15.572,10.682,14.655,7.839,8.835,12.758
19.965,6.43,7.914,9.73,7.047,14.465
20.416,7.031,6.985,10.026,10.669,15.758
12.592,23.678,20.535,15.643,7.212,7.55
15.079,10.318,13.502,4.193,11.605,9.442
13.082,9.27,16.535,8.098,10.746,13.345
21.034,7.403,7.255,7.248,10.069,12.821
11.934,24.032,21.328,14.412,9.377,7.561
22.86,8.267,7.592,6.309,10.904,13.402
1.948,20.935,14.43,18.549,4.67,23.781
10.469,23.418,18.169,16.523,6.773,6.166
14.231,8.288,17.187,6.555,10.222,11.194
11.539,23.669,18.772,16.809,9.552,6.827
14.992,12.121,14.817,7.493,9.605,11.946
13.658,21.853,18.97,16.922,5.503,6.332
21.234,7.28,7.568,5.699,10.504,16.407
22.572,11.771,9.746,7.553,11.003,15.49
10.888,22.777,16.252,16.692,7.109,8.6
12.823,9.067,16.462,7.31,7.929,12.033
22.644,7.86,9.539,8.041,10.684,14.735
20.187,8.313,7.218,9.058,10.8,16.094
7.253,22.529,15.569,18.989,6.248,22.042
21.447,9.597,8.297,8.998,11.01,15.6
13.422,24.072,19.899,16.996,7.637,9.189
11.539,25.118,17.035,15.295,7.312,5.464
11.215,25.063,17.448,17.265,7.102,7.1
19.912,10.012,7.061,8.592,11.607,13.754
19.85,6.532,6.226,7.192,12.406,15.228
6.651,20.912,14.199,18.564,6.156,25.624
11.538,23.077,21.638,17.26,10.413,6.839
6.177,20.623,18.806,20.655,5.454,24.231
11.247,13.651,17.081,8.043,11.28,11.476
5.347,22.878,14.602,20.222,4.521,22.833
6.5,20.635,16.595,16.788,6.781,21.297
13.448,10.09,15.96,7.789,9.639,11.369
21.435,8.84,8.434,6.813,9.86,14.971
3.957,21.833,18.148,17.987,5.436,23.591
11.554,22.945,18.49,16.556,9.152,7.072
7.108,21.005,16.838,18.714,6.081,25.106
10.55,24.144,17.414,15.892,7.982,7.356
4.467,20.67,16.038,17.879,4.687,23.615
5.336,20.99,16.933,17.415,4.835,22.744
11.579,24.35,16.294,19.192,9.231,7.094
14.211,8.957,14.335,6.835,9.271,11.789
13.132,23.178,19.726,15.829,6.329,7.112
3.787,20.779,16.196,15.766,5.65,21.25
12.984,22.866,21.041,16.804,7.843,7.282
20.664,7.419,7.156,7.494,10.996,15.834
10.931,23.764,17.404,16.976,7.977,5.192
9.761,23.23,19.944,17.424,8.042,6.786
21.031,9.19,9.462,7.778,9.791,15.93
12.194,23.257,19.556,15.649,8.901,6.384
4.163,21.043,16.427,16.707,4.219,23.82
7.495,22.503,17.518,19.418,4.561,22.884
6.746,23.864,16.709,18.947,4.837,24.239
13.877,11.379,16.479,6.379,11.396,12.306
20.65,9.358,9.746,7.924,9.917,16.287
13.317,23.444,17.987,16.22,6.471,9.306
11.719,25.597,19.242,15.28,7.701,7.013
12.296,23.991,19.49,15.298,7.616,7.873
6.536,22.319,15.721,17.227,3.142,24.898
22.724,8.494,8.346,9.077,9.247,15.893
4.961,23.281,17.42,20.426,6.712,23.072
13.112,10.348,15.475,6.824,10.393,12.873
11.65,9.484,16.415,6.928,11.028,10.872
14.188,9.113,16.18,7.668,10.403,12.547
22.513,10.122,6.393,7.33,11.269,14.059
20.762,7.961,9.045,9.344,9.013,15.904
11.306,22.976,20.127,17.391,5.941,7.502
12.719,22.323,20.603,16.46,6.629,8.231
10.951,10.367,15.098,4.487,10.018,12.645
12.006,10.903,16.564,8.736,10.332,12.704
5.939,23.0,15.761,21.403,7.08,25.309
1.764,21.103,16.311,18.242,6.476,22.365
20.76,6.251,7.586,6.397,9.301,12.464
13.661,9.608,17.934,6.596,8.616,11.564
6.685,22.622,18.203,18.94,4.675,25.088
10.955,24.104,18.497,13.918,6.752,6.021
11.847,21.902,20.067,16.18,7.223,8.223
4.883,22.592,17.734,20.59,3.401,24.204
9.681,21.854,17.991,15.725,7.076,6.899
6.654,23.06,16.93,17.697,6.725,21.084
22.365,9.621,6.057,9.434,10.831,13.739
14.586,9.153,16.264,8.534,9.835,12.696
14.229,10.224,16.883,6.513,10.347,9.688
6.558,19.87,19.355,19.906,4.729,22.72
6.228,23.037,15.181,18.279,7.638,23.619
4.073,20.719,19.072,18.22,4.785,22.562
6.022,19.712,15.276,17.001,5.672,25.722
12.199,23.691,19.702,14.923,8.683,7.345
4.368,19.902,17.648,17.749,4.111,22.437
13.21,10.735,16.457,6.474,9.759,13.076
6.788,20.979,16.535,18.749,4.965,24.524
4.538,22.582,14.959,19.715,5.114,22.777
20.486,7.333,8.263,10.571,9.806,16.367
5.061,19.624,17.234,19.397,5.669,23.749
6.391,22.064,16.074,19.593,5.142,22.561
13.083,10.941,19.901,5.843,7.948,11.606
13.401,23.706,18.228,16.836,6.885,6.602
11.738,11.346,16.561,7.033,9.089,13.532
13.203,23.343,17.778,16.844,7.675,6.716
4.881,22.293,16.33,19.82,6.451,22.295
19.833,7.541,7.889,7.256,13.556,15.814
5.377,19.752,15.355,19.2,3.909,25.161
10.835,10.725,17.201,7.741,8.974,10.791
11.87,24.369,18.384,18.302,5.684,8.865
12.136,23.011,18.833,17.925,6.91,8.17
13.287,12.624,17.202,7.614,11.103,11.513
11.018,23.271,19.81,20.025,8.406,6.418
13.572,8.063,16.834,8.413,10.719,11.201
14.207,10.082,18.257,7.964,8.644,11.483
13.796,10.859,18.259,6.071,8.974,12.972
11.627,23.481,18.748,16.308,6.121,5.708
4.195,19.986,17.003,18.339,4.666,21.668
5.424,20.792,17.741,18.544,4.31,23.945
23.02,7.374,7.325,6.193,10.046,14.602
7.159,20.206,17.268,18.619,4.5,23.39
3.729,21.446,16.38,19.82,2.919,24.804
6.579,20.122,17.88,19.667,6.395,23.524
9.906,23.826,18.699,16.744,8.265,7.755
12.32,7.451,13.393,7.872,9.734,14.064
4.684,22.824,16.549,16.925,6.23,24.02
8.898,24.391,19.84,15.952,7.517,8.055
12.362,11.223,17.607,7.515,9.99,14.489
11.798,22.956,19.75,16.563,9.05,6.714
5.272,21.35,17.735,18.169,3.246,21.826
3.457,22.347,16.376,21.018,5.924,23.109
3.891,21.946,17.33,18.447,6.491,24.647
4.345,22.028,15.658,20.965,7.013,23.706
10.702,24.599,17.681,16.126,7.788,9.06
19.106,7.921,8.347,9.028,13.035,13.264
4.845,22.939,16.156,20.103,7.382,24.948
11.352,7.939,15.779,6.628,10.063,11.601
12.858,8.579,17.88,6.705,10.469,10.925
12.806,24.035,20.514,14.984,5.773,7.428
12.614,25.61,18.797,15.12,8.765,7.291
3.461,22.537,14.966,17.976,5.879,24.95
20.712,7.315,8.308,6.105,10.566,13.617
20.191,7.673,7.595,6.009,8.052,14.929
6.628,20.1,17.311,17.795,6.043,24.116
20.285,8.822,7.242,5.969,10.639,16.149
12.941,9.828,17.581,8.25,10.216,11.674
13.249,11.251,17.669,8.104,8.798,12.256
10.995,11.418,18.601,8.647,10.685,13.491
21.445,7.358,8.828,8.901,10.011,12.25
12.625,25.546,19.657,15.858,8.145,8.766
11.51,23.73,20.515,17.09,6.579,8.85
11.703,8.905,16.469,7.537,8.535,12.004
20.915,10.26,6.508,7.808,10.391,14.41
12.302,9.422,15.211,4.703,9.298,12.26
23.625,9.373,6.264,7.691,10.372,13.482
12.914,23.992,17.589,18.33,9.602,7.155
19.624,9.2,8.105,5.788,12.271,14.396
11.696,22.032,18.472,16.391,8.529,7.216
14.066,9.563,17.986,5.286,9.422,10.682
11.829,9.365,17.919,6.893,8.982,12.181
20.046,7.481,7.531,8.104,10.271,15.07
20.026,7.611,5.809,8.478,9.762,16.111
19.3,6.557,6.335,9.963,9.182,17.062
13.388,10.0,17.747,5.023,12.419,9.999
14.304,10.022,16.391,7.551,11.829,13.055
4.608,23.068,16.719,17.657,4.226,22.83
20.073,9.339,6.34,9.714,11.638,13.115
13.112,11.205,15.826,8.843,10.851,10.874
4.725,21.481,16.374,20.742,6.607,24.459
23.377,8.63,8.304,10.454,10.324,16.883
5.27,21.63,16.305,18.584,3.726,22.842
21.439,7.033,7.79,9.63,10.339,13.878
5.196,20.203,17.194,19.306,3.968,23.084
11.84,8.422,14.864,7.563,9.046,12.058
13.005,10.853,16.438,6.005,10.075,11.173
6.239,20.122,17.447,16.917,5.494,22.936
21.709,8.193,8.114,5.535,9.375,15.626
22.706,7.932,5.127,7.737,9.185,14.218
12.199,23.516,19.549,14.933,7.673,7.572
5.705,22.879,15.275,18.162,4.781,24.509
13.745,10.027,18.196,5.964,7.523,12.117
11.127,22.61,18.167,15.452,6.652,6.972
6.024,22.218,15.843,18.859,4.95,23.667
20.958,7.035,8.866,8.711,10.275,16.926
13.261,23.644,18.513,16.461,5.305,7.926
4.073,22.878,16.951,16.546,4.682,24.177
11.984,8.714,17.712,8.182,9.551,10.132
12.621,22.355,18.897,16.097,7.833,9.177
14.657,8.839,16.613,5.703,9.939,13.168
20.226,9.708,8.464,7.196,11.649,15.42
11.1,22.326,18.226,15.642,6.778,8.436
14.453,9.602,15.027,5.934,10.269,11.678
5.638,21.02,15.126,19.809,4.544,25.095
5.235,20.515,15.979,20.175,6.75,21.29
13.213,8.231,13.591,5.241,11.523,10.534
13.267,11.6,17.22,7.625,9.717,13.092
13.393,23.274,19.176,14.14,6.533,7.081
21.1,9.62,9.244,8.989,9.324,14.882
12.355,24.954,20.394,15.946,8.996,6.579
19.737,10.315,7.155,9.856,10.249,14.406
13.513,9.694,15.867,8.036,11.899,11.022
11.766,11.945,15.556,6.429,7.902,12.719
11.764,22.989,19.589,17.014,5.444,7.542
11.393,22.567,18.022,17.062,7.709,7.343
13.428,12.891,17.023,6.734,9.879,10.677
10.162,25.244,18.941,16.63,6.744,5.844
13.635,11.312,15.634,8.969,9.328,10.602
21.375,8.717,7.352,8.549,11.527,13.868
13.725,8.281,18.993,9.99,7.868,12.256
18.606,7.979,7.958,9.555,9.661,15.786
21.88,8.356,9.187,8.274,11.232,13.914
4.31,22.922,16.153,18.588,3.463,23.793
8.311,22.692,14.205,18.208,4.525,24.184
21.77,7.913,7.082,9.196,9.351,15.648
10.49,21.558,18.069,17.719,8.576,7.727
5.199,22.156,15.166,18.709,3.959,21.868
4.901,20.177,16.77,17.904,5.668,23.723
22.4,8.463,10.322,9.884,8.02,13.575
13.304,9.772,16.466,8.68,10.464,14.094
20.681,6.819,7.355,7.275,9.615,13.549
2.875,19.896,15.279,17.268,4.074,22.464
9.837,11.388,16.621,6.93,10.057,12.245
20.341,7.982,7.474,8.401,9.379,13.958
12.939,11.043,17.415,7.666,11.578,11.764
13.379,9.124,17.079,9.292,7.748,11.682
11.729,10.382,17.65,4.847,10.19,9.659
9.713,7.986,16.569,7.509,9.655,10.812
13.872,8.884,18.333,7.52,11.81,11.705
7.894,21.011,15.091,17.116,4.467,22.51
19.566,6.388,6.989,8.496,12.749,13.575
12.013,9.559,16.252,6.781,11.954,11.518
6.724,19.249,15.993,20.137,4.113,25.569
4.465,22.321,14.439,17.557,5.075,22.269
13.425,9.557,18.583,7.333,9.311,11.669
12.476,9.927,17.787,7.026,10.507,14.083
11.187,24.073,20.626,16.422,9.018,5.806
10.753,22.877,19.234,17.065,7.178,6.388
13.842,11.588,15.349,5.911,10.553,13.003
6.837,23.136,17.724,18.181,3.523,24.901
10.929,10.313,17.296,5.49,8.868,12.588
10.224,21.013,17.601,19.161,8.304,7.662
22.336,10.083,7.631,8.718,9.025,13.945
13.293,10.893,16.04,8.347,11.686,11.328
20.546,8.725,6.544,6.354,7.675,14.786
6.772,19.048,15.739,16.365,4.386,23.147
19.808,8.362,9.833,6.55,10.366,15.411
22.007,8.004,5.914,5.464,10.374,16.684
10.384,9.129,16.061,5.703,11.77,11.193
13.617,24.672,17.253,16.558,8.32,8.178
12.248,23.508,17.899,15.434,8.86,9.159
20.442,6.963,7.614,7.872,9.043,13.048
12.135,21.885,21.424,15.724,8.224,8.359
23.052,7.437,7.322,7.869,9.231,15.985
4.888,23.255,18.21,17.101,5.027,23.197
12.27,24.173,19.245,15.49,7.879,7.585
11.516,9.746,15.958,7.249,11.184,11.352
19.894,8.473,7.659,7.486,10.011,14.205
21.809,10.048,8.915,8.326,9.635,13.259
12.037,25.241,18.734,15.559,7.81,7.999
21.915,8.672,7.366,8.587,9.938,14.846
13.756,10.244,16.104,5.226,9.441,12.266
12.951,9.034,16.864,4.659,11.57,8.301
12.591,10.588,16.42,3.118,10.235,12.552
6.017,19.783,16.405,19.719,3.271,25.367
6.68,22.614,15.52,18.855,5.572,22.982
13.611,24.383,18.691,16.321,7.686,4.986
5.596,20.694,15.398,18.052,4.567,23.703
11.593,9.872,16.444,5.043,10.601,11.104
19.51,8.311,9.518,8.592,8.914,16.174
13.49,8.586,16.367,5.72,12.45,11.178
6.186,19.949,17.327,18.841,3.965,22.815
16.219,8.394,17.664,6.522,9.188,12.288
13.607,10.047,16.611,7.025,10.201,9.978
4.218,21.103,16.527,17.458,6.373,20.832
12.426,21.836,18.496,15.562,6.852,8.568
12.125,22.551,20.016,14.65,6.139,7.839
21.23,8.538,7.518,8.855,10.47,17.918
20.738,8.426,6.974,9.299,11.484,15.758
20.34,6.12,6.421,8.416,12.79,14.785
19.738,7.89,6.485,7.245,8.158,14.722
13.145,7.849,17.67,4.04,9.8,13.495
21.933,8.848,7.654,7.215,12.783,14.927
19.577,7.042,10.126,7.776,9.921,14.555
10.661,22.94,20.541,14.352,9.227,7.131
6.116,21.661,16.335,16.67,3.555,24.118
4.456,20.173,16.668,18.258,3.235,24.479
19.518,8.518,6.019,8.555,13.081,14.044
12.057,8.916,18.034,7.898,8.706,10.123
12.072,9.356,16.534,7.183,11.75,12.873
12.35,10.09,17.381,6.304,9.198,12.363
20.074,7.589,6.87,9.365,10.655,15.222
14.024,13.021,16.576,7.566,9.477,11.016
21.554,10.619,8.616,8.261,9.78,14.717
12.848,11.049,15.561,9.02,10.303,12.605
13.549,10.492,15.053,7.3,10.45,13.011
10.843,9.614,16.23,6.115,11.99,9.327
20.317,7.973,7.03,7.072,8.0,14.543
23.031,7.315,8.413,9.855,8.965,15.525
22.049,7.552,8.333,8.891,12.062,15.977
22.199,8.198,7.334,8.078,9.827,17.465
12.906,11.572,17.906,8.408,9.514,11.997
12.6,23.943,19.27,17.409,7.002,7.65
13.668,23.469,20.371,16.37,9.909,9.542
20.732,9.732,7.934,8.716,12.52,14.115
24.177,9.318,8.886,8.919,9.568,14.653
15.467,9.897,17.609,4.582,10.72,10.96
20.274,8.861,6.605,6.481,8.97,15.43
15.205,10.354,16.488,7.735,12.315,11.587
5.076,20.366,17.925,17.472,5.672,23.938
11.47,10.415,16.631,7.764,10.721,11.678
14.181,8.88,15.549,7.936,9.854,11.74
13.855,9.255,17.173,6.517,9.693,12.24
8.242,22.286,14.426,17.606,3.979,22.728
6.42,21.77,14.092,18.592,5.13,21.084
21.088,7.296,7.678,6.491,9.657,16.246
21.559,8.336,8.21,7.091,11.232,14.169
4.193,22.593,18.671,18.918,6.051,23.527
14.71,9.257,17.586,7.783,11.639,11.788
10.919,10.686,13.635,7.357,10.354,9.801
21.738,9.653,8.556,9.117,9.604,16.464
5.391,20.754,15.497,19.062,3.646,22.792
12.646,22.575,18.815,16.307,5.136,5.67
8.626,24.64,20.451,13.801,7.025,6.99
12.273,11.625,16.112,6.61,10.619,11.447
5.748,21.71,16.172,17.383,4.655,24.004
5.426,20.254,16.542,18.244,4.251,25.108
21.091,9.105,7.636,7.408,8.838,16.131
6.545,20.343,17.744,18.098,3.994,24.465
21.078,8.277,8.627,7.764,9.699,13.7
21.857,8.165,8.216,8.268,10.009,13.928
22.038,8.961,7.349,6.75,9.914,12.79
10.803,23.011,20.249,16.268,7.035,8.115
20.26,9.992,5.901,6.525,9.85,13.64
5.372,24.134,14.927,18.297,4.08,24.838
12.966,11.758,16.233,7.107,12.021,12.034
12.612,24.055,18.486,15.068,6.203,6.988
13.756,9.472,14.783,6.342,10.506,10.834
9.476,26.162,21.679,16.515,5.912,8.592
13.0,8.644,17.222,7.299,8.7,12.101
19.542,8.463,7.517,6.695,11.47,14.473
9.522,22.751,19.008,17.756,6.755,8.051
11.502,24.214,19.134,15.517,7.75,7.039
10.56,24.312,19.431,16.493,6.421,8.165
11.472,23.754,19.073,15.978,6.438,6.134
5.493,21.271,16.359,18.903,5.518,23.44
14.027,12.198,16.527,7.485,7.621,11.121
11.197,22.433,18.805,15.783,8.886,6.865
14.497,11.382,16.293,8.278,11.236,9.898
5.271,21.089,16.861,19.138,5.797,24.132
13.017,23.443,18.154,14.616,7.388,9.275
21.786,7.273,9.812,9.109,11.195,14.459
5.317,23.583,17.015,18.899,4.592,24.883
12.151,23.154,19.634,18.252,7.171,7.519
13.314,24.756,17.977,14.905,8.032,8.198
13.364,11.965,15.516,7.61,9.434,12.562
20.504,6.299,9.001,8.361,8.35,15.324
12.674,24.816,17.614,17.275,9.453,7.433
22.551,5.333,8.478,8.854,8.351,15.149
24.015,6.723,6.93,8.265,13.097,14.136
6.577,19.54,17.092,17.928,6.078,21.507
6.456,21.194,16.851,18.194,3.896,24.284
12.487,10.61,17.768,7.756,12.325,14.105
12.723,10.962,16.59,7.518,9.833,11.412
5.615,20.172,15.721,18.144,7.623,22.653
10.628,22.506,19.418,17.247,8.781,9.319
11.891,22.868,19.092,17.084,9.34,5.95
4.1,22.082,17.266,17.969,3.217,23.664
14.13,8.617,18.343,7.584,11.285,12.872
6.375,22.068,17.541,18.203,6.651,24.132
15.667,11.179,17.274,8.663,10.774,9.958
12.592,12.492,18.076,6.627,9.702,9.894
6.994,20.74,17.038,18.57,5.28,23.31
23.299,7.574,9.506,8.695,8.026,14.366
14.082,7.427,15.482,5.78,8.719,11.65
13.016,10.721,16.11,8.19,11.869,12.565
22.468,9.015,8.292,7.301,9.41,14.36
5.372,23.773,17.39,19.166,7.077,24.302
12.232,9.658,15.223,6.587,9.311,9.265
12.286,10.621,16.071,7.631,8.913,9.413
14.962,8.817,17.065,6.626,8.723,13.258
8.947,22.009,18.203,17.738,6.46,7.652
19.528,8.597,7.083,7.197,8.801,16.15
5.103,24.076,16.608,18.27,3.598,24.321
4.359,20.596,17.124,16.794,4.486,25.307
4.241,21.233,17.176,18.53,6.469,24.633
10.912,9.065,17.276,8.921,9.024,11.591
3.908,21.826,16.646,19.328,6.352,23.6
6.725,20.999,16.141,17.957,3.364,25.598
5.689,21.449,17.415,18.615,4.912,20.553
9.821,22.178,18.809,16.401,6.08,10.33
18.984,7.426,8.446,8.469,10.517,16.001
11.969,24.204,19.721,16.6,8.871,5.613
10.717,9.819,17.167,7.276,10.364,11.236
14.596,9.92,15.937,8.134,10.796,11.763
11.481,8.648,15.818,8.457,9.341,12.312
22.011,8.938,8.089,11.383,11.427,16.299
6.432,21.674,16.662,18.491,3.497,23.744
4.985,21.205,15.195,20.558,3.52,24.756
20.441,7.741,7.832,7.11,8.902,15.684
14.526,8.64,17.744,5.168,12.088,8.776
12.622,21.952,19.755,16.844,5.365,6.623
12.093,21.802,18.973,16.753,7.251,8.293
20.762,10.384,9.283,7.592,11.366,16.689
7.389,21.844,17.971,17.414,5.332,23.816
22.408,7.224,6.685,10.455,11.777,13.833
21.851,10.228,7.717,7.846,9.797,13.749
19.395,7.184,7.594,6.345,8.12,13.019
12.804,10.874,16.853,6.935,9.799,11.821
12.354,25.928,18.184,17.403,7.505,7.758
5.857,21.741,14.703,18.597,5.88,23.075
12.4,23.643,18.295,15.483,7.406,8.843
13.42,11.286,17.237,6.591,9.556,13.778
18.76,7.337,8.101,10.29,9.849,14.608
12.899,12.018,16.864,7.698,9.629,12.018
22.012,9.671,9.22,7.216,12.728,14.729
12.828,10.227,15.058,7.051,11.07,13.107
21.229,7.934,7.965,9.133,10.716,14.807
20.251,6.987,7.463,10.497,10.286,15.586
11.592,23.198,20.506,15.39,9.015,7.688
12.238,24.931,18.119,17.655,6.802,8.369
5.083,22.101,15.814,19.946,7.79,23.243
23.984,8.653,9.106,7.469,11.685,15.898
19.58,9.115,9.866,8.884,8.712,14.073
13.146,9.776,16.279,7.107,11.51,10.667
12.897,11.202,16.649,6.606,11.088,9.445
6.104,21.305,17.014,17.304,4.815,24.668
19.461,6.739,7.624,4.908,10.502,12.732
13.945,8.72,19.304,6.637,10.503,11.396
11.913,25.103,17.586,16.057,6.576,5.196
19.84,8.562,8.143,7.109,7.713,15.04
12.63,8.169,15.086,5.364,12.246,12.517
11.624,11.697,15.712,5.545,10.207,10.665
11.671,9.086,15.76,5.856,11.693,12.161
11.661,22.927,19.22,14.569,9.751,7.313
12.815,10.934,17.9,7.731,10.919,13.831
12.513,10.515,14.839,6.26,11.112,9.739
20.868,8.792,7.529,6.015,8.975,15.361
12.804,10.265,17.769,7.877,10.553,14.412
12.077,11.3,13.909,8.815,11.357,11.866
12.533,9.732,15.801,8.195,13.605,10.307
5.153,22.387,16.191,19.56,5.188,22.66
13.99,10.473,18.724,5.911,8.032,12.773
11.982,11.179,15.165,7.844,9.559,12.713
6.995,19.741,15.439,18.175,7.41,22.43
5.494,20.8,18.496,19.169,0.342,23.13
13.789,10.552,17.872,6.347,11.158,12.317
6.118,21.906,15.817,17.453,3.291,22.881
10.482,22.933,18.02,17.886,6.0,8.508
5.092,22.918,15.419,19.024,5.092,25.618
14.73,21.728,18.853,18.619,8.761,6.82
14.365,8.455,17.115,8.953,11.877,12.326
10.597,8.986,17.04,6.782,10.038,11.958
11.983,22.704,22.648,17.921,5.943,7.715
10.629,21.644,19.084,15.907,8.188,7.34
1.99,20.261,18.45,20.211,5.312,24.083
11.446,21.377,19.18,16.236,6.562,7.209
12.657,11.513,16.489,6.86,8.933,14.217
5.593,21.469,15.135,19.012,5.743,22.713
13.074,24.276,20.053,15.105,9.375,6.278
12.514,11.049,15.673,6.77,11.919,12.108
21.198,9.668,8.823,7.5,8.188,12.802
13.916,10.502,16.754,8.437,10.471,10.989
9.148,23.096,19.96,15.008,6.535,8.387
13.913,25.218,18.397,16.108,7.348,6.894
13.649,11.307,18.812,4.007,11.063,12.206
5.976,23.345,17.537,17.385,4.5,23.756
4.455,19.268,16.492,18.534,5.108,24.604
4.902,20.607,17.52,20.068,4.918,22.704
12.357,22.005,20.142,15.832,8.161,9.118
4.342,22.725,16.591,19.123,6.803,22.725
5.617,20.368,17.567,17.129,5.385,23.617
13.4,11.059,16.568,7.399,8.039,12.875
19.872,9.493,8.948,7.526,11.552,16.019
10.8,22.959,19.353,17.46,6.861,7.213
5.909,21.678,16.086,18.035,7.142,22.727
5.979,23.417,16.791,18.215,4.72,23.686
4.262,21.516,15.658,17.626,4.909,23.34
5.549,19.462,15.826,18.851,5.343,24.421
12.799,22.436,17.948,15.478,6.75,8.414
5.732,22.696,16.554,20.02,3.934,22.345
20.442,6.016,7.407,7.916,11.064,15.336
14.351,8.856,15.891,10.419,10.55,11.334
12.057,11.173,15.395,6.074,10.792,11.39
14.712,8.969,17.701,6.215,7.283,12.718
12.655,23.307,18.301,14.67,9.141,8.146
12.963,23.826,19.942,18.565,7.142,6.531
12.21,12.496,16.718,6.797,8.386,10.524
4.602,22.704,15.795,17.556,2.155,23.837
12.158,9.041,17.824,3.896,9.357,9.969
13.202,8.809,15.343,8.258,11.599,11.296
5.177,19.891,17.38,19.073,4.857,24.279
21.972,8.218,8.623,9.119,10.694,15.378
20.668,9.641,8.249,6.725,10.372,15.336
4.918,21.994,16.429,19.269,4.381,23.826
11.658,23.88,18.36,16.07,6.248,7.394
17.973,8.263,6.847,8.203,11.621,13.123
11.134,23.029,20.93,16.007,6.609,6.614
10.015,23.128,19.296,16.167,4.464,8.037
12.843,8.409,15.451,6.246,7.926,11.797
14.382,21.476,16.577,14.49,8.514,8.786
11.799,9.718,14.939,6.073,8.634,10.423
19.819,6.999,8.053,8.275,9.125,14.96
8.682,23.569,19.48,16.774,8.919,6.151
19.626,7.627,7.785,6.543,11.878,13.853
14.101,11.789,18.185,7.07,10.485,12.927
5.428,19.534,17.115,21.043,5.583,22.769
6.102,21.972,15.803,17.683,5.892,24.855
11.981,22.593,19.125,18.195,8.271,6.067
19.872,9.698,7.696,8.475,10.39,14.963
20.059,6.833,6.635,8.894,10.035,16.854
11.671,10.045,18.592,7.141,9.326,10.042
2.982,22.447,17.0,19.927,3.46,24.609
11.53,21.52,19.251,15.187,5.648,5.919
19.825,6.225,8.332,10.208,9.818,14.933
19.97,6.693,7.498,6.906,10.357,14.813
20.456,8.443,7.198,8.569,12.363,15.74
5.3,23.31,15.803,19.636,3.76,24.625
13.676,9.579,16.705,5.607,11.37,13.323
10.214,22.729,19.864,17.117,7.196,8.256
12.742,10.337,18.374,7.047,10.99,12.096
11.136,23.783,20.834,16.21,6.77,9.693
22.083,8.298,7.805,8.958,11.254,13.313
6.357,22.353,17.696,16.689,4.996,25.425
9.194,23.544,20.67,14.52,6.733,7.831
19.643,8.911,7.406,6.842,10.983,15.828
5.003,22.017,17.269,18.079,1.739,24.273
5.075,22.497,15.896,18.901,4.105,23.122
18.87,7.908,7.154,8.034,10.376,14.972
13.896,8.918,17.212,7.309,10.189,11.853
12.226,23.49,15.388,14.77,6.539,7.786
5.13,18.934,16.562,18.694,5.101,25.043
8.281,22.069,17.538,18.223,4.08,23.747
22.229,8.32,8.87,6.304,9.575,15.842
10.639,24.539,19.359,16.016,6.448,6.573
14.579,9.186,16.718,7.267,10.551,11.075
8.022,19.871,17.259,19.477,4.031,22.613
20.75,8.553,7.495,7.095,11.876,14.22
12.483,10.249,17.595,5.21,10.941,13.154
13.06,8.566,14.352,7.607,9.925,13.577
14.117,8.659,15.687,2.117,8.744,10.934
13.821,21.036,20.529,16.02,8.468,7.532
11.014,24.289,19.635,16.332,7.756,6.719
11.949,21.991,19.161,14.918,6.014,9.362
12.209,8.878,17.056,6.026,11.096,9.864
5.665,21.519,16.009,17.987,5.185,24.696
11.424,22.375,20.247,16.315,9.718,7.363
6.099,20.832,15.403,18.959,6.55,23.728
13.333,8.45,18.719,8.481,9.458,11.22
21.652,7.797,7.01,6.618,8.92,14.809
21.207,9.511,9.402,7.289,12.101,16.596
18.493,6.507,9.075,7.154,11.895,12.202
20.93,9.267,8.758,6.621,8.451,14.436
6.787,23.175,14.096,19.083,2.921,22.516
11.485,23.428,19.537,16.61,7.893,9.047
11.121,24.017,20.635,17.399,7.508,6.66
13.013,22.822,18.071,19.022,9.619,7.997
20.88,7.622,8.105,8.165,13.221,14.078
20.75,10.493,7.043,7.047,9.316,14.524
12.743,9.187,17.802,8.638,9.216,13.419
10.495,9.256,16.026,5.306,9.685,9.998
19.975,8.427,8.391,6.535,9.775,14.937
6.923,21.508,18.179,20.313,5.744,23.095
6.875,21.45,16.96,18.971,5.493,21.846
5.678,22.59,15.757,16.245,5.917,22.591
21.635,8.185,8.624,9.17,9.352,13.443
12.557,10.456,16.572,8.05,8.718,13.713
11.028,9.564,15.121,5.651,10.723,10.126
7.127,21.871,16.972,18.12,4.633,23.656
13.219,22.63,17.653,16.325,6.668,9.216
6.226,23.967,17.286,18.117,4.647,22.715
19.223,8.205,8.339,8.713,10.871,12.705
19.833,6.654,8.822,7.57,11.148,14.83
12.123,21.585,19.089,14.577,7.866,4.881
4.504,22.533,17.105,18.738,6.821,23.682
12.678,7.862,19.546,7.604,10.812,11.463
11.56,24.673,18.324,15.661,6.519,8.487
4.831,20.058,15.967,18.576,7.165,22.16
3.382,20.305,15.406,18.113,6.135,23.057
14.811,23.36,17.801,15.529,4.728,9.364
4.493,21.392,18.988,20.04,3.682,24.035
12.616,9.989,14.363,7.156,9.574,12.403
12.249,9.785,16.466,8.807,10.882,9.89
10.426,23.781,18.235,15.939,6.714,9.659
19.99,8.43,6.115,10.132,10.621,13.863
13.406,24.445,18.23,16.886,8.081,8.207
22.179,8.012,8.478,8.384,8.199,14.732
6.19,21.952,16.056,18.162,3.723,22.739
12.103,21.98,17.649,16.963,8.112,7.271
11.065,22.376,16.469,16.474,7.337,8.799
14.925,10.41,15.48,6.594,9.075,8.954
21.309,7.415,6.662,8.342,12.151,14.153
12.3,11.164,14.669,7.3,9.216,12.305
10.879,25.609,19.06,15.046,8.464,7.914
5.638,23.489,18.25,15.705,5.027,19.859
10.697,23.653,19.18,16.755,6.204,5.514
14.054,8.718,17.022,6.764,10.882,12.602
13.418,10.966,15.933,6.492,10.209,10.027
6.74,23.315,15.278,17.934,5.538,23.556
5.412,21.666,16.335,16.391,5.324,22.55
22.286,8.399,6.044,8.374,11.203,13.888
6.952,20.152,14.54,21.285,4.515,24.018
5.969,21.434,15.569,16.684,3.086,22.968
8.125,20.376,17.394,17.554,4.891,22.632
18.71,10.824,8.674,8.257,11.9,15.108
14.223,8.638,14.217,6.121,11.143,12.354
21.066,10.033,8.439,9.194,9.366,15.365
11.453,24.828,18.148,16.624,6.434,10.01
12.98,20.803,20.34,17.953,7.074,4.312
5.48,22.062,16.347,19.247,1.647,22.01
13.419,22.582,18.574,16.308,8.516,8.534
4.375,22.955,17.105,16.678,5.375,23.098
5.192,21.637,17.915,18.961,5.359,23.513
12.925,9.916,16.577,6.61,12.295,10.118
19.546,10.142,8.999,8.447,8.915,16.958
14.998,9.034,16.378,7.696,9.113,12.254
23.026,7.257,7.652,7.354,10.729,12.985
19.345,9.941,7.614,9.859,9.844,14.439
13.797,10.692,16.09,6.329,12.141,10.417
4.926,21.299,15.474,18.959,7.194,22.664
12.119,22.684,17.746,13.934,7.856,5.558
6.699,21.777,18.299,17.228,3.426,22.627
12.791,23.939,20.236,17.692,9.095,8.214
5.22,22.112,16.329,19.454,3.745,21.59
13.264,10.968,19.729,8.414,10.08,12.256
22.545,8.354,8.228,8.499,12.566,12.683
12.302,25.222,16.726,15.68,4.884,7.474
14.697,10.403,15.293,7.757,10.66,11.515
13.107,10.293,17.299,8.084,10.63,11.781
14.836,23.775,16.513,15.638,5.117,7.04
13.077,21.22,17.536,13.842,7.113,8.297
12.01,23.571,20.69,16.985,9.307,4.803
11.526,23.89,20.141,16.198,7.053,7.618
11.447,21.847,18.749,18.015,7.635,7.451
12.482,10.178,15.676,7.256,11.72,11.776
4.886,20.461,17.366,18.258,4.969,23.911
20.343,6.964,6.121,9.71,11.518,15.598
6.659,19.971,16.585,19.928,5.439,22.512
23.8,8.533,9.408,4.967,10.082,13.058
6.504,18.767,18.517,18.342,5.827,23.642
21.097,8.597,8.46,8.562,10.699,14.761
21.573,8.465,6.152,7.457,10.13,14.454
22.783,7.438,9.105,7.205,10.715,13.818
7.43,22.968,16.592,18.518,5.255,23.948
4.074,22.453,16.276,18.107,3.395,22.322
11.517,9.85,15.805,6.073,10.421,10.22
10.648,22.356,18.16,14.639,7.681,5.743
12.801,10.566,15.565,8.012,9.069,12.566
4.698,21.097,15.614,20.312,2.422,24.501
11.45,10.61,15.931,6.632,9.917,12.243
6.872,22.448,16.186,19.767,3.85,22.868
6.373,21.719,15.406,17.194,5.922,22.997
10.589,22.611,19.429,16.719,6.425,6.035
6.589,21.541,18.435,17.795,2.426,21.096
20.61,9.99,7.936,10.151,11.255,13.651
4.388,22.057,16.962,19.201,2.941,23.714
23.703,9.354,8.691,7.52,10.46,14.318
4.152,21.975,16.454,18.41,5.419,22.597
10.693,24.822,19.382,14.118,8.199,7.295
21.632,8.537,7.355,6.617,12.679,14.898
8.183,23.551,21.116,17.776,7.688,6.846
6.419,20.364,16.007,18.259,4.037,23.28
7.929,21.222,15.185,18.936,3.257,25.778
9.919,21.986,20.383,18.396,6.498,6.883
20.65,9.968,7.434,9.6,10.619,14.37
12.841,9.787,15.043,8.697,10.275,12.396
4.957,20.27,17.335,20.604,5.883,22.85
3.927,21.143,16.79,19.307,3.824,23.185
12.105,23.424,19.436,16.531,6.2,7.491
12.71,10.858,15.25,7.721,11.526,10.655
20.642,9.126,8.979,6.363,10.734,15.896
22.342,9.341,7.863,10.495,9.515,15.536
5.364,20.503,18.513,16.721,5.222,24.166
5.512,24.509,14.796,17.774,5.888,23.885
11.342,23.034,18.558,16.624,5.384,8.68
12.832,9.636,16.813,5.725,8.82,10.9
6.223,24.931,15.48,18.78,6.586,25.498
10.32,21.569,19.154,16.35,7.644,7.729
22.114,7.713,6.112,10.032,11.36,15.808
13.334,11.383,17.638,7.373,9.378,11.476
14.032,10.313,16.991,7.317,10.687,11.62
13.536,9.523,16.361,6.599,10.238,13.467
11.87,9.285,14.874,7.833,9.932,12.285
6.104,22.156,15.216,19.03,5.068,23.5
21.629,10.001,6.045,7.54,9.601,15.473
12.937,9.304,16.359,7.072,9.533,11.063
13.855,11.033,15.917,7.461,11.674,11.247
5.178,21.445,16.668,17.78,1.255,25.145
4.793,21.064,15.798,17.903,4.735,23.869
12.952,8.385,15.89,7.844,10.359,12.186
20.558,9.489,9.459,8.189,9.72,14.376
11.789,22.633,16.6,15.599,6.269,7.995
6.091,22.078,16.192,17.445,4.629,24.898
23.569,8.156,9.203,7.136,9.696,14.348
12.288,25.556,20.18,16.931,8.672,6.991
20.415,9.723,8.701,7.871,8.886,16.199
11.482,21.663,20.578,18.808,7.387,10.027
5.122,20.443,16.26,18.724,3.286,22.11
21.229,7.377,7.702,7.551,10.797,13.114
20.837,9.648,9.308,6.334,10.539,13.09
7.527,20.558,18.632,19.917,6.371,24.084
12.634,9.926,16.485,6.091,11.286,12.534
3.765,24.377,15.653,20.374,4.361,24.674
10.801,22.317,20.535,17.065,7.536,8.004
6.883,20.429,15.537,19.396,5.083,23.536
4.888,22.449,16.008,18.084,4.786,24.27
5.977,20.331,15.437,19.552,5.732,24.583
21.602,6.791,7.405,4.284,8.982,15.669
11.418,23.01,18.175,15.379,7.162,7.637
13.488,10.087,16.464,5.928,8.455,12.714
19.115,8.673,7.795,5.092,12.342,14.42
21.245,9.369,10.303,5.563,11.049,14.864
12.489,23.79,20.908,16.572,6.973,6.337
19.954,7.075,7.629,8.781,11.065,16.319
3.47,21.709,16.584,18.85,5.369,23.705
21.267,10.474,8.103,8.483,10.308,13.375
22.367,6.984,7.23,7.744,11.608,14.179
12.457,12.64,16.634,6.825,9.554,12.15
5.05,21.733,16.605,17.29,4.308,22.448
9.728,22.858,18.997,15.264,6.888,5.746
12.248,10.732,15.81,6.731,10.841,10.882
4.439,22.758,16.565,17.796,3.89,24.459
12.607,24.139,17.843,16.52,9.187,7.187
11.651,21.486,18.614,15.092,6.88,6.118
14.102,10.757,16.029,8.272,10.602,9.65
11.879,7.8,18.378,6.171,9.93,11.516
5.096,22.512,16.319,18.391,3.543,23.742
12.917,9.323,15.849,7.728,9.379,12.315
21.247,6.131,7.945,9.674,11.201,14.39
3.387,20.205,19.224,19.195,5.87,23.618
6.165,21.325,18.379,16.996,2.657,21.544
4.544,21.729,16.596,16.769,5.203,23.256
14.029,22.829,17.639,15.855,9.159,5.242
13.065,23.916,18.075,16.119,9.354,8.316
12.19,8.987,15.645,7.801,8.354,13.861
5.056,21.93,16.438,18.984,5.806,25.28
11.613,23.815,21.219,16.499,7.745,7.347
17.099,8.803,8.617,7.478,8.774,14.687
11.737,11.569,16.376,4.673,12.658,12.344
12.774,11.076,15.719,9.42,10.164,12.317
9.901,22.288,20.746,14.037,5.509,6.85
7.788,22.586,17.797,17.009,4.945,24.339
11.582,8.767,18.753,6.497,9.571,10.827
12.021,23.122,20.151,17.173,6.257,6.223
11.988,8.353,19.412,6.143,10.593,11.036
9.851,9.547,16.95,6.852,9.59,11.831
12.793,9.458,18.119,5.511,9.579,11.952
13.419,10.817,15.723,6.647,8.677,12.56
11.945,21.756,18.252,17.04,5.511,7.639
12.371,8.846,16.079,7.756,10.203,11.067
10.498,22.837,17.629,16.031,7.067,8.371
22.191,8.241,8.246,5.303,10.671,13.559
21.139,7.208,7.683,5.83,10.236,16.395
10.683,22.529,19.306,16.064,4.75,4.891
12.554,24.318,16.58,15.793,8.576,7.765
11.542,21.702,19.201,14.865,6.851,7.655
20.832,8.644,8.888,7.086,11.285,14.533
19.188,7.607,8.891,9.492,9.163,16.181
14.434,9.367,14.607,8.612,10.859,12.124
12.148,11.155,15.752,7.923,10.209,11.661
11.537,22.577,19.217,16.368,7.407,7.931
11.285,21.536,18.966,16.28,6.09,5.694
11.79,11.551,16.956,8.291,10.491,12.381
12.321,12.518,18.39,8.266,10.982,12.121
4.92,23.524,16.472,19.953,4.591,23.8
12.287,23.488,18.863,14.855,9.177,9.604
12.026,21.106,19.51,16.158,8.798,6.63
6.214,20.269,16.536,19.325,4.941,25.044
4.769,23.212,16.836,17.914,3.25,22.554
13.718,25.088,17.886,16.373,6.656,7.044
11.327,23.485,18.88,15.497,8.617,7.587
10.682,21.735,17.406,14.884,8.151,5.749
14.273,9.734,18.368,8.615,11.731,10.972
4.992,20.659,17.207,18.134,3.004,24.375
6.389,20.658,14.525,18.569,4.629,23.713
11.413,9.637,18.817,6.49,9.705,11.989
20.896,7.073,8.136,8.206,10.523,15.291
11.695,22.695,17.138,16.675,9.542,7.458
20.113,8.305,7.963,8.078,10.73,14.602
13.852,8.801,16.119,7.031,10.161,12.416
13.049,9.224,16.953,9.096,11.84,12.082
12.229,10.726,16.504,6.397,11.561,10.846
6.427,22.294,15.596,17.697,5.682,24.689
22.736,6.992,7.972,8.983,9.995,16.906
12.963,23.306,18.03,14.16,6.613,6.695
10.775,25.03,20.904,13.948,7.547,6.956
15.501,7.318,15.493,8.106,11.064,10.773
20.115,9.098,5.873,7.365,10.356,15.067
6.45,24.015,18.967,18.594,5.132,25.609
12.881,22.572,19.26,17.274,7.396,7.982
10.124,25.43,17.463,15.458,6.574,8.51
10.198,11.427,16.454,7.706,11.984,12.085
10.971,24.369,19.791,18.055,8.525,8.744
7.136,21.395,17.364,17.184,4.229,23.613
10.798,24.155,18.433,15.279,6.863,7.382
5.276,19.884,16.388,18.916,3.283,25.306
3.948,24.028,15.316,18.173,4.846,23.585
7.532,21.485,15.168,19.387,4.192,23.616
20.232,9.496,8.942,8.872,10.351,16.286
19.816,6.282,6.995,7.83,9.515,15.794
12.593,23.639,17.367,15.766,8.489,7.858
5.167,19.765,15.777,17.102,3.927,23.754
13.174,22.865,17.637,17.994,7.3,7.702
21.123,8.538,6.629,6.354,11.302,14.267
13.097,24.663,20.255,15.497,7.234,7.723
13.931,10.725,14.497,6.106,12.143,12.585
20.923,8.43,8.282,7.743,9.88,15.745
6.782,22.445,14.682,17.509,6.366,23.47
19.051,7.115,8.145,7.017,11.19,16.822
17.502,8.15,9.241,5.715,8.814,14.615
7.539,22.407,19.755,17.916,3.858,23.543
6.024,23.826,17.642,19.105,3.496,23.498
19.107,9.082,7.191,9.551,10.984,16.653
19.365,8.578,7.699,8.029,8.322,14.184
15.328,8.741,16.195,6.8,11.258,12.998
11.804,9.751,16.516,7.966,10.482,11.176
11.37,10.145,17.606,7.957,10.055,11.23
9.622,22.483,17.285,18.334,7.298,7.021
21.26,10.101,8.917,6.401,10.264,14.794
12.866,24.563,21.325,16.742,7.212,8.675
22.139,11.247,9.83,7.499,11.443,15.218
11.639,22.79,18.956,17.011,5.704,4.68
13.415,12.389,15.76,7.331,10.35,10.316
12.45,21.325,17.95,14.834,8.375,7.357
20.238,7.633,6.518,11.384,12.106,14.024
12.406,8.617,16.232,7.366,8.589,11.151
10.419,22.0,19.397,18.213,7.013,8.277
20.133,6.364,7.404,7.372,9.6,14.673
21.049,9.158,7.219,10.303,8.468,16.206
7.891,21.782,15.341,18.382,4.267,22.302
12.278,22.719,18.925,14.166,6.603,6.945
9.865,23.787,17.975,16.675,4.552,9.107
10.152,22.453,18.916,18.443,6.815,7.704
5.033,24.313,16.143,18.88,5.86,24.824
23.22,7.452,5.151,8.365,11.842,15.075
4.002,23.737,15.756,18.885,5.033,22.106
3.919,22.103,16.197,19.38,5.33,22.951
6.205,21.723,12.75,18.987,4.258,23.419
13.94,10.151,16.827,6.953,8.991,11.574
14.014,11.483,13.357,7.635,9.894,11.732
6.018,21.004,15.441,19.15,2.651,21.613
3.774,20.211,16.5,15.107,4.021,25.403
20.215,7.787,8.006,8.074,9.246,14.512
5.102,22.343,16.815,17.284,3.604,23.681
6.97,21.661,16.518,17.08,6.313,22.529
11.18,8.555,18.927,6.568,10.948,12.993
7.415,21.457,19.773,17.646,5.028,23.292
12.808,7.791,16.544,6.607,10.404,10.963
20.364,8.639,8.763,7.719,12.536,14.811
13.778,10.93,16.026,8.121,11.668,10.923
5.196,20.96,14.741,18.214,4.373,22.201
21.455,9.211,10.446,8.34,10.352,15.041
5.648,20.301,16.359,18.634,5.64,22.432
22.71,8.736,7.875,9.755,9.56,13.397
14.022,11.019,16.435,7.932,9.723,10.695
7.779,21.485,15.175,18.153,8.444,21.831
5.184,22.307,15.993,18.229,4.562,22.711
12.879,24.101,17.72,15.708,7.431,7.386
20.24,7.658,8.355,9.689,11.705,13.903
23.344,8.592,9.01,7.973,11.598,12.29
21.231,9.243,7.474,7.915,7.902,14.347
19.986,9.751,8.549,7.392,11.491,14.276
12.383,10.106,16.209,6.051,9.122,11.596
13.712,10.423,14.285,7.599,11.906,10.977
21.879,7.494,7.2,7.113,10.621,15.899
20.895,7.395,7.895,6.58,10.372,15.738
21.596,10.096,7.767,7.994,8.983,14.544
13.443,10.866,15.992,6.907,8.795,9.833
11.828,10.505,13.046,6.976,11.077,12.9
19.539,9.209,9.559,8.244,8.774,14.006
7.439,21.28,15.904,17.988,4.345,22.922
20.992,8.463,9.618,10.209,11.811,14.708
11.319,10.736,18.712,7.597,10.369,11.871
7.596,21.343,16.192,19.93,4.619,25.507
11.017,24.579,19.373,16.776,5.916,8.837
6.463,21.829,17.21,17.362,6.496,24.54
20.75,7.821,7.534,8.268,9.241,14.443
5.298,22.455,14.976,18.104,6.115,22.852
20.846,10.204,7.831,9.357,10.273,14.859
12.414,13.333,16.089,6.326,8.958,10.72
20.159,9.261,4.938,7.833,9.615,13.903
21.233,8.543,8.75,6.517,10.765,15.109
11.231,23.653,19.207,16.235,6.917,7.907
5.007,20.649,16.563,17.831,5.015,25.039
19.406,7.626,8.59,8.178,9.537,15.589
13.548,23.637,17.938,15.589,7.56,6.684
10.374,22.115,16.633,15.63,9.033,7.291
7.217,21.426,16.697,18.116,3.179,25.159
13.556,8.942,16.583,8.023,11.383,10.875
12.578,24.195,19.049,17.356,10.492,9.491
12.061,9.033,17.577,7.769,10.561,12.994
13.479,11.323,16.207,8.777,10.587,12.525
10.782,24.696,19.327,15.612,6.406,6.817
21.337,8.63,8.193,6.927,12.183,14.266
4.921,20.864,13.641,18.522,4.245,22.877
16.323,11.111,16.589,6.296,9.066,12.168
3.463,22.81,15.459,17.388,4.685,22.941
13.021,24.94,18.065,15.707,8.913,9.458
13.517,11.376,16.337,6.588,9.083,12.645
4.864,22.332,18.37,18.304,4.32,23.418
14.838,10.069,17.691,5.139,11.697,12.47
10.955,24.113,19.963,13.639,6.653,10.217
4.364,21.317,17.187,19.385,5.414,23.234
2.757,22.037,17.349,20.518,2.971,25.161
13.656,10.766,16.528,6.269,10.637,10.64
13.186,22.486,18.914,18.414,6.684,9.611
20.04,8.283,7.734,7.992,11.177,14.325
6.975,23.379,13.518,18.89,4.024,25.054
21.117,9.697,10.793,6.66,11.485,13.962
21.201,5.934,8.864,6.365,9.543,15.049
13.153,23.106,19.831,16.711,7.846,7.11
13.074,10.534,17.685,8.627,10.177,11.189
15.421,9.104,17.768,5.726,9.692,11.655
6.73,22.754,16.273,19.996,2.313,25.967
6.359,21.794,16.298,18.897,6.184,23.997
12.358,24.427,19.116,17.1,6.48,6.886
3.874,20.587,17.654,19.303,4.063,24.589
12.454,10.389,17.858,7.789,11.321,12.416
11.422,9.926,15.955,4.829,10.888,10.769
13.553,9.205,17.966,7.307,8.194,12.74
20.527,6.873,9.84,9.266,11.9,13.524
6.833,22.208,16.519,17.64,5.706,23.962
19.535,9.088,8.357,6.863,9.137,15.27
22.013,7.12,8.316,8.379,9.551,15.239
11.642,24.006,18.76,15.529,6.942,6.787
13.989,9.778,16.672,7.3,10.341,11.034
21.847,8.122,7.177,11.262,11.277,14.741
5.896,21.979,15.214,19.173,2.94,22.929
19.909,6.502,6.686,7.878,9.49,14.475
16.633,8.291,14.817,7.4,10.403,12.155
12.464,24.201,20.684,17.58,8.116,8.718
11.574,22.423,20.214,18.276,6.856,6.701
13.445,13.258,17.68,8.187,10.06,11.275
12.227,11.239,15.099,7.485,9.636,11.788
11.667,23.917,19.484,16.199,8.748,8.6
5.46,20.235,16.498,19.055,4.085,25.743
22.238,10.114,8.864,7.538,10.472,16.694
6.091,21.737,15.679,19.588,2.062,23.637
11.908,9.123,16.689,8.91,9.448,11.159
6.189,22.259,17.174,19.66,6.286,23.43
14.379,10.959,15.987,7.804,8.575,9.223
15.661,9.236,13.861,5.542,11.356,11.068
11.517,25.09,19.563,16.813,6.007,8.25
5.234,22.135,13.997,17.482,5.437,22.576
4.597,20.769,17.763,17.141,5.0,23.56
12.268,23.291,16.475,16.182,5.871,8.239
20.603,8.523,8.216,5.585,10.366,13.812
3.123,22.282,16.455,17.394,2.844,25.562
12.484,11.341,17.662,6.433,8.685,11.859
13.139,11.234,18.462,7.064,11.67,13.837
11.629,22.266,17.977,15.869,8.216,7.025
11.854,10.921,15.329,8.601,9.897,10.852
11.42,24.672,17.6,16.019,7.602,6.906
12.451,22.252,18.99,16.278,8.739,8.005
21.741,9.488,8.235,7.383,9.077,14.885
6.385,24.744,13.967,18.236,5.222,22.975
13.655,9.833,16.685,8.223,9.175,13.685
12.973,10.139,18.784,7.606,10.792,11.715
11.152,7.683,16.748,6.307,9.97,12.039
6.084,21.083,15.949,20.879,4.492,24.62
21.682,8.505,7.452,7.694,8.8,15.019
13.074,9.752,17.224,8.059,13.181,10.225
21.485,7.995,8.788,9.043,10.209,15.465
13.705,10.517,16.57,5.53,8.446,10.258
10.877,24.972,21.316,16.242,8.936,6.168
5.789,21.662,15.312,19.893,5.348,24.469
5.088,21.73,17.564,19.571,4.068,24.297
21.19,6.091,9.62,8.941,10.63,15.008
20.505,10.057,8.231,8.025,10.413,15.461
5.045,22.737,17.214,19.813,5.94,24.201
22.064,8.408,7.098,9.372,8.92,15.038
20.124,7.715,7.632,6.558,10.315,15.364
5.881,22.26,16.453,19.398,5.312,23.649
22.322,8.445,6.897,8.936,9.023,13.606
10.232,23.62,19.346,17.704,8.386,7.094
5.82,19.805,16.862,18.348,7.052,21.859
21.164,8.554,7.173,7.677,9.523,15.624
9.987,22.911,20.896,15.498,7.054,6.786
23.411,6.174,7.731,7.727,10.218,16.319
12.731,25.138,18.429,14.922,4.487,6.259
20.359,8.769,8.695,5.697,11.028,13.683
9.786,22.479,19.935,17.701,5.91,8.291
4.537,20.568,16.257,17.006,6.65,26.027
10.141,24.247,18.892,15.628,7.638,8.57
13.206,10.728,15.679,7.838,11.58,12.517
10.621,24.198,19.058,14.23,6.322,6.831
20.349,8.827,8.049,9.144,9.667,12.411
6.233,21.531,16.464,19.318,3.616,24.157
12.611,22.197,17.768,15.189,7.303,7.184
11.268,22.843,19.072,14.351,5.702,7.87
11.715,21.336,19.988,12.968,10.694,9.238
4.806,21.423,16.93,18.113,3.381,23.65
7.921,21.139,15.089,19.178,4.555,22.016
14.425,10.437,17.541,4.545,11.092,11.032
19.073,9.369,8.38,7.053,10.838,13.122
12.575,23.102,19.345,14.912,7.539,3.846
20.992,10.532,8.741,7.057,10.583,16.793
21.513,9.707,6.379,7.728,10.368,13.996
7.766,19.446,14.741,19.38,3.957,24.448
10.954,11.394,15.842,9.221,10.663,9.441
9.527,23.176,17.296,17.371,8.377,6.358
11.081,20.826,18.603,14.984,7.531,6.295
10.16,22.963,20.214,15.283,6.716,8.148
14.908,8.76,13.823,6.519,8.979,11.119
12.155,23.383,20.072,15.496,6.746,7.422
12.041,22.42,17.599,17.036,8.192,6.471
12.977,11.332,17.505,7.063,7.301,10.974
14.125,11.755,17.791,7.666,10.412,14.089
5.536,20.84,16.934,17.088,7.326,25.295
5.245,19.623,14.848,19.004,5.935,24.536
20.643,8.536,7.356,5.946,10.762,15.73
12.135,25.21,19.675,16.5,6.274,5.778
14.127,10.859,16.854,7.447,10.599,10.894
10.813,24.153,18.189,16.102,8.26,6.666
4.872,20.297,17.886,20.071,4.493,23.243
13.384,10.861,16.393,8.707,11.347,11.628
18.891,9.301,8.879,9.656,9.261,14.743
5.25,20.461,16.97,17.751,4.383,24.875
12.658,22.808,19.572,15.978,8.323,8.174
11.123,23.181,17.679,16.277,5.41,6.092
21.639,10.864,7.843,6.206,10.81,14.725
4.176,21.633,17.341,19.671,5.281,23.242
7.052,22.538,16.16,18.302,3.341,23.393
21.548,8.644,6.941,9.499,10.335,13.466
20.581,8.095,9.984,5.944,9.387,14.309
12.112,11.126,17.312,7.658,8.836,11.182
22.509,8.823,8.082,9.103,9.652,14.416
11.367,23.542,18.983,15.105,8.189,7.377
9.559,25.784,17.759,15.018,8.761,6.974
12.353,9.647,14.938,7.731,9.385,12.058
22.107,8.857,8.245,7.874,9.718,15.453
10.618,23.253,17.067,16.736,6.098,7.102
4.503,20.496,17.35,18.728,6.944,24.881
13.243,23.849,18.901,15.763,7.775,9.332
19.767,9.092,10.241,7.772,11.701,13.337
5.803,20.247,17.629,18.623,3.582,21.488
13.201,8.809,19.649,7.004,10.487,11.934
20.898,9.785,5.497,7.817,7.897,15.005
20.724,7.072,9.03,7.514,13.427,15.971
12.195,23.153,18.397,14.375,8.053,6.797
5.197,21.393,16.046,18.018,2.957,22.665
14.346,8.952,15.133,6.756,10.631,10.416
11.846,23.356,17.834,16.382,9.112,7.97
4.213,22.045,14.194,17.4,3.888,23.407
11.387,22.403,19.411,17.765,6.72,4.567
14.406,10.352,17.312,5.922,10.851,11.465
12.564,9.535,17.356,6.17,11.56,11.836
15.933,12.054,16.297,8.605,10.383,11.144
3.442,22.213,17.295,18.215,4.79,25.11
19.033,10.366,6.966,7.351,11.161,13.408
5.166,22.797,17.732,20.355,3.854,23.444
5.637,19.467,15.809,18.784,5.242,23.469
11.33,21.909,18.476,16.612,7.382,7.655
5.252,22.138,17.557,16.717,4.738,25.646
2.957,22.423,15.99,20.797,3.298,22.673
20.178,8.45,7.88,8.445,9.838,15.346
11.563,23.137,19.977,17.198,8.162,7.1
23.555,8.716,7.985,7.766,11.064,14.773
12.67,9.002,16.317,7.312,8.866,11.835
13.541,11.328,16.235,7.829,8.89,9.949
12.841,9.043,17.466,8.239,12.336,11.609
12.355,8.916,17.178,7.377,8.847,12.393
20.994,9.237,8.014,6.716,10.544,16.164
12.229,10.412,16.756,4.883,10.415,11.023
5.288,21.884,16.981,17.961,4.528,24.005
20.747,8.758,8.816,7.97,11.344,14.726
20.419,9.623,8.053,6.684,9.677,15.715
4.637,21.79,15.514,17.841,6.228,22.334
23.789,8.805,8.411,6.256,10.345,15.977
10.353,24.207,18.973,15.144,6.948,8.259
13.519,13.054,16.658,9.14,11.828,11.703
15.153,12.578,16.752,8.823,10.668,11.384
12.458,22.359,20.825,17.48,5.822,6.146
12.123,10.867,16.042,6.932,11.408,12.678
14.268,22.498,18.837,15.962,5.091,7.063
13.66,10.153,17.441,7.881,9.72,10.701
13.104,11.814,18.092,7.414,7.288,12.449
20.966,10.137,8.854,6.265,10.534,15.413
14.802,8.991,14.251,6.98,10.584,13.233
4.767,22.92,16.766,16.781,3.614,25.575
22.307,9.867,8.441,8.069,8.386,12.754
11.148,22.617,17.42,14.94,6.441,8.146
4.831,23.275,17.833,19.582,4.044,23.37
3.968,21.378,15.374,19.181,6.295,22.242
19.757,9.231,8.293,9.142,10.815,15.694
5.957,21.46,15.199,20.276,5.842,22.219
5.298,22.364,15.978,18.197,4.627,24.286
20.543,10.081,6.489,8.914,13.033,15.463
13.266,10.425,18.548,7.995,9.61,11.316
6.789,22.359,17.657,16.838,4.231,22.605
18.108,7.667,9.096,8.373,10.905,12.618
12.822,9.004,16.992,7.68,11.5,11.956
14.404,8.757,17.625,8.657,10.281,10.447
11.513,10.552,15.408,8.426,11.249,11.969
13.84,9.711,16.434,5.717,9.59,11.918
8.936,24.344,18.949,17.703,5.788,8.06
21.609,9.265,8.902,8.135,9.935,14.143
13.264,11.322,15.662,6.546,9.003,11.654
21.129,9.856,8.508,7.443,10.625,13.81
7.241,21.787,14.687,18.098,5.034,22.939
6.14,22.323,12.336,17.702,3.032,24.195
4.305,21.793,17.049,19.322,4.161,24.301
18.913,10.709,5.165,5.781,12.556,14.831
6.897,22.368,14.481,19.114,5.355,24.222
13.251,12.096,15.966,6.409,9.916,10.2
13.027,23.481,18.118,16.192,7.987,8.526
12.803,9.822,15.788,8.581,8.525,11.541
13.719,10.241,16.78,6.716,9.921,11.466
10.967,23.079,20.702,14.325,9.759,7.599
13.312,10.906,15.984,5.859,10.323,12.264
11.872,24.246,17.134,18.271,8.067,9.068
20.654,9.204,7.892,8.421,9.028,14.64
12.778,23.607,19.078,16.657,7.547,8.927
6.605,23.555,16.086,19.781,4.849,22.981
5.91,19.602,17.077,15.916,6.11,23.328
11.432,22.375,18.657,16.666,7.057,7.813
6.005,22.412,14.181,17.302,4.823,23.542
12.596,23.247,17.531,17.559,6.729,6.313
11.967,23.147,19.806,17.437,6.493,5.838
11.524,24.223,19.462,16.609,7.029,7.88
23.286,8.896,10.199,7.665,10.727,15.33
21.237,7.823,7.711,9.899,8.696,17.074
3.699,21.828,16.424,17.392,4.081,25.532
20.012,7.921,6.737,7.098,11.902,16.981
12.281,10.53,16.167,7.3,14.241,12.024
20.36,7.585,7.228,8.177,9.953,13.519
20.159,11.813,7.006,8.366,11.013,15.48
10.201,11.152,16.124,6.137,10.62,12.146
11.929,25.128,18.58,17.526,7.091,7.953
14.765,10.805,16.852,10.026,7.605,14.284
12.803,8.721,15.57,5.158,10.097,15.445
10.31,10.953,16.535,4.491,9.42,9.56
13.612,11.938,15.58,7.792,7.873,9.524
5.413,21.211,17.921,18.385,2.785,22.955
21.91,8.206,7.727,8.312,9.903,15.128
12.145,23.878,19.794,16.841,7.445,6.672
6.316,24.333,17.489,18.662,3.319,23.017
6.339,24.056,16.4,17.497,4.954,24.841
20.028,10.058,10.474,7.81,11.849,13.052
11.906,24.609,18.335,17.98,10.195,7.0
11.685,9.436,14.938,7.2,9.991,12.216
21.268,7.976,7.378,9.836,11.496,14.014
20.928,6.832,7.67,6.775,10.816,12.814
4.425,21.111,14.913,19.398,4.025,20.048
12.053,11.499,17.899,7.827,10.742,9.781
21.239,6.662,9.232,6.836,10.585,15.197
12.515,12.926,17.585,8.906,10.829,11.742
11.813,21.497,20.407,15.49,6.892,10.21
5.848,22.199,16.222,18.501,4.55,24.936
11.825,23.734,18.506,15.713,6.725,7.408
11.668,22.868,19.605,17.341,6.634,7.363
20.171,8.878,9.507,7.877,10.937,15.12
10.475,23.718,17.099,16.534,7.668,9.448
11.828,26.568,19.33,17.063,7.962,7.12
11.923,11.387,16.378,7.51,10.599,10.945
19.831,9.028,9.096,9.28,8.241,14.952
21.373,10.241,7.466,8.416,9.717,14.095
19.486,9.378,6.886,6.637,9.676,15.555
16.027,9.675,18.329,5.775,10.638,10.82
7.217,21.6,17.584,18.419,3.668,25.063
11.906,8.332,14.811,6.037,11.383,13.204
18.891,7.635,7.503,10.123,10.432,14.554
22.434,8.158,8.607,10.148,11.087,16.208
6.313,23.493,18.676,18.561,6.094,20.51
18.635,8.079,7.789,8.042,8.816,13.895
12.539,10.4,15.677,7.031,10.179,10.376
12.966,9.308,17.606,8.579,11.824,12.305
12.772,9.687,15.701,7.168,8.988,13.5
11.15,8.042,17.897,3.474,9.334,12.455
11.49,22.401,18.233,16.291,6.165,6.836
20.66,7.79,6.994,10.03,11.337,13.035
4.866,20.796,17.475,18.262,5.306,23.805
13.513,9.35,16.353,6.944,10.886,9.289
5.561,22.009,16.023,20.246,1.744,25.058
19.928,9.305,6.797,9.228,11.415,14.09
12.789,9.728,16.63,9.321,8.714,11.594
12.958,9.83,14.63,7.283,8.435,14.603
13.414,10.252,16.195,5.317,10.732,13.782
14.483,9.349,18.548,8.148,8.894,10.866
12.248,22.954,20.062,16.868,7.94,8.164
22.154,8.038,8.037,8.77,9.537,14.976
21.788,7.225,8.556,7.28,9.984,15.052
11.949,22.366,18.91,16.036,7.245,6.576
11.687,23.086,17.902,15.297,7.165,7.877
20.665,8.555,7.359,7.618,8.957,15.744
3.388,20.9,16.725,17.357,7.163,23.85
5.591,21.905,14.251,19.482,3.712,23.549
6.29,21.508,16.355,18.779,5.84,22.903
5.382,19.63,15.989,20.535,4.525,22.466
22.346,8.863,7.059,7.302,11.484,14.709
11.895,24.493,20.116,16.882,7.002,8.326
10.145,12.181,16.678,8.707,8.488,11.762
12.176,24.309,19.988,15.589,7.236,7.775
14.636,8.552,16.782,5.896,9.078,12.207
6.476,21.583,15.454,18.452,5.234,21.97
7.904,21.644,16.528,19.343,3.269,25.03
20.969,7.848,7.033,8.654,10.947,17.063
19.127,7.801,11.002,8.379,8.22,13.131
11.53,8.998,16.106,5.734,9.813,11.34
5.259,22.356,17.411,20.422,5.914,23.791
18.375,7.661,5.904,9.04,8.982,15.464
11.977,23.179,21.143,15.153,9.566,7.474
4.489,21.218,15.415,17.357,2.792,23.798
14.312,11.795,17.253,6.678,8.155,13.969
7.81,22.013,17.145,17.079,5.556,25.022
22.179,7.911,9.515,6.846,12.168,15.02
11.692,23.665,19.685,16.513,6.901,7.669
13.527,21.677,18.544,17.66,8.825,7.23
19.97,7.178,7.215,6.813,10.741,16.272
12.387,9.343,16.932,7.169,9.328,12.055
22.7,8.651,8.336,8.404,10.008,14.58
8.747,23.793,19.608,18.211,6.49,6.392
5.226,22.277,16.945,20.342,3.945,23.45
4.745,19.991,16.688,18.41,5.931,23.169
21.934,10.519,7.677,7.364,10.383,15.309
15.204,10.453,16.614,7.024,9.81,12.281
13.279,21.878,19.482,14.645,8.715,7.126
21.251,7.008,6.802,7.88,9.128,13.284
9.904,23.758,19.733,16.881,8.683,7.678
21.05,4.556,6.972,6.159,11.153,14.925
20.918,8.641,9.586,7.046,11.683,13.435
9.857,8.235,16.141,7.576,6.953,11.629
22.982,7.708,7.856,6.69,9.534,13.506
9.624,25.572,17.283,16.51,7.519,4.063
5.753,21.354,16.195,18.407,5.063,22.563
22.664,10.717,9.656,7.957,10.251,15.094
21.993,8.776,10.262,8.344,11.086,13.786
11.953,9.675,15.377,9.116,9.991,11.914
6.068,21.896,17.183,19.531,2.638,22.689
13.772,10.489,16.714,7.965,9.148,12.651
6.291,21.957,16.628,16.608,6.002,23.844
12.176,25.812,17.278,17.732,7.652,8.441
12.513,10.247,16.834,6.491,9.677,12.835
14.74,9.355,17.573,6.842,10.481,9.212
3.681,21.848,14.315,18.594,3.945,22.675
4.611,22.169,16.923,19.286,5.766,22.08
22.176,7.305,6.848,10.682,8.578,13.494
4.353,21.716,14.013,17.806,5.133,21.588
2.472,21.519,15.697,16.962,5.721,21.823
9.003,20.84,15.527,19.31,4.013,23.364
12.489,8.265,15.431,7.645,9.083,10.84
6.796,21.015,17.15,18.437,6.156,22.175
19.872,9.427,7.577,7.414,11.686,13.799
12.117,9.828,18.157,7.649,10.854,13.429
3.928,20.113,13.807,19.397,4.253,24.698
11.477,11.384,15.637,7.24,9.77,12.423
11.928,23.105,17.277,16.507,5.842,7.635
11.846,10.271,15.18,7.985,8.03,12.012
13.169,10.484,15.046,7.259,10.576,10.833
12.144,25.529,17.12,16.142,6.346,8.161
13.819,10.385,16.715,8.44,9.743,12.482
13.911,10.408,15.508,6.722,7.315,14.067
10.847,23.254,20.441,15.74,7.385,7.505
12.208,9.15,17.114,6.7,10.99,12.508
12.674,23.464,20.164,16.911,7.468,7.072
7.318,22.909,16.8,17.141,6.822,23.628
22.072,9.56,7.751,7.949,11.617,16.777
21.356,8.572,8.601,8.04,9.625,13.709
10.0,24.338,20.979,15.514,6.862,8.055
20.278,8.524,9.532,6.989,9.864,14.442
4.721,22.15,16.937,19.133,4.406,24.538
13.551,9.957,17.564,7.697,11.152,11.746
21.147,10.776,8.948,7.015,10.823,15.776
21.726,11.344,7.354,6.79,9.589,16.914
5.948,19.127,18.181,17.441,3.789,23.902
2.475,21.117,14.929,19.07,4.498,22.96
17.813,9.372,9.163,8.879,7.577,13.301
12.858,24.519,19.491,14.128,7.027,10.201
10.795,8.535,16.191,5.972,11.905,9.88
14.433,8.778,14.903,8.595,10.074,11.901
4.773,21.819,17.567,19.31,3.312,23.268
19.617,8.319,7.342,5.792,10.825,14.567
5.522,20.764,15.105,19.052,5.482,23.489
6.767,20.119,16.969,18.289,6.034,21.728
21.542,9.966,5.234,9.321,8.348,15.182
6.192,21.863,17.612,18.819,4.798,25.069
9.213,24.807,20.421,15.769,6.991,7.349
14.06,10.768,17.775,7.637,11.636,12.146
13.12,9.898,16.188,5.362,12.5,12.033
5.012,21.582,17.117,19.971,4.414,25.98
9.939,24.057,17.419,18.395,4.938,9.472
13.658,23.622,18.471,16.291,7.578,5.43
4.49,22.035,17.503,16.928,4.097,24.86
12.656,10.444,15.88,5.819,10.466,9.503
19.827,6.899,6.806,7.747,8.79,14.646
4.625,19.846,18.179,18.695,5.768,22.692
11.822,23.906,18.633,14.085,6.917,8.388
12.756,23.304,16.834,19.881,9.531,8.303
11.407,9.889,17.27,6.569,8.526,10.813
10.881,25.262,19.229,17.052,6.45,5.973
6.501,22.111,16.625,19.729,6.439,22.211
10.505,22.34,22.495,17.783,5.815,5.849
11.08,25.394,21.347,15.369,6.777,8.467
20.862,5.115,6.772,9.665,12.182,15.442
12.29,8.305,16.157,8.166,12.413,12.636
22.034,10.529,8.554,7.987,10.434,13.556
11.975,10.067,15.781,5.106,10.829,12.682
3.916,22.787,16.459,21.457,3.877,22.684
11.735,9.838,18.417,8.389,8.105,10.43
13.179,11.285,15.755,7.15,11.619,12.985
7.021,21.708,16.34,19.24,6.619,25.529
10.72,22.546,18.241,17.938,4.874,11.201
20.028,8.613,8.121,7.815,10.375,14.963
14.786,11.34,16.873,4.454,9.705,11.237
6.611,23.327,14.087,15.667,6.789,22.105
5.933,22.32,18.364,17.75,4.576,24.106
12.246,9.888,18.411,7.063,9.375,12.644
12.699,9.861,16.124,8.068,11.216,12.131
11.435,23.561,19.289,16.673,7.27,6.983
21.177,8.907,9.353,7.383,10.36,15.791
10.022,20.817,18.798,15.772,6.625,9.023
22.204,7.737,9.219,7.768,10.305,14.501
10.774,22.869,20.163,15.597,8.439,6.08
19.936,5.696,8.263,9.872,9.713,13.861
4.802,20.173,17.287,19.493,3.564,23.455
20.148,7.189,10.001,6.085,9.858,15.585
6.825,22.433,15.656,17.368,2.231,22.76
4.893,20.837,15.94,20.189,5.415,22.357
6.973,22.239,15.001,16.579,4.07,24.464
11.835,9.478,15.782,6.318,9.017,11.65
5.495,22.424,16.276,16.843,5.418,24.312
10.587,23.037,18.909,16.128,7.837,9.153
20.244,8.218,8.227,8.866,11.482,15.33
5.113,21.378,15.961,18.755,3.824,25.485
15.282,10.969,17.939,5.155,11.43,10.624
4.45,20.239,16.576,19.053,4.073,24.649
7.158,21.903,17.306,19.373,2.066,23.7
21.251,8.237,10.703,6.952,10.168,15.911
21.706,10.33,8.177,8.967,10.452,14.104
6.253,22.219,17.173,17.556,2.347,24.275
21.944,9.422,7.945,9.216,11.353,14.616
21.536,8.387,5.956,6.753,10.973,12.813
13.36,22.981,20.222,15.888,6.284,7.874
14.843,22.138,17.611,15.383,7.475,5.365
20.08,10.24,8.102,9.257,11.993,14.496
21.209,6.807,9.058,7.475,11.435,14.798
12.281,22.181,18.249,15.739,8.464,9.449
10.661,23.952,18.348,16.074,8.509,6.516
20.293,5.827,8.67,6.126,9.562,15.795
10.824,24.72,20.424,17.428,8.065,7.547
13.135,23.828,17.8,13.971,5.328,5.913
4.765,21.729,15.651,18.089,5.562,23.113
11.286,10.436,16.544,5.999,11.38,12.28
4.19,21.654,17.034,20.258,5.661,25.027
12.716,10.574,17.134,5.773,10.871,11.42
11.423,24.999,19.338,16.264,9.712,5.803
20.64,8.645,8.226,7.216,9.78,14.622
5.033,21.664,16.18,17.768,6.155,22.019
21.185,9.259,8.099,8.763,8.577,15.851
5.072,20.682,15.46,17.813,7.309,25.882
21.321,7.72,7.539,8.755,10.243,13.485
13.387,9.844,17.985,5.988,10.996,10.932
5.97,20.394,15.945,18.42,5.052,23.741
7.014,22.606,14.621,20.319,1.438,26.295
13.131,11.362,17.237,7.783,8.831,12.271
22.08,8.413,8.328,8.396,11.377,12.85
11.681,21.657,19.572,18.596,7.927,6.925
5.742,21.175,18.185,19.002,3.956,24.279
20.77,8.49,9.415,8.159,10.604,15.03
6.422,22.348,17.706,18.379,4.112,22.895
7.662,21.614,15.713,19.214,3.355,22.9
12.491,24.524,20.421,18.705,7.729,7.765
11.751,9.913,15.127,6.374,10.499,12.519
5.846,21.187,15.655,17.939,3.907,23.953
14.722,11.027,15.044,8.913,11.59,11.348
13.65,8.73,16.977,5.092,7.525,13.837
12.541,10.297,16.579,7.625,10.794,11.432
6.114,21.42,17.757,18.736,5.61,25.142
4.985,20.278,14.879,17.554,6.754,24.504
5.086,22.155,17.731,18.303,4.629,24.539
21.322,6.753,8.563,8.394,9.982,15.14
13.194,9.3,16.999,6.909,11.394,10.273
10.897,9.927,14.983,7.301,9.966,11.161
6.535,22.943,16.678,18.287,3.801,23.245
11.837,9.995,14.728,6.687,9.054,7.988
22.272,8.543,8.195,9.081,11.406,14.121
14.3,9.025,15.193,9.051,10.854,10.051
12.149,22.963,20.034,15.56,7.274,8.379
12.996,10.036,15.944,9.76,11.024,10.402
3.59,21.695,18.731,18.667,4.857,23.739
21.842,8.229,5.523,8.551,9.315,14.984
11.468,24.591,17.56,15.86,8.58,7.076
5.567,21.313,16.156,20.939,4.295,21.393
11.644,11.314,16.334,6.209,8.954,10.03
10.953,24.044,20.514,16.627,8.263,8.168
21.949,9.66,7.298,8.172,10.286,16.5
19.205,8.588,6.145,8.934,11.368,13.755
14.654,9.796,16.406,7.88,11.549,12.375
12.753,10.499,17.071,5.405,10.999,9.862
11.828,9.593,16.114,7.395,9.324,12.039
12.484,10.174,16.013,8.423,9.915,11.045
21.632,12.086,7.418,7.62,10.215,14.678
11.926,24.232,16.953,16.941,6.641,8.121
20.308,9.721,8.301,6.192,10.886,13.804
12.512,24.074,16.662,16.401,6.874,6.525
3.438,21.861,18.457,19.294,5.537,22.637
8.437,21.943,15.696,16.496,7.096,23.518
10.465,24.102,17.334,15.929,6.231,7.588
13.774,21.023,19.648,16.076,7.623,6.958
12.128,23.716,18.154,17.48,7.226,6.529
11.477,22.782,18.129,16.85,9.009,8.841
11.486,23.868,19.381,17.373,6.971,8.291
11.51,21.975,18.367,14.932,7.285,6.148
7.201,19.892,16.41,15.818,2.142,22.707
22.555,11.414,7.526,7.832,11.888,14.891
3.926,20.419,17.528,19.199,6.392,22.895
14.622,21.65,18.831,14.873,9.347,6.731
21.733,10.327,9.696,8.06,11.304,14.865
13.212,22.069,18.124,16.981,8.562,8.9
6.103,21.645,17.163,18.806,4.645,22.122
12.726,9.919,18.556,7.663,10.471,11.328
3.706,22.173,17.109,17.566,3.499,24.935
12.41,9.822,19.221,8.122,10.243,11.866
11.926,22.726,17.095,16.371,6.162,8.004
12.207,20.339,18.357,17.726,6.467,7.168
6.586,22.294,16.814,19.654,5.348,24.744
19.554,9.156,9.567,6.955,9.538,16.204
21.633,7.968,9.08,9.465,8.448,13.256
7.994,22.003,15.339,19.457,3.314,22.399
9.036,9.66,16.536,5.961,10.595,11.137
12.218,9.354,17.876,7.021,11.386,11.968
14.007,8.741,15.497,7.364,9.963,11.204
20.484,7.568,8.428,8.391,10.749,14.948
10.619,23.179,19.023,17.602,5.405,9.271
14.975,10.63,17.915,9.813,9.026,9.699
10.968,23.402,20.66,16.614,5.508,8.042
19.342,10.6,6.939,8.932,10.959,15.61
13.171,9.956,16.441,6.51,9.457,11.678
9.609,21.856,16.465,16.186,7.256,7.044
6.383,19.831,16.082,17.363,5.409,24.822
12.29,8.292,16.704,8.327,11.65,10.21
22.603,9.704,7.928,7.745,8.279,14.71
12.48,22.976,19.792,15.889,8.844,7.879
12.249,10.214,16.841,8.565,8.806,12.329
5.629,22.247,15.857,20.037,4.248,21.363
5.756,21.082,16.81,20.42,4.97,21.95
7.903,21.38,17.172,18.496,3.062,23.089
19.61,8.269,7.893,8.039,10.227,13.688
19.46,9.139,6.764,8.473,11.758,15.252
23.06,8.927,6.324,7.76,11.423,15.873
21.017,8.617,7.304,8.723,11.483,14.789
22.36,6.545,7.562,8.644,12.502,14.764
19.949,10.093,7.094,7.567,11.654,15.711
12.781,10.645,18.553,6.667,10.864,11.428
11.948,11.036,18.172,6.978,10.199,11.986
11.644,12.749,16.122,4.458,10.975,12.478
11.958,10.243,16.776,7.587,11.846,11.53
10.676,22.673,18.699,17.294,7.051,5.533
13.754,11.0,15.816,8.642,12.059,10.845
6.497,20.599,16.523,17.851,6.191,22.903
12.627,11.072,15.69,6.825,11.675,10.714
6.91,21.536,18.173,19.021,2.522,23.846
5.8,22.32,14.708,17.741,5.351,23.613
21.14,8.726,8.999,6.49,11.12,13.231
12.694,10.291,18.336,7.738,9.868,11.682
19.894,11.23,8.978,9.529,9.166,16.957
6.973,22.809,16.016,22.076,6.219,22.575
12.513,11.043,16.495,8.371,7.886,13.471
6.388,21.388,13.841,19.141,3.669,23.28
13.22,8.404,17.7,7.196,9.025,11.141
12.396,23.726,18.882,16.485,6.72,8.176
6.725,20.396,17.551,19.219,4.118,22.41
13.63,23.47,17.719,15.673,9.56,8.528
9.571,22.689,18.374,14.326,9.23,5.805
5.072,22.382,15.004,17.679,4.462,23.561
9.749,24.321,20.976,16.76,6.131,7.287
11.93,23.359,18.055,15.93,7.439,5.786
11.929,9.179,18.147,6.891,9.404,11.84
14.816,9.279,14.736,6.882,10.831,12.446
12.475,22.355,18.027,16.557,6.603,7.958
19.76,9.109,10.507,7.371,9.94,14.11
12.146,10.385,17.742,5.3,9.565,12.462
6.622,20.929,16.754,18.559,6.574,23.564
12.2,24.439,17.739,16.392,6.326,7.742
21.156,8.414,10.157,8.85,10.118,15.32
12.501,23.882,20.804,17.796,6.614,8.42
5.849,21.714,16.159,15.398,4.2,25.861
6.72,24.102,17.152,16.996,4.313,24.429
12.692,9.959,14.463,6.987,9.106,11.569
5.509,21.866,16.943,18.94,4.595,23.773
20.858,9.331,4.964,7.459,11.538,13.136
11.661,10.503,14.804,8.379,9.473,11.446
5.008,20.479,16.001,18.167,6.165,24.549
20.729,11.687,7.964,9.502,11.643,14.71
4.736,21.043,15.465,19.938,4.242,22.756
13.971,9.766,15.794,6.217,9.016,12.203
5.62,21.429,18.607,19.326,3.644,21.651
5.476,20.553,17.545,19.478,4.519,23.14
22.116,7.509,8.72,8.052,10.458,14.391
11.125,10.485,15.652,7.732,9.851,12.6
11.543,23.759,20.729,15.667,6.466,6.834
11.847,10.892,16.325,10.228,8.251,11.796
13.838,9.394,16.859,6.901,9.162,11.74
6.775,20.451,15.056,19.125,5.111,22.79
20.281,10.483,8.857,8.708,11.841,13.588
12.18,11.178,15.032,6.509,9.138,12.747
4.817,22.652,18.047,16.149,4.046,23.743
3.438,19.471,16.511,19.425,3.922,25.718
4.557,22.087,17.706,17.817,4.679,21.793
20.698,8.716,7.803,8.311,7.877,15.418
9.174,25.25,19.8,16.929,7.635,5.777
12.035,23.869,18.344,16.33,4.45,6.646
21.447,10.275,9.634,8.499,10.605,12.989
13.785,8.78,16.08,8.154,7.791,12.013
11.043,23.539,21.725,15.397,7.055,7.374
7.547,21.879,16.573,18.693,3.018,21.978
13.033,9.789,16.369,6.934,9.452,11.734
12.322,9.291,16.453,7.246,10.23,9.745
6.304,20.642,18.718,17.517,3.669,24.374
12.698,11.459,17.083,7.265,12.4,12.038
11.973,12.037,18.459,8.535,11.07,13.031
20.938,7.771,7.29,10.017,10.784,15.897
18.75,7.186,9.153,7.124,8.302,14.197
20.773,6.508,8.27,6.511,10.723,16.424
7.02,21.705,15.615,16.893,4.895,25.458
12.114,10.062,16.523,8.341,9.854,9.215
11.427,24.721,19.566,14.38,8.065,8.163
11.494,23.342,19.319,15.582,7.667,7.263
21.095,9.817,7.828,8.945,10.025,17.172
11.747,23.028,18.704,17.019,7.877,7.398
4.937,22.248,15.45,17.752,6.723,25.191
11.517,22.809,19.62,16.794,8.146,8.947
11.5,10.954,15.93,7.308,9.399,11.088
13.001,10.868,17.939,7.791,9.974,10.99
19.843,8.574,8.086,9.39,9.241,15.1
23.098,9.235,6.939,8.35,10.702,15.789
18.874,8.984,7.076,9.408,10.184,13.887
12.63,20.746,19.492,15.523,9.42,8.184
11.037,23.916,21.121,16.06,8.3,5.884
7.376,20.129,16.765,19.474,4.613,25.2
4.827,21.23,17.226,16.774,3.719,22.829
10.976,22.539,18.267,16.933,8.677,6.947
14.556,9.7,18.192,6.178,7.75,10.005
10.118,22.397,17.623,18.392,8.559,8.962
4.071,21.465,14.702,18.144,4.391,20.758
7.068,21.631,15.694,17.245,3.411,24.683
13.364,8.607,16.33,7.889,10.661,10.705
12.92,21.206,18.262,15.98,6.673,6.758
5.436,22.923,15.046,19.273,4.75,24.042
6.476,22.296,16.021,17.825,4.536,23.053
11.997,22.855,18.502,13.871,8.148,7.75
12.097,22.309,19.993,17.212,7.211,8.445
14.563,11.536,16.072,6.728,8.811,11.45
13.583,23.941,17.002,14.166,7.359,5.981
14.828,10.343,15.635,6.998,10.107,13.716
5.492,18.7,15.883,17.08,2.929,22.752
13.081,7.275,18.192,6.982,8.831,10.475
12.663,9.178,17.339,8.226,10.322,11.428
22.892,8.914,6.6,7.5,8.148,12.865
14.219,10.456,16.768,6.962,9.299,10.786
21.443,8.33,7.726,8.503,10.147,16.274
15.347,10.625,15.385,4.381,10.441,12.83
20.79,8.571,7.955,8.95,10.058,13.947
12.581,25.926,18.587,16.552,7.736,9.329
21.127,9.704,7.582,6.779,9.823,14.965
13.908,9.724,16.625,10.605,10.485,13.387
11.015,11.504,16.301,5.419,9.838,13.191
5.095,20.222,16.077,18.067,5.601,21.067
21.14,9.457,8.567,6.682,11.31,14.738
20.416,6.787,9.215,5.431,10.604,13.794
20.24,7.747,7.357,9.398,10.008,14.449
20.33,8.29,10.444,8.131,11.265,15.417
5.635,21.099,17.25,18.194,5.589,22.523
20.533,7.722,8.642,8.408,11.235,17.3
12.097,10.433,16.693,6.963,10.942,10.615
5.763,21.333,16.443,19.828,4.627,23.678
4.075,20.675,19.561,18.989,4.957,23.576
13.036,24.421,17.759,15.02,6.943,7.404
5.684,23.864,14.509,20.512,4.38,24.399
13.692,8.568,16.793,6.06,10.055,12.793
10.459,23.789,19.156,16.88,7.783,10.382
15.564,9.479,15.526,6.593,9.453,9.383
12.16,10.8,18.271,7.241,9.782,11.553
22.356,9.281,6.867,9.052,10.52,16.066
21.398,9.487,8.987,9.245,8.312,14.446
20.874,8.566,8.108,10.281,9.838,14.31
4.093,21.527,17.428,18.498,5.31,22.668
10.697,21.413,18.563,16.033,8.032,6.793
22.546,5.845,6.632,8.342,9.92,14.721
21.267,8.475,10.12,7.826,7.662,14.323
10.259,21.776,18.553,18.292,7.125,5.632
19.871,9.042,7.355,8.409,8.105,15.215
21.8,10.014,7.889,8.789,10.536,14.51
20.427,9.337,7.838,9.04,10.396,13.822
13.31,9.859,17.93,9.639,8.358,11.673
5.712,21.561,17.214,18.589,4.969,23.255
12.347,23.205,21.086,14.514,7.604,7.514
12.534,10.949,16.853,7.108,9.375,9.908
15.488,9.306,16.088,7.823,13.633,12.125
10.404,21.156,19.818,16.557,7.449,5.756
11.218,9.008,16.435,5.182,9.575,12.41
5.937,21.159,16.896,19.955,4.222,23.649
5.544,21.226,15.962,17.68,3.443,24.445
15.025,12.855,14.59,5.334,9.248,10.816
13.432,10.882,16.279,7.286,10.663,10.553
12.471,12.502,18.095,8.358,9.29,12.882
12.217,23.258,18.234,15.529,6.416,6.787
11.484,11.096,15.586,7.432,8.831,12.187
12.37,10.455,16.986,8.48,9.654,10.276
12.828,23.165,19.424,16.165,7.755,6.737
11.305,20.899,17.671,18.583,5.9,7.663
13.404,8.316,16.709,8.634,11.072,13.187
21.621,10.083,9.24,7.976,9.554,15.41
20.622,8.051,9.297,7.949,10.378,16.509
21.257,9.498,7.078,9.741,8.526,15.906
11.632,23.747,17.77,16.112,7.197,7.658
14.02,9.979,18.077,7.465,9.387,10.88
9.2,24.347,18.313,16.18,7.835,7.664
13.735,9.72,15.947,6.401,10.438,11.432
11.137,24.066,18.45,17.816,8.142,6.588
21.338,8.578,7.507,8.86,9.006,14.436
10.924,24.814,20.265,17.02,6.126,7.056
14.024,11.93,14.789,5.903,9.405,13.611
10.85,24.62,19.226,17.017,9.129,7.064
10.427,7.031,15.719,6.49,10.586,9.9
20.752,7.0,8.327,7.737,10.548,14.131
21.847,9.945,9.729,6.334,10.887,15.338
13.324,10.996,17.801,6.897,11.316,12.265
13.263,11.195,17.919,7.039,9.492,9.934
11.538,11.445,15.43,5.121,10.064,12.333
12.069,22.795,18.715,16.73,8.685,5.09
11.428,23.652,19.814,16.228,7.456,7.608
5.576,19.705,15.935,20.397,3.828,26.252
13.72,23.454,20.673,15.977,6.38,7.759
11.549,19.009,18.114,15.238,8.076,6.469
10.509,24.594,18.908,17.107,7.47,7.472
11.262,10.551,18.548,7.354,8.249,14.97
13.159,9.778,16.035,7.702,11.54,12.282
4.175,21.007,16.581,20.11,6.054,21.776
18.649,9.415,7.483,6.762,11.066,12.45
22.39,12.33,6.904,8.395,10.243,17.248
14.66,8.895,12.607,6.172,10.531,12.679
12.092,23.025,17.624,14.271,7.426,8.607
3.186,20.677,16.911,16.894,4.57,24.226
6.759,22.472,15.044,18.148,4.461,25.416
11.921,25.404,19.452,16.58,7.518,8.417
10.731,22.748,21.041,15.119,5.827,9.269
19.535,8.754,9.375,6.808,10.687,16.008
6.089,23.25,15.544,17.513,4.098,24.4
4.83,21.81,15.736,18.85,6.065,24.527
13.635,23.977,17.711,16.061,6.386,5.776
4.473,21.81,18.432,17.044,5.956,24.53
14.075,9.03,17.945,7.16,10.951,10.798
3.843,20.514,17.048,17.861,5.58,24.073
22.391,8.675,8.927,7.478,11.11,15.246
14.109,11.853,15.318,6.457,11.804,9.635
21.424,6.152,8.848,11.406,12.016,14.283
6.753,22.746,16.56,19.906,3.595,25.007
20.356,11.471,9.084,7.354,11.856,15.688
4.217,20.703,14.535,18.402,5.448,23.688
6.981,20.395,18.563,15.17,6.435,24.298
20.341,6.718,9.185,7.674,10.505,13.929
12.462,20.724,18.946,16.479,7.103,8.985
5.177,22.036,15.226,16.118,4.268,21.997
13.051,23.0,19.175,14.712,7.603,8.034
6.037,19.921,16.113,21.066,4.205,25.531
7.718,19.763,13.678,17.6,5.58,22.447
4.041,24.888,17.613,19.185,4.817,24.042
11.67,23.85,19.153,15.398,6.829,6.076
14.318,10.765,16.635,8.379,10.359,11.376
11.496,22.734,19.021,16.819,8.46,7.102
11.63,22.704,17.834,17.725,9.193,8.858
21.703,6.645,6.854,6.794,12.13,16.319
11.91,20.667,18.68,15.267,7.647,11.018
11.941,9.709,16.205,7.401,11.309,12.882
12.277,22.089,19.737,16.8,6.152,6.495
12.817,11.016,16.97,7.019,9.654,10.912
20.18,10.29,8.246,8.843,10.256,12.547
11.226,22.171,18.745,16.879,7.425,7.804
21.458,8.853,8.069,8.183,11.82,13.365
21.898,8.697,7.71,7.336,9.299,15.793
4.974,19.15,18.633,17.353,6.631,23.76
9.754,22.859,17.074,14.498,6.235,6.329
13.131,9.442,13.476,6.306,11.451,11.731
12.824,11.038,17.961,7.096,8.142,12.515
19.831,9.169,8.961,8.816,12.998,14.11
13.157,21.239,19.447,15.957,7.572,7.987
11.844,23.136,19.353,17.189,8.167,7.038
11.74,23.736,20.025,16.294,8.179,9.402
3.536,20.664,18.984,18.763,4.517,25.89
12.562,9.885,17.985,9.041,8.08,11.088
6.219,23.106,15.878,18.315,4.532,23.931
11.573,22.964,19.315,15.541,7.536,7.036
11.601,24.648,19.385,16.367,8.524,7.523
21.043,10.179,8.413,8.557,9.833,14.046
21.095,7.551,7.381,9.632,12.9,15.195
4.738,21.839,15.875,18.979,4.666,23.952
11.31,22.197,18.894,15.242,7.634,8.794
11.053,23.449,19.362,15.098,7.461,5.677
14.359,11.214,15.478,7.854,11.004,13.69
4.484,21.348,18.428,19.419,6.02,25.415
12.491,22.933,18.333,17.313,7.472,8.056
19.84,6.825,7.632,7.244,10.382,15.437
4.805,21.516,17.634,17.047,4.233,22.812
7.676,23.353,14.133,16.943,3.796,22.311
5.135,20.3,16.668,18.723,4.34,23.892
12.358,12.162,15.895,7.662,9.176,11.645
13.775,22.726,19.596,14.544,7.208,7.786
9.551,21.174,19.15,17.324,5.495,7.976
3.28,20.558,16.175,18.24,4.068,23.617
6.025,20.972,15.17,17.666,2.229,25.338
